Language Name,Character,Unicode Hex,Character Variant,Character Variant Unicode Hex
"Anishinaabemowin","ᐁ","U+1401","",""
"Anishinaabemowin","ᐃ","U+1403","",""
"Anishinaabemowin","ᐅ","U+1405","",""
"Anishinaabemowin","ᐊ","U+140A","",""
"Anishinaabemowin","ᐄ","U+1404","",""
"Anishinaabemowin","ᐆ","U+1406","",""
"Anishinaabemowin","ᐋ","U+140B","",""
"Anishinaabemowin","ᐯ","U+142F","",""
"Anishinaabemowin","ᐱ","U+1431","",""
"Anishinaabemowin","ᐳ","U+1433","",""
"Anishinaabemowin","ᐸ","U+1438","",""
"Anishinaabemowin","ᐲ","U+1432","",""
"Anishinaabemowin","ᐴ","U+1434","",""
"Anishinaabemowin","ᐹ","U+1439","",""
"Anishinaabemowin","ᑉ","U+1449","",""
"Anishinaabemowin","ᑌ","U+144C","",""
"Anishinaabemowin","ᑎ","U+144E","",""
"Anishinaabemowin","ᑐ","U+1450","",""
"Anishinaabemowin","ᑕ","U+1455","",""
"Anishinaabemowin","ᑏ","U+144F","",""
"Anishinaabemowin","ᑑ","U+1451","",""
"Anishinaabemowin","ᑖ","U+1456","",""
"Anishinaabemowin","ᑦ","U+1466","",""
"Anishinaabemowin","ᑫ","U+146B","",""
"Anishinaabemowin","ᑭ","U+146D","",""
"Anishinaabemowin","ᑯ","U+146F","",""
"Anishinaabemowin","ᑲ","U+1472","",""
"Anishinaabemowin","ᑮ","U+146E","",""
"Anishinaabemowin","ᑰ","U+1470","",""
"Anishinaabemowin","ᑳ","U+1473","",""
"Anishinaabemowin","ᒃ","U+1483","",""
"Anishinaabemowin","ᒉ","U+1489","",""
"Anishinaabemowin","ᒋ","U+148B","",""
"Anishinaabemowin","ᒍ","U+148D","",""
"Anishinaabemowin","ᒐ","U+1490","",""
"Anishinaabemowin","ᒌ","U+148C","",""
"Anishinaabemowin","ᒎ","U+148E","",""
"Anishinaabemowin","ᒑ","U+1491","",""
"Anishinaabemowin","ᒡ","U+14A1","",""
"Anishinaabemowin","ᒣ","U+14A3","",""
"Anishinaabemowin","ᒥ","U+14A5","",""
"Anishinaabemowin","ᒧ","U+14A7","",""
"Anishinaabemowin","ᒪ","U+14AA","",""
"Anishinaabemowin","ᒦ","U+14A6","",""
"Anishinaabemowin","ᒨ","U+14A8","",""
"Anishinaabemowin","ᒫ","U+14AB","",""
"Anishinaabemowin","ᒻ","U+14BB","",""
"Anishinaabemowin","ᓀ","U+14C0","",""
"Anishinaabemowin","ᓂ","U+14C2","",""
"Anishinaabemowin","ᓄ","U+14C4","",""
"Anishinaabemowin","ᓇ","U+14C7","",""
"Anishinaabemowin","ᓃ","U+14C3","",""
"Anishinaabemowin","ᓅ","U+14C5","",""
"Anishinaabemowin","ᓈ","U+14C8","",""
"Anishinaabemowin","ᓐ","U+14D0","",""
"Anishinaabemowin","ᓭ","U+14ED","",""
"Anishinaabemowin","ᓯ","U+14EF","",""
"Anishinaabemowin","ᓱ","U+14F1","",""
"Anishinaabemowin","ᓴ","U+14F4","",""
"Anishinaabemowin","ᓰ","U+14F0","",""
"Anishinaabemowin","ᓲ","U+14F2","",""
"Anishinaabemowin","ᓵ","U+14F5","",""
"Anishinaabemowin","ᔅ","U+1505","",""
"Anishinaabemowin","ᔐ","U+1510","",""
"Anishinaabemowin","ᔑ","U+1511","",""
"Anishinaabemowin","ᔓ","U+1513","",""
"Anishinaabemowin","ᔕ","U+1515","",""
"Anishinaabemowin","ᔒ","U+1512","",""
"Anishinaabemowin","ᔔ","U+1514","",""
"Anishinaabemowin","ᔖ","U+1516","",""
"Anishinaabemowin","ᔥ","U+1525","",""
"Anishinaabemowin","ᔦ","U+1526","",""
"Anishinaabemowin","ᔨ","U+1528","",""
"Anishinaabemowin","ᔪ","U+152A","",""
"Anishinaabemowin","ᔭ","U+152D","",""
"Anishinaabemowin","ᔩ","U+1529","",""
"Anishinaabemowin","ᔫ","U+152B","",""
"Anishinaabemowin","ᔮ","U+152E","",""
"Anishinaabemowin","ᔾ","U+153E","",""
"Anishinaabemowin","ᐧᐁ","U+1427 U+1401","",""
"Anishinaabemowin","ᐧᐃ","U+1427 U+1403","",""
"Anishinaabemowin","ᐧᐅ","U+1427 U+1405","",""
"Anishinaabemowin","ᐧᐊ","U+1427 U+140A","",""
"Anishinaabemowin","ᐧᐄ","U+1427 U+1404","",""
"Anishinaabemowin","ᐧᐆ","U+1427 U+1406","",""
"Anishinaabemowin","ᐧᐋ","U+1427 U+140B","",""
"Anishinaabemowin","ᐤ","U+1424","",""
"Anishinaabemowin","ᐦ","U+1426","",""
"Dakelh","a","U+0061","",""
"Dakelh","’a","U+2019 U+0061","",""
"Dakelh","a’","U+0061 U+2019","",""
"Dakelh","’a’","U+2019 U+0061 U+2019","",""
"Dakelh","b","U+0062","",""
"Dakelh","ch","U+0063 U+0068","",""
"Dakelh","ch’","U+0063 U+0068 U+2019","",""
"Dakelh","d","U+0064","",""
"Dakelh","dl","U+0064 U+006C","",""
"Dakelh","dz","U+0064 U+007A","",""
"Dakelh","d̲z̲","U+0064 U+0332 U+007A U+0332","",""
"Dakelh","e","U+0065","",""
"Dakelh","’e","U+2019 U+0065","",""
"Dakelh","e’","U+0065 U+2019","",""
"Dakelh","’e’","U+2019 U+0065 U+2019","",""
"Dakelh","g","U+0067","",""
"Dakelh","gh","U+0067 U+0068","",""
"Dakelh","gw","U+0067 U+0077","",""
"Dakelh","h","U+0068","",""
"Dakelh","i","U+0069","",""
"Dakelh","’i","U+2019 U+0069","",""
"Dakelh","i’","U+0069 U+2019","",""
"Dakelh","’i’","U+2019 U+0069 U+2019","",""
"Dakelh","j","U+006A","",""
"Dakelh","k","U+006B","",""
"Dakelh","k’","U+006B U+2019","",""
"Dakelh","kh","U+006B U+0068","",""
"Dakelh","kw","U+006B U+0077","",""
"Dakelh","kw’","U+006B U+0077 U+2019","",""
"Dakelh","l","U+006C","",""
"Dakelh","lh","U+006C U+0068","",""
"Dakelh","m","U+006D","",""
"Dakelh","n","U+006E","",""
"Dakelh","o","U+006F","",""
"Dakelh","’o","U+2019 U+006F","",""
"Dakelh","o’","U+006F U+2019","",""
"Dakelh","’o’","U+2019 U+006F U+2019","",""
"Dakelh","oo","U+006F U+006F","",""
"Dakelh","’oo","U+2019 U+006F U+006F","",""
"Dakelh","oo’","U+006F U+006F U+2019","",""
"Dakelh","’oo’","U+2019 U+006F U+006F U+2019","",""
"Dakelh","s","U+0073","",""
"Dakelh","s̲","U+0073 U+0332","",""
"Dakelh","sh","U+0073 U+0068","",""
"Dakelh","t","U+0074","",""
"Dakelh","t’","U+0074 U+2019","",""
"Dakelh","tl","U+0074 U+006C","",""
"Dakelh","tl’","U+0074 U+006C U+2019","",""
"Dakelh","ts","U+0074 U+0073","",""
"Dakelh","ts’","U+0074 U+0073 U+2019","",""
"Dakelh","t̲s̲","U+0074 U+0332 U+0073 U+0332","",""
"Dakelh","u","U+0075","",""
"Dakelh","’u","U+2019 U+0075","",""
"Dakelh","u’","U+0075 U+2019","",""
"Dakelh","’u’","U+2019 U+0075 U+2019","",""
"Dakelh","ai","U+0061 U+0069","",""
"Dakelh","’ai","U+2019 U+0061 U+0069","",""
"Dakelh","ai’","U+0061 U+0069 U+2019","",""
"Dakelh","’ai’","U+2019 U+0061 U+0069 U+2019","",""
"Dakelh","w","U+0077","",""
"Dakelh","wh","U+0077 U+0068","",""
"Dakelh","y","U+0079","",""
"Dakelh","z","U+007A","",""
"Dakelh","ng","U+006E U+0067","",""
"Dakelh","u̲","U+0075 U+0332","",""
"Dakelh","z̲","U+007A U+0332","",""
"Dakelh","’","U+2019","",""
"Dakelh","'a","U+0027 U+0061","",""
"Dakelh","ch'","U+0063 U+0068 U+0027","",""
"Dakelh","'e","U+0027 U+0065","",""
"Dakelh","'i","U+0027 U+0069","",""
"Dakelh","k'","U+006B U+0027","",""
"Dakelh","kw'","U+006B U+0077 U+0027","",""
"Dakelh","'o","U+0027 U+006F","",""
"Dakelh","t'","U+0074 U+0027","",""
"Dakelh","tl'","U+0074 U+006C U+0027","",""
"Dakelh","ts'","U+0074 U+0073 U+0027","",""
"Dakelh","t̲s̲'","U+0074 U+0332 U+0073 U+0332 U+0027","",""
"Dakelh","'u","U+0027 U+0075","",""
"Dakelh","ẕ","U+1E95","",""
"Dakelh","'","U+0027","",""
"Dakelh","t̲s̲’","U+0074 U+0332 U+0073 U+0332 U+2019","",""
"Dakelh","a","U+0061","A","U+0041"
"Dakelh","b","U+0062","B","U+0042"
"Dakelh","ch","U+0063 U+0068","Ch","U+0043 U+0068"
"Dakelh","ch'","U+0063 U+0068 U+0027","Ch'","U+0043 U+0068 U+0027"
"Dakelh","d","U+0064","D","U+0044"
"Dakelh","dl","U+0064 U+006C","Dl","U+0044 U+006C"
"Dakelh","dz","U+0064 U+007A","Dz","U+0044 U+007A"
"Dakelh","e","U+0065","E","U+0045"
"Dakelh","g","U+0067","G","U+0047"
"Dakelh","gh","U+0067 U+0068","Gh","U+0047 U+0068"
"Dakelh","gw","U+0067 U+0077","Gw","U+0047 U+0077"
"Dakelh","h","U+0068","H","U+0048"
"Dakelh","i","U+0069","I","U+0049"
"Dakelh","j","U+006A","J","U+004A"
"Dakelh","k","U+006B","K","U+004B"
"Dakelh","k'","U+006B U+0027","K'","U+004B U+0027"
"Dakelh","kh","U+006B U+0068","Kh","U+004B U+0068"
"Dakelh","kw","U+006B U+0077","Kw","U+004B U+0077"
"Dakelh","kw'","U+006B U+0077 U+0027","Kw'","U+004B U+0077 U+0027"
"Dakelh","l","U+006C","L","U+004C"
"Dakelh","lh","U+006C U+0068","Lh","U+004C U+0068"
"Dakelh","m","U+006D","M","U+004D"
"Dakelh","n","U+006E","N","U+004E"
"Dakelh","o","U+006F","O","U+004F"
"Dakelh","oo","U+006F U+006F","Oo","U+004F U+006F"
"Dakelh","s","U+0073","S","U+0053"
"Dakelh","sh","U+0073 U+0068","Sh","U+0053 U+0068"
"Dakelh","t","U+0074","T","U+0054"
"Dakelh","t'","U+0074 U+0027","T'","U+0054 U+0027"
"Dakelh","tl","U+0074 U+006C","Tl","U+0054 U+006C"
"Dakelh","tl'","U+0074 U+006C U+0027","Tl'","U+0054 U+006C U+0027"
"Dakelh","ts","U+0074 U+0073","Ts","U+0054 U+0073"
"Dakelh","ts'","U+0074 U+0073 U+0027","Ts'","U+0054 U+0073 U+0027"
"Dakelh","u","U+0075","U","U+0055"
"Dakelh","w","U+0077","W","U+0057"
"Dakelh","wh","U+0077 U+0068","Wh","U+0057 U+0068"
"Dakelh","y","U+0079","Y","U+0059"
"Dakelh","z","U+007A","Z","U+005A"
"Dane-Ẕaa","a","U+0061","",""
"Dane-Ẕaa","ą","U+0105","",""
"Dane-Ẕaa","aa","U+0061 U+0061","",""
"Dane-Ẕaa","ąą","U+0105 U+0105","",""
"Dane-Ẕaa","ae","U+0061 U+0065","",""
"Dane-Ẕaa","ai","U+0061 U+0069","",""
"Dane-Ẕaa","b","U+0062","",""
"Dane-Ẕaa","ch","U+0063 U+0068","",""
"Dane-Ẕaa","ch’","U+0063 U+0068 U+2019","",""
"Dane-Ẕaa","d","U+0064","",""
"Dane-Ẕaa","dl","U+0064 U+006C","",""
"Dane-Ẕaa","dz","U+0064 U+007A","",""
"Dane-Ẕaa","d̲z̲","U+0064 U+0332 U+007A U+0332","",""
"Dane-Ẕaa","e","U+0065","",""
"Dane-Ẕaa","ę","U+0119","",""
"Dane-Ẕaa","ea","U+0065 U+0061","",""
"Dane-Ẕaa","ęą","U+0119 U+0105","",""
"Dane-Ẕaa","g","U+0067","",""
"Dane-Ẕaa","gh","U+0067 U+0068","",""
"Dane-Ẕaa","h","U+0068","",""
"Dane-Ẕaa","i","U+0069","",""
"Dane-Ẕaa","ii","U+0069 U+0069","",""
"Dane-Ẕaa","j","U+006A","",""
"Dane-Ẕaa","k","U+006B","",""
"Dane-Ẕaa","k’","U+006B U+2019","",""
"Dane-Ẕaa","l","U+006C","",""
"Dane-Ẕaa","lh","U+006C U+0068","",""
"Dane-Ẕaa","m","U+006D","",""
"Dane-Ẕaa","n","U+006E","",""
"Dane-Ẕaa","o","U+006F","",""
"Dane-Ẕaa","ǫ","U+01EB","",""
"Dane-Ẕaa","s","U+0073","",""
"Dane-Ẕaa","s̲","U+0073 U+0332","",""
"Dane-Ẕaa","sh","U+0073 U+0068","",""
"Dane-Ẕaa","t","U+0074","",""
"Dane-Ẕaa","t’","U+0074 U+2019","",""
"Dane-Ẕaa","tl","U+0074 U+006C","",""
"Dane-Ẕaa","tl’","U+0074 U+006C U+2019","",""
"Dane-Ẕaa","ts","U+0074 U+0073","",""
"Dane-Ẕaa","ts’","U+0074 U+0073 U+2019","",""
"Dane-Ẕaa","t̲s̲","U+0074 U+0332 U+0073 U+0332","",""
"Dane-Ẕaa","t̲s̲’","U+0074 U+0332 U+0073 U+0332 U+2019","",""
"Dane-Ẕaa","u","U+0075","",""
"Dane-Ẕaa","uu","U+0075 U+0075","",""
"Dane-Ẕaa","w","U+0077","",""
"Dane-Ẕaa","wą","U+0077 U+0105","",""
"Dane-Ẕaa","waa","U+0077 U+0061 U+0061","",""
"Dane-Ẕaa","wąą","U+0077 U+0105 U+0105","",""
"Dane-Ẕaa","we","U+0077 U+0065","",""
"Dane-Ẕaa","wea","U+0077 U+0065 U+0061","",""
"Dane-Ẕaa","węą","U+0077 U+0119 U+0105","",""
"Dane-Ẕaa","wi","U+0077 U+0069","",""
"Dane-Ẕaa","wii","U+0077 U+0069 U+0069","",""
"Dane-Ẕaa","y","U+0079","",""
"Dane-Ẕaa","z","U+007A","",""
"Dane-Ẕaa","z̲","U+007A U+0332","",""
"Dane-Ẕaa","zh","U+007A U+0068","",""
"Dane-Ẕaa","ʔ","U+0294","",""
"Danezāgéʼ","a","U+0061","",""
"Danezāgéʼ","á","U+00E1","",""
"Danezāgéʼ","ą","U+0105","",""
"Danezāgéʼ","ą́","U+0105 U+0301","",""
"Danezāgéʼ","ā","U+0101","",""
"Danezāgéʼ","ā́","U+0101 U+0301","",""
"Danezāgéʼ","â","U+00E2","",""
"Danezāgéʼ","ǎ","U+01CE","",""
"Danezāgéʼ","ą̄","U+0105 U+0304","",""
"Danezāgéʼ","ą̄́","U+0105 U+0304 U+0301","",""
"Danezāgéʼ","ą̂","U+0105 U+0302","",""
"Danezāgéʼ","ą̌","U+0105 U+030C","",""
"Danezāgéʼ","b","U+0062","",""
"Danezāgéʼ","ch","U+0063 U+0068","",""
"Danezāgéʼ","chʼ","U+0063 U+0068 U+02BC","",""
"Danezāgéʼ","d","U+0064","",""
"Danezāgéʼ","dl","U+0064 U+006C","",""
"Danezāgéʼ","dz","U+0064 U+007A","",""
"Danezāgéʼ","e","U+0065","",""
"Danezāgéʼ","é","U+00E9","",""
"Danezāgéʼ","ę","U+0119","",""
"Danezāgéʼ","ę́","U+0119 U+0301","",""
"Danezāgéʼ","ē","U+0113","",""
"Danezāgéʼ","ḗ","U+1E17","",""
"Danezāgéʼ","ê","U+00EA","",""
"Danezāgéʼ","ě","U+011B","",""
"Danezāgéʼ","ę̄","U+0119 U+0304","",""
"Danezāgéʼ","ę̄́","U+0119 U+0304 U+0301","",""
"Danezāgéʼ","ę̂","U+0119 U+0302","",""
"Danezāgéʼ","ę̌","U+0119 U+030C","",""
"Danezāgéʼ","f","U+0066","",""
"Danezāgéʼ","g","U+0067","",""
"Danezāgéʼ","gh","U+0067 U+0068","",""
"Danezāgéʼ","h","U+0068","",""
"Danezāgéʼ","i","U+0069","",""
"Danezāgéʼ","í","U+00ED","",""
"Danezāgéʼ","į","U+012F","",""
"Danezāgéʼ","į́","U+012F U+0301","",""
"Danezāgéʼ","ī","U+012B","",""
"Danezāgéʼ","ī́","U+012B U+0301","",""
"Danezāgéʼ","î","U+00EE","",""
"Danezāgéʼ","ǐ","U+01D0","",""
"Danezāgéʼ","į̄","U+012F U+0304","",""
"Danezāgéʼ","į̄́","U+012F U+0304 U+0301","",""
"Danezāgéʼ","į̂","U+012F U+0302","",""
"Danezāgéʼ","į̌","U+012F U+030C","",""
"Danezāgéʼ","j","U+006A","",""
"Danezāgéʼ","k","U+006B","",""
"Danezāgéʼ","kʼ","U+006B U+02BC","",""
"Danezāgéʼ","l","U+006C","",""
"Danezāgéʼ","ł","U+0142","",""
"Danezāgéʼ","m","U+006D","",""
"Danezāgéʼ","n","U+006E","",""
"Danezāgéʼ","o","U+006F","",""
"Danezāgéʼ","ó","U+00F3","",""
"Danezāgéʼ","ǫ","U+01EB","",""
"Danezāgéʼ","ǫ́","U+01EB U+0301","",""
"Danezāgéʼ","ō","U+014D","",""
"Danezāgéʼ","ṓ","U+1E53","",""
"Danezāgéʼ","ô","U+00F4","",""
"Danezāgéʼ","ǒ","U+01D2","",""
"Danezāgéʼ","ǭ","U+01ED","",""
"Danezāgéʼ","ǭ́","U+01ED U+0301","",""
"Danezāgéʼ","ǫ̂","U+01EB U+0302","",""
"Danezāgéʼ","ǫ̌","U+01EB U+030C","",""
"Danezāgéʼ","p","U+0070","",""
"Danezāgéʼ","r","U+0072","",""
"Danezāgéʼ","s","U+0073","",""
"Danezāgéʼ","sh","U+0073 U+0068","",""
"Danezāgéʼ","t","U+0074","",""
"Danezāgéʼ","tʼ","U+0074 U+02BC","",""
"Danezāgéʼ","tl","U+0074 U+006C","",""
"Danezāgéʼ","tlʼ","U+0074 U+006C U+02BC","",""
"Danezāgéʼ","ts","U+0074 U+0073","",""
"Danezāgéʼ","tsʼ","U+0074 U+0073 U+02BC","",""
"Danezāgéʼ","u","U+0075","",""
"Danezāgéʼ","ú","U+00FA","",""
"Danezāgéʼ","ų","U+0173","",""
"Danezāgéʼ","ų́","U+0173 U+0301","",""
"Danezāgéʼ","ū","U+016B","",""
"Danezāgéʼ","ū́","U+016B U+0301","",""
"Danezāgéʼ","û","U+00FB","",""
"Danezāgéʼ","ǔ","U+01D4","",""
"Danezāgéʼ","ų̄","U+0173 U+0304","",""
"Danezāgéʼ","ų̄́","U+0173 U+0304 U+0301","",""
"Danezāgéʼ","ų̂","U+0173 U+0302","",""
"Danezāgéʼ","ų̌","U+0173 U+030C","",""
"Danezāgéʼ","y","U+0079","",""
"Danezāgéʼ","ÿ","U+00FF","",""
"Danezāgéʼ","z","U+007A","",""
"Danezāgéʼ","ʼ","U+02BC","",""
"Dene Kʼe","ɂ","U+0242","Ɂ","U+0241"
"Dene Kʼe","a","U+0061","",""
"Dene Kʼe","á","U+00E1","",""
"Dene Kʼe","ą","U+0105","",""
"Dene Kʼe","ą́","U+0105 U+0301","",""
"Dene Kʼe","b","U+0062","B","U+0042"
"Dene Kʼe","ch'","U+0063 U+0068 U+0027","Ch'","U+0043 U+0068 U+0027"
"Dene Kʼe","d","U+0064","D","U+0044"
"Dene Kʼe","dl","U+0064 U+006C","Dl","U+0044 U+006C"
"Dene Kʼe","dz","U+0064 U+007A","Dz","U+0044 U+007A"
"Dene Kʼe","e","U+0065","",""
"Dene Kʼe","é","U+00E9","",""
"Dene Kʼe","ę","U+0119","",""
"Dene Kʼe","ǝ","U+01DD","",""
"Dene Kʼe","ǝ́","U+01DD U+0301","",""
"Dene Kʼe","f","U+0066","F","U+0046"
"Dene Kʼe","g","U+0067","G","U+0047"
"Dene Kʼe","gh","U+0067 U+0068","Gh","U+0047 U+0068"
"Dene Kʼe","gw","U+0067 U+0077","Gw","U+0047 U+0077"
"Dene Kʼe","h","U+0068","H","U+0048"
"Dene Kʼe","ı","U+0131","",""
"Dene Kʼe","ı́","U+0131 U+0301","",""
"Dene Kʼe","ı̨","U+0131 U+0328","",""
"Dene Kʼe","ı̨́","U+0131 U+0328 U+0301","",""
"Dene Kʼe","j","U+006A","J","U+004A"
"Dene Kʼe","k","U+006B","K","U+004B"
"Dene Kʼe","k'","U+006B U+0027","K'","U+004B U+0027"
"Dene Kʼe","l","U+006C","L","U+004C"
"Dene Kʼe","ł","U+0142","Ł","U+0141"
"Dene Kʼe","m","U+006D","M","U+004D"
"Dene Kʼe","n","U+006E","N","U+004E"
"Dene Kʼe","o","U+006F","",""
"Dene Kʼe","ó","U+00F3","",""
"Dene Kʼe","ǫ","U+01EB","",""
"Dene Kʼe","ǫ́","U+01EB U+0301","",""
"Dene Kʼe","r","U+0072","R","U+0052"
"Dene Kʼe","s","U+0073","S","U+0053"
"Dene Kʼe","sh","U+0073 U+0068","Sh","U+0053 U+0068"
"Dene Kʼe","tł'","U+0074 U+0142 U+0027","Tł'","U+0054 U+0142 U+0027"
"Dene Kʼe","t","U+0074","T","U+0054"
"Dene Kʼe","t'","U+0074 U+0027","T'","U+0054 U+0027"
"Dene Kʼe","ts'","U+0074 U+0073 U+0027","Ts'","U+0054 U+0073 U+0027"
"Dene Kʼe","u","U+0075","",""
"Dene Kʼe","ú","U+00FA","",""
"Dene Kʼe","ų","U+0173","",""
"Dene Kʼe","w","U+0077","W","U+0057"
"Dene Kʼe","w'","U+0077 U+0027","W'","U+0057 U+0027"
"Dene Kʼe","x","U+0078","X","U+0058"
"Dene Kʼe","y","U+0079","Y","U+0059"
"Dene Kʼe","z","U+007A","Z","U+005A"
"Dene Kʼe","zh","U+007A U+0068","Zh","U+005A U+0068"
"diitiidʔaaʔtx̣","a","U+0061","",""
"diitiidʔaaʔtx̣","aa","U+0061 U+0061","",""
"diitiidʔaaʔtx̣","b","U+0062","",""
"diitiidʔaaʔtx̣","b̓","U+0062 U+0313","",""
"diitiidʔaaʔtx̣","c","U+0063","",""
"diitiidʔaaʔtx̣","c̓","U+0063 U+0313","",""
"diitiidʔaaʔtx̣","č","U+010D","",""
"diitiidʔaaʔtx̣","č̓","U+010D U+0313","",""
"diitiidʔaaʔtx̣","d","U+0064","",""
"diitiidʔaaʔtx̣","d̓","U+0064 U+0313","",""
"diitiidʔaaʔtx̣","e","U+0065","",""
"diitiidʔaaʔtx̣","ee","U+0065 U+0065","",""
"diitiidʔaaʔtx̣","h","U+0068","",""
"diitiidʔaaʔtx̣","i","U+0069","",""
"diitiidʔaaʔtx̣","ii","U+0069 U+0069","",""
"diitiidʔaaʔtx̣","k","U+006B","",""
"diitiidʔaaʔtx̣","kʷ","U+006B U+02B7","",""
"diitiidʔaaʔtx̣","k̓","U+006B U+0313","",""
"diitiidʔaaʔtx̣","k̓ʷ","U+006B U+0313 U+02B7","",""
"diitiidʔaaʔtx̣","l","U+006C","",""
"diitiidʔaaʔtx̣","l̓","U+006C U+0313","",""
"diitiidʔaaʔtx̣","ł","U+0142","",""
"diitiidʔaaʔtx̣","ƛ","U+019B","",""
"diitiidʔaaʔtx̣","ƛ̓","U+019B U+0313","",""
"diitiidʔaaʔtx̣","m","U+006D","",""
"diitiidʔaaʔtx̣","m̓","U+006D U+0313","",""
"diitiidʔaaʔtx̣","n","U+006E","",""
"diitiidʔaaʔtx̣","n̓","U+006E U+0313","",""
"diitiidʔaaʔtx̣","o","U+006F","",""
"diitiidʔaaʔtx̣","oo","U+006F U+006F","",""
"diitiidʔaaʔtx̣","p","U+0070","",""
"diitiidʔaaʔtx̣","p̓","U+0070 U+0313","",""
"diitiidʔaaʔtx̣","q","U+0071","",""
"diitiidʔaaʔtx̣","qʷ","U+0071 U+02B7","",""
"diitiidʔaaʔtx̣","q̓","U+0071 U+0313","",""
"diitiidʔaaʔtx̣","q̓ʷ","U+0071 U+0313 U+02B7","",""
"diitiidʔaaʔtx̣","s","U+0073","",""
"diitiidʔaaʔtx̣","š","U+0161","",""
"diitiidʔaaʔtx̣","t","U+0074","",""
"diitiidʔaaʔtx̣","t̓","U+0074 U+0313","",""
"diitiidʔaaʔtx̣","u","U+0075","",""
"diitiidʔaaʔtx̣","uu","U+0075 U+0075","",""
"diitiidʔaaʔtx̣","w","U+0077","",""
"diitiidʔaaʔtx̣","w̓","U+0077 U+0313","",""
"diitiidʔaaʔtx̣","x","U+0078","",""
"diitiidʔaaʔtx̣","xʷ","U+0078 U+02B7","",""
"diitiidʔaaʔtx̣","x̣","U+0078 U+0323","",""
"diitiidʔaaʔtx̣","x̣ʷ","U+0078 U+0323 U+02B7","",""
"diitiidʔaaʔtx̣","y","U+0079","",""
"diitiidʔaaʔtx̣","y̓","U+0079 U+0313","",""
"diitiidʔaaʔtx̣","ʔ","U+0294","",""
"diitiidʔaaʔtx̣","ʕ","U+0295","",""
"Éy7á7juuthem","a","U+0061","",""
"Éy7á7juuthem","aw","U+0061 U+0077","",""
"Éy7á7juuthem","ay","U+0061 U+0079","",""
"Éy7á7juuthem","č","U+010D","",""
"Éy7á7juuthem","č̓","U+010D U+0313","",""
"Éy7á7juuthem","e","U+0065","",""
"Éy7á7juuthem","ɛ","U+025B","",""
"Éy7á7juuthem","ə","U+0259","",""
"Éy7á7juuthem","əw","U+0259 U+0077","",""
"Éy7á7juuthem","əy","U+0259 U+0079","",""
"Éy7á7juuthem","g","U+0067","",""
"Éy7á7juuthem","h","U+0068","",""
"Éy7á7juuthem","i","U+0069","",""
"Éy7á7juuthem","ɩ","U+0269","",""
"Éy7á7juuthem","ǰ","U+01F0","",""
"Éy7á7juuthem","k","U+006B","",""
"Éy7á7juuthem","k̓","U+006B U+0313","",""
"Éy7á7juuthem","kʷ","U+006B U+02B7","",""
"Éy7á7juuthem","k̓ʷ","U+006B U+0313 U+02B7","",""
"Éy7á7juuthem","l","U+006C","",""
"Éy7á7juuthem","l̓","U+006C U+0313","",""
"Éy7á7juuthem","ɬ","U+026C","",""
"Éy7á7juuthem","ƛ","U+019B","",""
"Éy7á7juuthem","ƛ̓","U+019B U+0313","",""
"Éy7á7juuthem","m","U+006D","",""
"Éy7á7juuthem","m̓","U+006D U+0313","",""
"Éy7á7juuthem","n","U+006E","",""
"Éy7á7juuthem","n̓","U+006E U+0313","",""
"Éy7á7juuthem","o","U+006F","",""
"Éy7á7juuthem","p","U+0070","",""
"Éy7á7juuthem","p̓","U+0070 U+0313","",""
"Éy7á7juuthem","q","U+0071","",""
"Éy7á7juuthem","q̓","U+0071 U+0313","",""
"Éy7á7juuthem","qʷ","U+0071 U+02B7","",""
"Éy7á7juuthem","q̓ʷ","U+0071 U+0313 U+02B7","",""
"Éy7á7juuthem","s","U+0073","",""
"Éy7á7juuthem","š","U+0161","",""
"Éy7á7juuthem","t","U+0074","",""
"Éy7á7juuthem","t̓","U+0074 U+0313","",""
"Éy7á7juuthem","θ","U+03B8","",""
"Éy7á7juuthem","tᶿ","U+0074 U+1DBF","",""
"Éy7á7juuthem","t̓ᶿ","U+0074 U+0313 U+1DBF","",""
"Éy7á7juuthem","u","U+0075","",""
"Éy7á7juuthem","ʊ","U+028A","",""
"Éy7á7juuthem","w","U+0077","",""
"Éy7á7juuthem","w̓","U+0077 U+0313","",""
"Éy7á7juuthem","χ","U+03C7","",""
"Éy7á7juuthem","χʷ","U+03C7 U+02B7","",""
"Éy7á7juuthem","xʷ","U+0078 U+02B7","",""
"Éy7á7juuthem","y","U+0079","",""
"Éy7á7juuthem","y̓","U+0079 U+0313","",""
"Éy7á7juuthem","ʔ","U+0294","",""
"Éy7á7juuthem","æ","U+00E6","",""
"Éy7á7juuthem","ɔ","U+0254","",""
"Éy7á7juuthem","gʸ","U+0067 U+02B8","",""
"Éy7á7juuthem","kʸ","U+006B U+02B8","",""
"Éy7á7juuthem","k̓ʸ","U+006B U+0313 U+02B8","",""
"Éy7á7juuthem","ɔy","U+0254 U+0079","",""
"Gitxsanimx̱-Gitsenimx̱-Gyaanimx̱","a","U+0061","A","U+0041"
"Gitxsanimx̱-Gitsenimx̱-Gyaanimx̱","aa","U+0061 U+0061","Aa","U+0041 U+0061"
"Gitxsanimx̱-Gitsenimx̱-Gyaanimx̱","b","U+0062","B","U+0042"
"Gitxsanimx̱-Gitsenimx̱-Gyaanimx̱","d","U+0064","D","U+0044"
"Gitxsanimx̱-Gitsenimx̱-Gyaanimx̱","e","U+0065","E","U+0045"
"Gitxsanimx̱-Gitsenimx̱-Gyaanimx̱","ee","U+0065 U+0065","Ee","U+0045 U+0065"
"Gitxsanimx̱-Gitsenimx̱-Gyaanimx̱","g","U+0067","G","U+0047"
"Gitxsanimx̱-Gitsenimx̱-Gyaanimx̱","gw","U+0067 U+0077","Gw","U+0047 U+0077"
"Gitxsanimx̱-Gitsenimx̱-Gyaanimx̱","g̱","U+0067 U+0331","G̱","U+0047 U+0331"
"Gitxsanimx̱-Gitsenimx̱-Gyaanimx̱","h","U+0068","H","U+0048"
"Gitxsanimx̱-Gitsenimx̱-Gyaanimx̱","hl","U+0068 U+006C","Hl","U+0048 U+006C"
"Gitxsanimx̱-Gitsenimx̱-Gyaanimx̱","i","U+0069","I","U+0049"
"Gitxsanimx̱-Gitsenimx̱-Gyaanimx̱","ii","U+0069 U+0069","Ii","U+0049 U+0069"
"Gitxsanimx̱-Gitsenimx̱-Gyaanimx̱","j","U+006A","J","U+004A"
"Gitxsanimx̱-Gitsenimx̱-Gyaanimx̱","k","U+006B","K","U+004B"
"Gitxsanimx̱-Gitsenimx̱-Gyaanimx̱","k'","U+006B U+0027","K'","U+004B U+0027"
"Gitxsanimx̱-Gitsenimx̱-Gyaanimx̱","kw","U+006B U+0077","Kw","U+004B U+0077"
"Gitxsanimx̱-Gitsenimx̱-Gyaanimx̱","kw'","U+006B U+0077 U+0027","Kw'","U+004B U+0077 U+0027"
"Gitxsanimx̱-Gitsenimx̱-Gyaanimx̱","ḵ","U+1E35","Ḵ","U+1E34"
"Gitxsanimx̱-Gitsenimx̱-Gyaanimx̱","ḵ'","U+1E35 U+0027","Ḵ'","U+1E34 U+0027"
"Gitxsanimx̱-Gitsenimx̱-Gyaanimx̱","l","U+006C","L","U+004C"
"Gitxsanimx̱-Gitsenimx̱-Gyaanimx̱","'l","U+0027 U+006C","'L","U+0027 U+004C"
"Gitxsanimx̱-Gitsenimx̱-Gyaanimx̱","m","U+006D","M","U+004D"
"Gitxsanimx̱-Gitsenimx̱-Gyaanimx̱","'m","U+0027 U+006D","'M","U+0027 U+004D"
"Gitxsanimx̱-Gitsenimx̱-Gyaanimx̱","n","U+006E","N","U+004E"
"Gitxsanimx̱-Gitsenimx̱-Gyaanimx̱","'n","U+0027 U+006E","'N","U+0027 U+004E"
"Gitxsanimx̱-Gitsenimx̱-Gyaanimx̱","o","U+006F","O","U+004F"
"Gitxsanimx̱-Gitsenimx̱-Gyaanimx̱","oo","U+006F U+006F","Oo","U+004F U+006F"
"Gitxsanimx̱-Gitsenimx̱-Gyaanimx̱","p","U+0070","P","U+0050"
"Gitxsanimx̱-Gitsenimx̱-Gyaanimx̱","p'","U+0070 U+0027","P'","U+0050 U+0027"
"Gitxsanimx̱-Gitsenimx̱-Gyaanimx̱","s","U+0073","S","U+0053"
"Gitxsanimx̱-Gitsenimx̱-Gyaanimx̱","t","U+0074","T","U+0054"
"Gitxsanimx̱-Gitsenimx̱-Gyaanimx̱","t'","U+0074 U+0027","T'","U+0054 U+0027"
"Gitxsanimx̱-Gitsenimx̱-Gyaanimx̱","tl'","U+0074 U+006C U+0027","Tl'","U+0054 U+006C U+0027"
"Gitxsanimx̱-Gitsenimx̱-Gyaanimx̱","ts","U+0074 U+0073","Ts","U+0054 U+0073"
"Gitxsanimx̱-Gitsenimx̱-Gyaanimx̱","ts'","U+0074 U+0073 U+0027","Ts'","U+0054 U+0073 U+0027"
"Gitxsanimx̱-Gitsenimx̱-Gyaanimx̱","u","U+0075","U","U+0055"
"Gitxsanimx̱-Gitsenimx̱-Gyaanimx̱","uu","U+0075 U+0075","Uu","U+0055 U+0075"
"Gitxsanimx̱-Gitsenimx̱-Gyaanimx̱","w","U+0077","W","U+0057"
"Gitxsanimx̱-Gitsenimx̱-Gyaanimx̱","'w","U+0027 U+0077","'W","U+0027 U+0057"
"Gitxsanimx̱-Gitsenimx̱-Gyaanimx̱","x","U+0078","X","U+0058"
"Gitxsanimx̱-Gitsenimx̱-Gyaanimx̱","xw","U+0078 U+0077","Xw","U+0058 U+0077"
"Gitxsanimx̱-Gitsenimx̱-Gyaanimx̱","x̱","U+0078 U+0331","X̱","U+0058 U+0331"
"Gitxsanimx̱-Gitsenimx̱-Gyaanimx̱","y","U+0079","Y","U+0059"
"Gitxsanimx̱-Gitsenimx̱-Gyaanimx̱","'y","U+0027 U+0079","'Y","U+0027 U+0059"
"Gitxsanimx̱-Gitsenimx̱-Gyaanimx̱","'","U+0027","",""
"Gitxsanimx̱-Gitsenimx̱-Gyaanimx̱","a","U+0061","",""
"Gitxsanimx̱-Gitsenimx̱-Gyaanimx̱","aa","U+0061 U+0061","",""
"Gitxsanimx̱-Gitsenimx̱-Gyaanimx̱","b","U+0062","",""
"Gitxsanimx̱-Gitsenimx̱-Gyaanimx̱","d","U+0064","",""
"Gitxsanimx̱-Gitsenimx̱-Gyaanimx̱","e","U+0065","",""
"Gitxsanimx̱-Gitsenimx̱-Gyaanimx̱","ee","U+0065 U+0065","",""
"Gitxsanimx̱-Gitsenimx̱-Gyaanimx̱","g","U+0067","",""
"Gitxsanimx̱-Gitsenimx̱-Gyaanimx̱","g̱","U+0067 U+0331","",""
"Gitxsanimx̱-Gitsenimx̱-Gyaanimx̱","gw","U+0067 U+0077","",""
"Gitxsanimx̱-Gitsenimx̱-Gyaanimx̱","h","U+0068","",""
"Gitxsanimx̱-Gitsenimx̱-Gyaanimx̱","hl","U+0068 U+006C","",""
"Gitxsanimx̱-Gitsenimx̱-Gyaanimx̱","i","U+0069","",""
"Gitxsanimx̱-Gitsenimx̱-Gyaanimx̱","ii","U+0069 U+0069","",""
"Gitxsanimx̱-Gitsenimx̱-Gyaanimx̱","j","U+006A","",""
"Gitxsanimx̱-Gitsenimx̱-Gyaanimx̱","k","U+006B","",""
"Gitxsanimx̱-Gitsenimx̱-Gyaanimx̱","k'","U+006B U+0027","",""
"Gitxsanimx̱-Gitsenimx̱-Gyaanimx̱","ḵ","U+1E35","",""
"Gitxsanimx̱-Gitsenimx̱-Gyaanimx̱","ḵ'","U+1E35 U+0027","",""
"Gitxsanimx̱-Gitsenimx̱-Gyaanimx̱","kw","U+006B U+0077","",""
"Gitxsanimx̱-Gitsenimx̱-Gyaanimx̱","kw'","U+006B U+0077 U+0027","",""
"Gitxsanimx̱-Gitsenimx̱-Gyaanimx̱","l","U+006C","",""
"Gitxsanimx̱-Gitsenimx̱-Gyaanimx̱","'l","U+0027 U+006C","",""
"Gitxsanimx̱-Gitsenimx̱-Gyaanimx̱","m","U+006D","",""
"Gitxsanimx̱-Gitsenimx̱-Gyaanimx̱","'m","U+0027 U+006D","",""
"Gitxsanimx̱-Gitsenimx̱-Gyaanimx̱","n","U+006E","",""
"Gitxsanimx̱-Gitsenimx̱-Gyaanimx̱","'n","U+0027 U+006E","",""
"Gitxsanimx̱-Gitsenimx̱-Gyaanimx̱","o","U+006F","",""
"Gitxsanimx̱-Gitsenimx̱-Gyaanimx̱","oo","U+006F U+006F","",""
"Gitxsanimx̱-Gitsenimx̱-Gyaanimx̱","p","U+0070","",""
"Gitxsanimx̱-Gitsenimx̱-Gyaanimx̱","p'","U+0070 U+0027","",""
"Gitxsanimx̱-Gitsenimx̱-Gyaanimx̱","s","U+0073","",""
"Gitxsanimx̱-Gitsenimx̱-Gyaanimx̱","t","U+0074","",""
"Gitxsanimx̱-Gitsenimx̱-Gyaanimx̱","t'","U+0074 U+0027","",""
"Gitxsanimx̱-Gitsenimx̱-Gyaanimx̱","tl'","U+0074 U+006C U+0027","",""
"Gitxsanimx̱-Gitsenimx̱-Gyaanimx̱","ts","U+0074 U+0073","",""
"Gitxsanimx̱-Gitsenimx̱-Gyaanimx̱","ts'","U+0074 U+0073 U+0027","",""
"Gitxsanimx̱-Gitsenimx̱-Gyaanimx̱","u","U+0075","",""
"Gitxsanimx̱-Gitsenimx̱-Gyaanimx̱","uu","U+0075 U+0075","",""
"Gitxsanimx̱-Gitsenimx̱-Gyaanimx̱","w","U+0077","",""
"Gitxsanimx̱-Gitsenimx̱-Gyaanimx̱","'w","U+0027 U+0077","",""
"Gitxsanimx̱-Gitsenimx̱-Gyaanimx̱","x","U+0078","",""
"Gitxsanimx̱-Gitsenimx̱-Gyaanimx̱","x̱","U+0078 U+0331","",""
"Gitxsanimx̱-Gitsenimx̱-Gyaanimx̱","xw","U+0078 U+0077","",""
"Gitxsanimx̱-Gitsenimx̱-Gyaanimx̱","y","U+0079","",""
"Gitxsanimx̱-Gitsenimx̱-Gyaanimx̱","'y","U+0027 U+0079","",""
"Gitxsanimx̱-Gitsenimx̱-Gyaanimx̱","-","U+002D","",""
"Haíɫzaqvḷa","b","U+0062","B","U+0042"
"Haíɫzaqvḷa","p","U+0070","P","U+0050"
"Haíɫzaqvḷa","p̓","U+0070 U+0313","P̓","U+0050 U+0313"
"Haíɫzaqvḷa","d","U+0064","D","U+0044"
"Haíɫzaqvḷa","t","U+0074","T","U+0054"
"Haíɫzaqvḷa","t̓","U+0074 U+0313","T̓","U+0054 U+0313"
"Haíɫzaqvḷa","z","U+007A","Z","U+005A"
"Haíɫzaqvḷa","c","U+0063","C","U+0043"
"Haíɫzaqvḷa","c̓","U+0063 U+0313","C̓","U+0043 U+0313"
"Haíɫzaqvḷa","s","U+0073","S","U+0053"
"Haíɫzaqvḷa","λ","U+03BB","⅄","U+2144"
"Haíɫzaqvḷa","ƛ","U+019B","",""
"Haíɫzaqvḷa","ƛ̓","U+019B U+0313","",""
"Haíɫzaqvḷa","ɫ","U+026B","Ɫ","U+2C62"
"Haíɫzaqvḷa","g","U+0067","G","U+0047"
"Haíɫzaqvḷa","k","U+006B","K","U+004B"
"Haíɫzaqvḷa","k̓","U+006B U+0313","K̓","U+004B U+0313"
"Haíɫzaqvḷa","x","U+0078","X","U+0058"
"Haíɫzaqvḷa","gv","U+0067 U+0076","GV","U+0047 U+0056"
"Haíɫzaqvḷa","kv","U+006B U+0076","KV","U+004B U+0056"
"Haíɫzaqvḷa","k̓v","U+006B U+0313 U+0076","K̓V","U+004B U+0313 U+0056"
"Haíɫzaqvḷa","xv","U+0078 U+0076","XV","U+0058 U+0056"
"Haíɫzaqvḷa","ǧv","U+01E7 U+0076","ǦV","U+01E6 U+0056"
"Haíɫzaqvḷa","qv","U+0071 U+0076","QV","U+0051 U+0056"
"Haíɫzaqvḷa","q̓v","U+0071 U+0313 U+0076","Q̓V","U+0051 U+0313 U+0056"
"Haíɫzaqvḷa","x̌v","U+0078 U+030C U+0076","X̌V","U+0058 U+030C U+0056"
"Haíɫzaqvḷa","ǧ","U+01E7","Ǧ","U+01E6"
"Haíɫzaqvḷa","q","U+0071","Q","U+0051"
"Haíɫzaqvḷa","q̓","U+0071 U+0313","Q̓","U+0051 U+0313"
"Haíɫzaqvḷa","x̌","U+0078 U+030C","X̌","U+0058 U+030C"
"Haíɫzaqvḷa","m","U+006D","M","U+004D"
"Haíɫzaqvḷa","ṃ́","U+1E43 U+0301","Ṃ́","U+1E42 U+0301"
"Haíɫzaqvḷa","ṃ","U+1E43","Ṃ","U+1E42"
"Haíɫzaqvḷa","m̓","U+006D U+0313","M̓","U+004D U+0313"
"Haíɫzaqvḷa","ṃ̓","U+1E43 U+0313","Ṃ̓","U+1E42 U+0313"
"Haíɫzaqvḷa","n","U+006E","N","U+004E"
"Haíɫzaqvḷa","ṇ́","U+1E47 U+0301","Ṇ́","U+1E46 U+0301"
"Haíɫzaqvḷa","ṇ","U+1E47","Ṇ","U+1E46"
"Haíɫzaqvḷa","n̓","U+006E U+0313","N̓","U+004E U+0313"
"Haíɫzaqvḷa","ṇ̓","U+1E47 U+0313","Ṇ̓","U+1E46 U+0313"
"Haíɫzaqvḷa","l","U+006C","L","U+004C"
"Haíɫzaqvḷa","ḷ́","U+1E37 U+0301","Ḷ́","U+1E36 U+0301"
"Haíɫzaqvḷa","ḷ","U+1E37","Ḷ","U+1E36"
"Haíɫzaqvḷa","l̓","U+006C U+0313","L̓","U+004C U+0313"
"Haíɫzaqvḷa","ḷ̓","U+1E37 U+0313","Ḷ̓","U+1E36 U+0313"
"Haíɫzaqvḷa","y","U+0079","Y","U+0059"
"Haíɫzaqvḷa","í","U+00ED","Í","U+00CD"
"Haíɫzaqvḷa","i","U+0069","I","U+0049"
"Haíɫzaqvḷa","y̓","U+0079 U+0313","Y̓","U+0059 U+0313"
"Haíɫzaqvḷa","i̓","U+0069 U+0313","I̓","U+0049 U+0313"
"Haíɫzaqvḷa","w","U+0077","W","U+0057"
"Haíɫzaqvḷa","ú","U+00FA","Ú","U+00DA"
"Haíɫzaqvḷa","u","U+0075","U","U+0055"
"Haíɫzaqvḷa","w̓","U+0077 U+0313","W̓","U+0057 U+0313"
"Haíɫzaqvḷa","u̓","U+0075 U+0313","U̓","U+0055 U+0313"
"Haíɫzaqvḷa","h","U+0068","H","U+0048"
"Haíɫzaqvḷa","á","U+00E1","Á","U+00C1"
"Haíɫzaqvḷa","a","U+0061","A","U+0041"
"Haíɫzaqvḷa","h̓","U+0068 U+0313","H̓","U+0048 U+0313"
"Haíɫzaqvḷa","a̓","U+0061 U+0313","A̓","U+0041 U+0313"
"Haíɫzaqvḷa","ħ","U+0127","Ħ","U+0126"
"Haíɫzaqvḷa","ʔ","U+0294","",""
"Hulʼqʼumiʼnumʼ / Halqʼeméylem / hən̓q̓əmin̓əm̓","'","U+0027","",""
"Hulʼqʼumiʼnumʼ / Halqʼeméylem / hən̓q̓əmin̓əm̓",":","U+003A","",""
"Hulʼqʼumiʼnumʼ / Halqʼeméylem / hən̓q̓əmin̓əm̓","a","U+0061","Á","U+00C1"
"Hulʼqʼumiʼnumʼ / Halqʼeméylem / hən̓q̓əmin̓əm̓","a","U+0061","À","U+00C0"
"Hulʼqʼumiʼnumʼ / Halqʼeméylem / hən̓q̓əmin̓əm̓","a","U+0061","à","U+00E0"
"Hulʼqʼumiʼnumʼ / Halqʼeméylem / hən̓q̓əmin̓əm̓","a","U+0061","á","U+00E1"
"Hulʼqʼumiʼnumʼ / Halqʼeméylem / hən̓q̓əmin̓əm̓","a","U+0061","A","U+0041"
"Hulʼqʼumiʼnumʼ / Halqʼeméylem / hən̓q̓əmin̓əm̓","ch","U+0063 U+0068","Ch","U+0043 U+0068"
"Hulʼqʼumiʼnumʼ / Halqʼeméylem / hən̓q̓əmin̓əm̓","ch'","U+0063 U+0068 U+0027","Ch'","U+0043 U+0068 U+0027"
"Hulʼqʼumiʼnumʼ / Halqʼeméylem / hən̓q̓əmin̓əm̓","e","U+0065","E","U+0045"
"Hulʼqʼumiʼnumʼ / Halqʼeméylem / hən̓q̓əmin̓əm̓","e","U+0065","È","U+00C8"
"Hulʼqʼumiʼnumʼ / Halqʼeméylem / hən̓q̓əmin̓əm̓","e","U+0065","è","U+00E8"
"Hulʼqʼumiʼnumʼ / Halqʼeméylem / hən̓q̓əmin̓əm̓","e","U+0065","É","U+00C9"
"Hulʼqʼumiʼnumʼ / Halqʼeméylem / hən̓q̓əmin̓əm̓","e","U+0065","é","U+00E9"
"Hulʼqʼumiʼnumʼ / Halqʼeméylem / hən̓q̓əmin̓əm̓","h","U+0068","H","U+0048"
"Hulʼqʼumiʼnumʼ / Halqʼeméylem / hən̓q̓əmin̓əm̓","i","U+0069","I","U+0049"
"Hulʼqʼumiʼnumʼ / Halqʼeméylem / hən̓q̓əmin̓əm̓","i","U+0069","Ì","U+00CC"
"Hulʼqʼumiʼnumʼ / Halqʼeméylem / hən̓q̓əmin̓əm̓","i","U+0069","ì","U+00EC"
"Hulʼqʼumiʼnumʼ / Halqʼeméylem / hən̓q̓əmin̓əm̓","i","U+0069","Í","U+00CD"
"Hulʼqʼumiʼnumʼ / Halqʼeméylem / hən̓q̓əmin̓əm̓","i","U+0069","í","U+00ED"
"Hulʼqʼumiʼnumʼ / Halqʼeméylem / hən̓q̓əmin̓əm̓","k","U+006B","K","U+004B"
"Hulʼqʼumiʼnumʼ / Halqʼeméylem / hən̓q̓əmin̓əm̓","k'","U+006B U+0027","K'","U+004B U+0027"
"Hulʼqʼumiʼnumʼ / Halqʼeméylem / hən̓q̓əmin̓əm̓","kw","U+006B U+0077","Kw","U+004B U+0077"
"Hulʼqʼumiʼnumʼ / Halqʼeméylem / hən̓q̓əmin̓əm̓","kw'","U+006B U+0077 U+0027","Kw'","U+004B U+0077 U+0027"
"Hulʼqʼumiʼnumʼ / Halqʼeméylem / hən̓q̓əmin̓əm̓","l","U+006C","L","U+004C"
"Hulʼqʼumiʼnumʼ / Halqʼeméylem / hən̓q̓əmin̓əm̓","lh","U+006C U+0068","Lh","U+004C U+0068"
"Hulʼqʼumiʼnumʼ / Halqʼeméylem / hən̓q̓əmin̓əm̓","m","U+006D","M","U+004D"
"Hulʼqʼumiʼnumʼ / Halqʼeméylem / hən̓q̓əmin̓əm̓","o","U+006F","ó","U+00F3"
"Hulʼqʼumiʼnumʼ / Halqʼeméylem / hən̓q̓əmin̓əm̓","o","U+006F","Ò","U+00D2"
"Hulʼqʼumiʼnumʼ / Halqʼeméylem / hən̓q̓əmin̓əm̓","o","U+006F","ò","U+00F2"
"Hulʼqʼumiʼnumʼ / Halqʼeméylem / hən̓q̓əmin̓əm̓","o","U+006F","Ó","U+00D3"
"Hulʼqʼumiʼnumʼ / Halqʼeméylem / hən̓q̓əmin̓əm̓","o","U+006F","O","U+004F"
"Hulʼqʼumiʼnumʼ / Halqʼeméylem / hən̓q̓əmin̓əm̓","ō","U+014D","ô","U+00F4"
"Hulʼqʼumiʼnumʼ / Halqʼeméylem / hən̓q̓əmin̓əm̓","ō","U+014D","Ō","U+004F U+0304"
"Hulʼqʼumiʼnumʼ / Halqʼeméylem / hən̓q̓əmin̓əm̓","ō","U+014D","Ô","U+00D4"
"Hulʼqʼumiʼnumʼ / Halqʼeméylem / hən̓q̓əmin̓əm̓","p","U+0070","P","U+0050"
"Hulʼqʼumiʼnumʼ / Halqʼeméylem / hən̓q̓əmin̓əm̓","p'","U+0070 U+0027","P'","U+0050 U+0027"
"Hulʼqʼumiʼnumʼ / Halqʼeméylem / hən̓q̓əmin̓əm̓","q","U+0071","Q","U+0051"
"Hulʼqʼumiʼnumʼ / Halqʼeméylem / hən̓q̓əmin̓əm̓","q'","U+0071 U+0027","Q'","U+0051 U+0027"
"Hulʼqʼumiʼnumʼ / Halqʼeméylem / hən̓q̓əmin̓əm̓","qw","U+0071 U+0077","Qw","U+0051 U+0077"
"Hulʼqʼumiʼnumʼ / Halqʼeméylem / hən̓q̓əmin̓əm̓","qw'","U+0071 U+0077 U+0027","Qw'","U+0051 U+0077 U+0027"
"Hulʼqʼumiʼnumʼ / Halqʼeméylem / hən̓q̓əmin̓əm̓","s","U+0073","S","U+0053"
"Hulʼqʼumiʼnumʼ / Halqʼeméylem / hən̓q̓əmin̓əm̓","sh","U+0073 U+0068","Sh","U+0053 U+0068"
"Hulʼqʼumiʼnumʼ / Halqʼeméylem / hən̓q̓əmin̓əm̓","t","U+0074","T","U+0054"
"Hulʼqʼumiʼnumʼ / Halqʼeméylem / hən̓q̓əmin̓əm̓","t'","U+0074 U+0027","T'","U+0054 U+0027"
"Hulʼqʼumiʼnumʼ / Halqʼeméylem / hən̓q̓əmin̓əm̓","th","U+0074 U+0068","Th","U+0054 U+0068"
"Hulʼqʼumiʼnumʼ / Halqʼeméylem / hən̓q̓əmin̓əm̓","th'","U+0074 U+0068 U+0027","Th'","U+0054 U+0068 U+0027"
"Hulʼqʼumiʼnumʼ / Halqʼeméylem / hən̓q̓əmin̓əm̓","tl'","U+0074 U+006C U+0027","Tl'","U+0054 U+006C U+0027"
"Hulʼqʼumiʼnumʼ / Halqʼeméylem / hən̓q̓əmin̓əm̓","ts","U+0074 U+0073","Ts","U+0054 U+0073"
"Hulʼqʼumiʼnumʼ / Halqʼeméylem / hən̓q̓əmin̓əm̓","ts'","U+0074 U+0073 U+0027","Ts'","U+0054 U+0073 U+0027"
"Hulʼqʼumiʼnumʼ / Halqʼeméylem / hən̓q̓əmin̓əm̓","u","U+0075","ú","U+00FA"
"Hulʼqʼumiʼnumʼ / Halqʼeméylem / hən̓q̓əmin̓əm̓","u","U+0075","Ù","U+00D9"
"Hulʼqʼumiʼnumʼ / Halqʼeméylem / hən̓q̓əmin̓əm̓","u","U+0075","ù","U+00F9"
"Hulʼqʼumiʼnumʼ / Halqʼeméylem / hən̓q̓əmin̓əm̓","u","U+0075","Ú","U+00DA"
"Hulʼqʼumiʼnumʼ / Halqʼeméylem / hən̓q̓əmin̓əm̓","u","U+0075","U","U+0055"
"Hulʼqʼumiʼnumʼ / Halqʼeméylem / hən̓q̓əmin̓əm̓","w","U+0077","W","U+0057"
"Hulʼqʼumiʼnumʼ / Halqʼeméylem / hən̓q̓əmin̓əm̓","x","U+0078","X","U+0058"
"Hulʼqʼumiʼnumʼ / Halqʼeméylem / hən̓q̓əmin̓əm̓","xw","U+0078 U+0077","Xw","U+0058 U+0077"
"Hulʼqʼumiʼnumʼ / Halqʼeméylem / hən̓q̓əmin̓əm̓","x̱","U+0078 U+0331","X̱","U+0058 U+0331"
"Hulʼqʼumiʼnumʼ / Halqʼeméylem / hən̓q̓əmin̓əm̓","x̱w","U+0078 U+0331 U+0077","X̱w","U+0058 U+0331 U+0077"
"Hulʼqʼumiʼnumʼ / Halqʼeméylem / hən̓q̓əmin̓əm̓","y","U+0079","Y","U+0059"
"Hulʼqʼumiʼnumʼ / Halqʼeméylem / hən̓q̓əmin̓əm̓","a","U+0061","",""
"Hulʼqʼumiʼnumʼ / Halqʼeméylem / hən̓q̓əmin̓əm̓","aa","U+0061 U+0061","",""
"Hulʼqʼumiʼnumʼ / Halqʼeméylem / hən̓q̓əmin̓əm̓","ch","U+0063 U+0068","",""
"Hulʼqʼumiʼnumʼ / Halqʼeméylem / hən̓q̓əmin̓əm̓","ch'","U+0063 U+0068 U+0027","",""
"Hulʼqʼumiʼnumʼ / Halqʼeméylem / hən̓q̓əmin̓əm̓","e","U+0065","",""
"Hulʼqʼumiʼnumʼ / Halqʼeméylem / hən̓q̓əmin̓əm̓","ee","U+0065 U+0065","",""
"Hulʼqʼumiʼnumʼ / Halqʼeméylem / hən̓q̓əmin̓əm̓","h","U+0068","",""
"Hulʼqʼumiʼnumʼ / Halqʼeméylem / hən̓q̓əmin̓əm̓","hw","U+0068 U+0077","",""
"Hulʼqʼumiʼnumʼ / Halqʼeméylem / hən̓q̓əmin̓əm̓","i","U+0069","",""
"Hulʼqʼumiʼnumʼ / Halqʼeméylem / hən̓q̓əmin̓əm̓","ii","U+0069 U+0069","",""
"Hulʼqʼumiʼnumʼ / Halqʼeméylem / hən̓q̓əmin̓əm̓","k","U+006B","",""
"Hulʼqʼumiʼnumʼ / Halqʼeméylem / hən̓q̓əmin̓əm̓","kw","U+006B U+0077","",""
"Hulʼqʼumiʼnumʼ / Halqʼeméylem / hən̓q̓əmin̓əm̓","kw'","U+006B U+0077 U+0027","",""
"Hulʼqʼumiʼnumʼ / Halqʼeméylem / hən̓q̓əmin̓əm̓","l","U+006C","",""
"Hulʼqʼumiʼnumʼ / Halqʼeméylem / hən̓q̓əmin̓əm̓","lh","U+006C U+0068","",""
"Hulʼqʼumiʼnumʼ / Halqʼeméylem / hən̓q̓əmin̓əm̓","m","U+006D","",""
"Hulʼqʼumiʼnumʼ / Halqʼeméylem / hən̓q̓əmin̓əm̓","n","U+006E","",""
"Hulʼqʼumiʼnumʼ / Halqʼeméylem / hən̓q̓əmin̓əm̓","o","U+006F","",""
"Hulʼqʼumiʼnumʼ / Halqʼeméylem / hən̓q̓əmin̓əm̓","oo","U+006F U+006F","",""
"Hulʼqʼumiʼnumʼ / Halqʼeméylem / hən̓q̓əmin̓əm̓","ou","U+006F U+0075","",""
"Hulʼqʼumiʼnumʼ / Halqʼeméylem / hən̓q̓əmin̓əm̓","p","U+0070","",""
"Hulʼqʼumiʼnumʼ / Halqʼeméylem / hən̓q̓əmin̓əm̓","p'","U+0070 U+0027","",""
"Hulʼqʼumiʼnumʼ / Halqʼeméylem / hən̓q̓əmin̓əm̓","q","U+0071","",""
"Hulʼqʼumiʼnumʼ / Halqʼeméylem / hən̓q̓əmin̓əm̓","q'","U+0071 U+0027","",""
"Hulʼqʼumiʼnumʼ / Halqʼeméylem / hən̓q̓əmin̓əm̓","qw","U+0071 U+0077","",""
"Hulʼqʼumiʼnumʼ / Halqʼeméylem / hən̓q̓əmin̓əm̓","qw'","U+0071 U+0077 U+0027","",""
"Hulʼqʼumiʼnumʼ / Halqʼeméylem / hən̓q̓əmin̓əm̓","s","U+0073","",""
"Hulʼqʼumiʼnumʼ / Halqʼeméylem / hən̓q̓əmin̓əm̓","sh","U+0073 U+0068","",""
"Hulʼqʼumiʼnumʼ / Halqʼeméylem / hən̓q̓əmin̓əm̓","t","U+0074","",""
"Hulʼqʼumiʼnumʼ / Halqʼeméylem / hən̓q̓əmin̓əm̓","t'","U+0074 U+0027","",""
"Hulʼqʼumiʼnumʼ / Halqʼeméylem / hən̓q̓əmin̓əm̓","th","U+0074 U+0068","",""
"Hulʼqʼumiʼnumʼ / Halqʼeméylem / hən̓q̓əmin̓əm̓","tl'","U+0074 U+006C U+0027","",""
"Hulʼqʼumiʼnumʼ / Halqʼeméylem / hən̓q̓əmin̓əm̓","ts","U+0074 U+0073","",""
"Hulʼqʼumiʼnumʼ / Halqʼeméylem / hən̓q̓əmin̓əm̓","ts'","U+0074 U+0073 U+0027","",""
"Hulʼqʼumiʼnumʼ / Halqʼeméylem / hən̓q̓əmin̓əm̓","tth","U+0074 U+0074 U+0068","",""
"Hulʼqʼumiʼnumʼ / Halqʼeméylem / hən̓q̓əmin̓əm̓","tth'","U+0074 U+0074 U+0068 U+0027","",""
"Hulʼqʼumiʼnumʼ / Halqʼeméylem / hən̓q̓əmin̓əm̓","u","U+0075","",""
"Hulʼqʼumiʼnumʼ / Halqʼeméylem / hən̓q̓əmin̓əm̓","w","U+0077","",""
"Hulʼqʼumiʼnumʼ / Halqʼeméylem / hən̓q̓əmin̓əm̓","x","U+0078","",""
"Hulʼqʼumiʼnumʼ / Halqʼeméylem / hən̓q̓əmin̓əm̓","xw","U+0078 U+0077","",""
"Hulʼqʼumiʼnumʼ / Halqʼeméylem / hən̓q̓əmin̓əm̓","y","U+0079","",""
"Hulʼqʼumiʼnumʼ / Halqʼeméylem / hən̓q̓əmin̓əm̓","’","U+2019","",""
"Hulʼqʼumiʼnumʼ / Halqʼeméylem / hən̓q̓əmin̓əm̓","ch’","U+0063 U+0068 U+2019","",""
"Hulʼqʼumiʼnumʼ / Halqʼeméylem / hən̓q̓əmin̓əm̓","kw’","U+006B U+0077 U+2019","",""
"Hulʼqʼumiʼnumʼ / Halqʼeméylem / hən̓q̓əmin̓əm̓","p’","U+0070 U+2019","",""
"Hulʼqʼumiʼnumʼ / Halqʼeméylem / hən̓q̓əmin̓əm̓","q’","U+0071 U+2019","",""
"Hulʼqʼumiʼnumʼ / Halqʼeméylem / hən̓q̓əmin̓əm̓","qw’","U+0071 U+0077 U+2019","",""
"Hulʼqʼumiʼnumʼ / Halqʼeméylem / hən̓q̓əmin̓əm̓","t’","U+0074 U+2019","",""
"Hulʼqʼumiʼnumʼ / Halqʼeméylem / hən̓q̓əmin̓əm̓","tl’","U+0074 U+006C U+2019","",""
"Hulʼqʼumiʼnumʼ / Halqʼeméylem / hən̓q̓əmin̓əm̓","ts’","U+0074 U+0073 U+2019","",""
"Hulʼqʼumiʼnumʼ / Halqʼeméylem / hən̓q̓əmin̓əm̓","tth’","U+0074 U+0074 U+0068 U+2019","",""
"Hulʼqʼumiʼnumʼ / Halqʼeméylem / hən̓q̓əmin̓əm̓","x̌","U+0078 U+030C","",""
"Hulʼqʼumiʼnumʼ / Halqʼeméylem / hən̓q̓əmin̓əm̓","xw'","U+0078 U+0077 U+0027","",""
"Hulʼqʼumiʼnumʼ / Halqʼeméylem / hən̓q̓əmin̓əm̓","aa","U+0061 U+0061","AA","U+0041 U+0041"
"Hulʼqʼumiʼnumʼ / Halqʼeméylem / hən̓q̓əmin̓əm̓","ch","U+0063 U+0068","CH","U+0043 U+0048"
"Hulʼqʼumiʼnumʼ / Halqʼeméylem / hən̓q̓əmin̓əm̓","ch'","U+0063 U+0068 U+0027","CH'","U+0043 U+0048 U+0027"
"Hulʼqʼumiʼnumʼ / Halqʼeméylem / hən̓q̓əmin̓əm̓","ee","U+0065 U+0065","EE","U+0045 U+0045"
"Hulʼqʼumiʼnumʼ / Halqʼeméylem / hən̓q̓əmin̓əm̓","hw","U+0068 U+0077","HW","U+0048 U+0057"
"Hulʼqʼumiʼnumʼ / Halqʼeméylem / hən̓q̓əmin̓əm̓","ii","U+0069 U+0069","II","U+0049 U+0049"
"Hulʼqʼumiʼnumʼ / Halqʼeméylem / hən̓q̓əmin̓əm̓","kw","U+006B U+0077","KW","U+004B U+0057"
"Hulʼqʼumiʼnumʼ / Halqʼeméylem / hən̓q̓əmin̓əm̓","kw'","U+006B U+0077 U+0027","KW'","U+004B U+0057 U+0027"
"Hulʼqʼumiʼnumʼ / Halqʼeméylem / hən̓q̓əmin̓əm̓","lh","U+006C U+0068","LH","U+004C U+0048"
"Hulʼqʼumiʼnumʼ / Halqʼeméylem / hən̓q̓əmin̓əm̓","n","U+006E","N","U+004E"
"Hulʼqʼumiʼnumʼ / Halqʼeméylem / hən̓q̓əmin̓əm̓","oo","U+006F U+006F","OO","U+004F U+004F"
"Hulʼqʼumiʼnumʼ / Halqʼeméylem / hən̓q̓əmin̓əm̓","ou","U+006F U+0075","OU","U+004F U+0055"
"Hulʼqʼumiʼnumʼ / Halqʼeméylem / hən̓q̓əmin̓əm̓","qw","U+0071 U+0077","QW","U+0051 U+0057"
"Hulʼqʼumiʼnumʼ / Halqʼeméylem / hən̓q̓əmin̓əm̓","qw'","U+0071 U+0077 U+0027","QW'","U+0051 U+0057 U+0027"
"Hulʼqʼumiʼnumʼ / Halqʼeméylem / hən̓q̓əmin̓əm̓","sh","U+0073 U+0068","SH","U+0053 U+0048"
"Hulʼqʼumiʼnumʼ / Halqʼeméylem / hən̓q̓əmin̓əm̓","th","U+0074 U+0068","TH","U+0054 U+0048"
"Hulʼqʼumiʼnumʼ / Halqʼeméylem / hən̓q̓əmin̓əm̓","tl'","U+0074 U+006C U+0027","TL'","U+0054 U+004C U+0027"
"Hulʼqʼumiʼnumʼ / Halqʼeméylem / hən̓q̓əmin̓əm̓","ts","U+0074 U+0073","TS","U+0054 U+0053"
"Hulʼqʼumiʼnumʼ / Halqʼeméylem / hən̓q̓əmin̓əm̓","ts'","U+0074 U+0073 U+0027","TS'","U+0054 U+0053 U+0027"
"Hulʼqʼumiʼnumʼ / Halqʼeméylem / hən̓q̓əmin̓əm̓","tth","U+0074 U+0074 U+0068","TTH","U+0054 U+0054 U+0048"
"Hulʼqʼumiʼnumʼ / Halqʼeméylem / hən̓q̓əmin̓əm̓","tth'","U+0074 U+0074 U+0068 U+0027","TTH'","U+0054 U+0054 U+0048 U+0027"
"Hulʼqʼumiʼnumʼ / Halqʼeméylem / hən̓q̓əmin̓əm̓","xw","U+0078 U+0077","XW","U+0058 U+0057"
"Hulʼqʼumiʼnumʼ / Halqʼeméylem / hən̓q̓əmin̓əm̓","á","U+00E1","",""
"Hulʼqʼumiʼnumʼ / Halqʼeméylem / hən̓q̓əmin̓əm̓","c","U+0063","",""
"Hulʼqʼumiʼnumʼ / Halqʼeméylem / hən̓q̓əmin̓əm̓","c̓","U+0063 U+0313","",""
"Hulʼqʼumiʼnumʼ / Halqʼeméylem / hən̓q̓əmin̓əm̓","c̓h","U+0063 U+0313 U+0068","",""
"Hulʼqʼumiʼnumʼ / Halqʼeméylem / hən̓q̓əmin̓əm̓","é","U+00E9","",""
"Hulʼqʼumiʼnumʼ / Halqʼeméylem / hən̓q̓əmin̓əm̓","k̓w","U+006B U+0313 U+0077","",""
"Hulʼqʼumiʼnumʼ / Halqʼeméylem / hən̓q̓əmin̓əm̓","l̓","U+006C U+0313","",""
"Hulʼqʼumiʼnumʼ / Halqʼeméylem / hən̓q̓əmin̓əm̓","m̓","U+006D U+0313","",""
"Hulʼqʼumiʼnumʼ / Halqʼeméylem / hən̓q̓əmin̓əm̓","n̓","U+006E U+0313","",""
"Hulʼqʼumiʼnumʼ / Halqʼeméylem / hən̓q̓əmin̓əm̓","p̓","U+0070 U+0313","",""
"Hulʼqʼumiʼnumʼ / Halqʼeméylem / hən̓q̓əmin̓əm̓","q̓","U+0071 U+0313","",""
"Hulʼqʼumiʼnumʼ / Halqʼeméylem / hən̓q̓əmin̓əm̓","q̓w","U+0071 U+0313 U+0077","",""
"Hulʼqʼumiʼnumʼ / Halqʼeméylem / hən̓q̓əmin̓əm̓","t̓","U+0074 U+0313","",""
"Hulʼqʼumiʼnumʼ / Halqʼeméylem / hən̓q̓əmin̓əm̓","t̓h","U+0074 U+0313 U+0068","",""
"Hulʼqʼumiʼnumʼ / Halqʼeméylem / hən̓q̓əmin̓əm̓","t̓l","U+0074 U+0313 U+006C","",""
"Hulʼqʼumiʼnumʼ / Halqʼeméylem / hən̓q̓əmin̓əm̓","w̓","U+0077 U+0313","",""
"Hulʼqʼumiʼnumʼ / Halqʼeméylem / hən̓q̓əmin̓əm̓","x̌w","U+0078 U+030C U+0077","",""
"Hulʼqʼumiʼnumʼ / Halqʼeméylem / hən̓q̓əmin̓əm̓","y̓","U+0079 U+0313","",""
"Hulʼqʼumiʼnumʼ / Halqʼeméylem / hən̓q̓əmin̓əm̓","kʷ","U+006B U+02B7","",""
"Hulʼqʼumiʼnumʼ / Halqʼeméylem / hən̓q̓əmin̓əm̓","k̓ʷ","U+006B U+0313 U+02B7","",""
"Hulʼqʼumiʼnumʼ / Halqʼeméylem / hən̓q̓əmin̓əm̓","qʷ","U+0071 U+02B7","",""
"Hulʼqʼumiʼnumʼ / Halqʼeméylem / hən̓q̓əmin̓əm̓","q̓ʷ","U+0071 U+0313 U+02B7","",""
"Hulʼqʼumiʼnumʼ / Halqʼeméylem / hən̓q̓əmin̓əm̓","ʔ","U+0294","",""
"Hulʼqʼumiʼnumʼ / Halqʼeméylem / hən̓q̓əmin̓əm̓","t̓ᶿ","U+0074 U+0313 U+1DBF","",""
"Hulʼqʼumiʼnumʼ / Halqʼeméylem / hən̓q̓əmin̓əm̓","č","U+010D","",""
"Hulʼqʼumiʼnumʼ / Halqʼeméylem / hən̓q̓əmin̓əm̓","ƛ","U+019B","",""
"Hulʼqʼumiʼnumʼ / Halqʼeméylem / hən̓q̓əmin̓əm̓","θ","U+03B8","",""
"Hulʼqʼumiʼnumʼ / Halqʼeméylem / hən̓q̓əmin̓əm̓","š","U+0161","",""
"Hulʼqʼumiʼnumʼ / Halqʼeméylem / hən̓q̓əmin̓əm̓","ɬ","U+026C","",""
"Hulʼqʼumiʼnumʼ / Halqʼeméylem / hən̓q̓əmin̓əm̓","xʷ","U+0078 U+02B7","",""
"Hulʼqʼumiʼnumʼ / Halqʼeméylem / hən̓q̓əmin̓əm̓","x̌ʷ","U+0078 U+030C U+02B7","",""
"Hulʼqʼumiʼnumʼ / Halqʼeméylem / hən̓q̓əmin̓əm̓","i:","U+0069 U+003A","",""
"Hulʼqʼumiʼnumʼ / Halqʼeméylem / hən̓q̓əmin̓əm̓","e:","U+0065 U+003A","",""
"Hulʼqʼumiʼnumʼ / Halqʼeméylem / hən̓q̓əmin̓əm̓","u:","U+0075 U+003A","",""
"Hulʼqʼumiʼnumʼ / Halqʼeméylem / hən̓q̓əmin̓əm̓","o:","U+006F U+003A","",""
"Hulʼqʼumiʼnumʼ / Halqʼeméylem / hən̓q̓əmin̓əm̓","a:","U+0061 U+003A","",""
"Hulʼqʼumiʼnumʼ / Halqʼeméylem / hən̓q̓əmin̓əm̓","ə","U+0259","",""
"Ktunaxa","a","U+0061","",""
"Ktunaxa","a·","U+0061 U+00B7","",""
"Ktunaxa","¢","U+00A2","",""
"Ktunaxa","¢̕","U+00A2 U+0315","",""
"Ktunaxa","h","U+0068","",""
"Ktunaxa","i","U+0069","",""
"Ktunaxa","i·","U+0069 U+00B7","",""
"Ktunaxa","k","U+006B","",""
"Ktunaxa","k̓","U+006B U+0313","",""
"Ktunaxa","l","U+006C","",""
"Ktunaxa","ǂ","U+01C2","",""
"Ktunaxa","m","U+006D","",""
"Ktunaxa","m̓","U+006D U+0313","",""
"Ktunaxa","n","U+006E","",""
"Ktunaxa","n̓","U+006E U+0313","",""
"Ktunaxa","p","U+0070","",""
"Ktunaxa","p̓","U+0070 U+0313","",""
"Ktunaxa","q","U+0071","",""
"Ktunaxa","q̓","U+0071 U+0313","",""
"Ktunaxa","s","U+0073","",""
"Ktunaxa","t","U+0074","",""
"Ktunaxa","t̕","U+0074 U+0315","",""
"Ktunaxa","u","U+0075","",""
"Ktunaxa","u·","U+0075 U+00B7","",""
"Ktunaxa","w","U+0077","",""
"Ktunaxa","x","U+0078","",""
"Ktunaxa","y","U+0079","",""
"Ktunaxa","ʔ","U+0294","",""
"Ktunaxa","·","U+00B7","",""
"kwakiutl","a","U+0061","",""
"kwakiutl","a̱","U+0061 U+0331","",""
"kwakiutl","b","U+0062","",""
"kwakiutl","d","U+0064","",""
"kwakiutl","dł","U+0064 U+0142","",""
"kwakiutl","dz","U+0064 U+007A","",""
"kwakiutl","e","U+0065","",""
"kwakiutl","g","U+0067","",""
"kwakiutl","gw","U+0067 U+0077","",""
"kwakiutl","g̱","U+0067 U+0331","",""
"kwakiutl","g̱w","U+0067 U+0331 U+0077","",""
"kwakiutl","h","U+0068","",""
"kwakiutl","i","U+0069","",""
"kwakiutl","k","U+006B","",""
"kwakiutl","kw","U+006B U+0077","",""
"kwakiutl","k̓","U+006B U+0313","",""
"kwakiutl","k̕w","U+006B U+0315 U+0077","",""
"kwakiutl","ḵ","U+1E35","",""
"kwakiutl","ḵw","U+1E35 U+0077","",""
"kwakiutl","ḵ̓","U+1E35 U+0313","",""
"kwakiutl","ḵ̕w","U+1E35 U+0315 U+0077","",""
"kwakiutl","l","U+006C","",""
"kwakiutl","ł","U+0142","",""
"kwakiutl","m","U+006D","",""
"kwakiutl","n","U+006E","",""
"kwakiutl","o","U+006F","",""
"kwakiutl","p","U+0070","",""
"kwakiutl","p̓","U+0070 U+0313","",""
"kwakiutl","s","U+0073","",""
"kwakiutl","t","U+0074","",""
"kwakiutl","t̓","U+0074 U+0313","",""
"kwakiutl","ts","U+0074 U+0073","",""
"kwakiutl","t̕s","U+0074 U+0315 U+0073","",""
"kwakiutl","tł","U+0074 U+0142","",""
"kwakiutl","t̕ł","U+0074 U+0315 U+0142","",""
"kwakiutl","u","U+0075","",""
"kwakiutl","w","U+0077","",""
"kwakiutl","x","U+0078","",""
"kwakiutl","xw","U+0078 U+0077","",""
"kwakiutl","x̱","U+0078 U+0331","",""
"kwakiutl","x̱w","U+0078 U+0331 U+0077","",""
"kwakiutl","y","U+0079","",""
"Kwak̕wala","a","U+0061","A","U+0041"
"Kwak̕wala","a̱","U+0061 U+0331","A̱","U+0041 U+0331"
"Kwak̕wala","b","U+0062","B","U+0042"
"Kwak̕wala","d","U+0064","D","U+0044"
"Kwak̕wala","dł","U+0064 U+0142","Dł","U+0044 U+0142"
"Kwak̕wala","dz","U+0064 U+007A","Dz","U+0044 U+007A"
"Kwak̕wala","e","U+0065","E","U+0045"
"Kwak̕wala","g","U+0067","G","U+0047"
"Kwak̕wala","gw","U+0067 U+0077","Gw","U+0047 U+0077"
"Kwak̕wala","g̱","U+0067 U+0331","G̱","U+0047 U+0331"
"Kwak̕wala","g̱w","U+0067 U+0331 U+0077","G̱w","U+0047 U+0331 U+0077"
"Kwak̕wala","h","U+0068","H","U+0048"
"Kwak̕wala","i","U+0069","I","U+0049"
"Kwak̕wala","k","U+006B","K","U+004B"
"Kwak̕wala","kw","U+006B U+0077","Kw","U+004B U+0077"
"Kwak̕wala","k̓","U+006B U+0313","K̓","U+004B U+0313"
"Kwak̕wala","k̕w","U+006B U+0315 U+0077","K̕w","U+004B U+0315 U+0077"
"Kwak̕wala","ḵ","U+1E35","Ḵ","U+1E34"
"Kwak̕wala","ḵw","U+1E35 U+0077","Ḵw","U+1E34 U+0077"
"Kwak̕wala","ḵ̓","U+1E35 U+0313","Ḵ̓","U+1E34 U+0313"
"Kwak̕wala","ḵ̕w","U+1E35 U+0315 U+0077","Ḵ̕w","U+1E34 U+0315 U+0077"
"Kwak̕wala","l","U+006C","L","U+004C"
"Kwak̕wala","ł","U+0142","Ł","U+0141"
"Kwak̕wala","m","U+006D","M","U+004D"
"Kwak̕wala","n","U+006E","N","U+004E"
"Kwak̕wala","o","U+006F","O","U+004F"
"Kwak̕wala","p","U+0070","P","U+0050"
"Kwak̕wala","p̓","U+0070 U+0313","P̓","U+0050 U+0313"
"Kwak̕wala","s","U+0073","S","U+0053"
"Kwak̕wala","t","U+0074","T","U+0054"
"Kwak̕wala","t̓","U+0074 U+0313","T̓","U+0054 U+0313"
"Kwak̕wala","ts","U+0074 U+0073","Ts","U+0054 U+0073"
"Kwak̕wala","t̕s","U+0074 U+0315 U+0073","T̕s","U+0054 U+0315 U+0073"
"Kwak̕wala","tł","U+0074 U+0142","Tł","U+0054 U+0142"
"Kwak̕wala","t̕ł","U+0074 U+0315 U+0142","T̕ł","U+0054 U+0315 U+0142"
"Kwak̕wala","u","U+0075","U","U+0055"
"Kwak̕wala","w","U+0077","W","U+0057"
"Kwak̕wala","x","U+0078","X","U+0058"
"Kwak̕wala","xw","U+0078 U+0077","Xw","U+0058 U+0077"
"Kwak̕wala","x̱","U+0078 U+0331","X̱","U+0058 U+0331"
"Kwak̕wala","x̱w","U+0078 U+0331 U+0077","X̱w","U+0058 U+0331 U+0077"
"Kwak̕wala","y","U+0079","Y","U+0059"
"Kwak̕wala","'","U+0027","",""
"Kwak̕wala","a","U+0061","",""
"Kwak̕wala","b","U+0062","",""
"Kwak̕wala","c","U+0063","",""
"Kwak̕wala","c̓","U+0063 U+0313","",""
"Kwak̕wala","d","U+0064","",""
"Kwak̕wala","dᶻ","U+0064 U+1DBB","",""
"Kwak̕wala","ē","U+0113","",""
"Kwak̕wala","e","U+0065","",""
"Kwak̕wala","ə","U+0259","",""
"Kwak̕wala","g","U+0067","",""
"Kwak̕wala","gʷ","U+0067 U+02B7","",""
"Kwak̕wala","ǧ","U+01E7","",""
"Kwak̕wala","ǧʷ","U+01E7 U+02B7","",""
"Kwak̕wala","h","U+0068","",""
"Kwak̕wala","i","U+0069","",""
"Kwak̕wala","k","U+006B","",""
"Kwak̕wala","k̓","U+006B U+0313","",""
"Kwak̕wala","kʷ","U+006B U+02B7","",""
"Kwak̕wala","k̓ʷ","U+006B U+0313 U+02B7","",""
"Kwak̕wala","l","U+006C","",""
"Kwak̕wala","l̓","U+006C U+0313","",""
"Kwak̕wala","ɫ","U+026B","",""
"Kwak̕wala","λ","U+03BB","",""
"Kwak̕wala","ƛ","U+019B","",""
"Kwak̕wala","ƛ̓","U+019B U+0313","",""
"Kwak̕wala","m","U+006D","",""
"Kwak̕wala","m̓","U+006D U+0313","",""
"Kwak̕wala","n","U+006E","",""
"Kwak̕wala","n̓","U+006E U+0313","",""
"Kwak̕wala","o","U+006F","",""
"Kwak̕wala","p","U+0070","",""
"Kwak̕wala","p̓","U+0070 U+0313","",""
"Kwak̕wala","q","U+0071","",""
"Kwak̕wala","qʷ","U+0071 U+02B7","",""
"Kwak̕wala","q̓","U+0071 U+0313","",""
"Kwak̕wala","q̓ʷ","U+0071 U+0313 U+02B7","",""
"Kwak̕wala","s","U+0073","",""
"Kwak̕wala","t","U+0074","",""
"Kwak̕wala","t̓","U+0074 U+0313","",""
"Kwak̕wala","u","U+0075","",""
"Kwak̕wala","w","U+0077","",""
"Kwak̕wala","w̓","U+0077 U+0313","",""
"Kwak̕wala","x","U+0078","",""
"Kwak̕wala","xʷ","U+0078 U+02B7","",""
"Kwak̕wala","x̌","U+0078 U+030C","",""
"Kwak̕wala","x̌ʷ","U+0078 U+030C U+02B7","",""
"Kwak̕wala","y","U+0079","",""
"Kwak̕wala","y̓","U+0079 U+0313","",""
"kyuquot-checleseht","a","U+0061","",""
"kyuquot-checleseht","aa","U+0061 U+0061","",""
"kyuquot-checleseht","c","U+0063","",""
"kyuquot-checleseht","c̓","U+0063 U+0313","",""
"kyuquot-checleseht","č","U+010D","",""
"kyuquot-checleseht","č̓","U+010D U+0313","",""
"kyuquot-checleseht","e","U+0065","",""
"kyuquot-checleseht","ee","U+0065 U+0065","",""
"kyuquot-checleseht","h","U+0068","",""
"kyuquot-checleseht","ḥ","U+1E25","",""
"kyuquot-checleseht","i","U+0069","",""
"kyuquot-checleseht","ii","U+0069 U+0069","",""
"kyuquot-checleseht","k","U+006B","",""
"kyuquot-checleseht","kʷ","U+006B U+02B7","",""
"kyuquot-checleseht","k̓","U+006B U+0313","",""
"kyuquot-checleseht","k̓ʷ","U+006B U+0313 U+02B7","",""
"kyuquot-checleseht","ł","U+0142","",""
"kyuquot-checleseht","ƛ","U+019B","",""
"kyuquot-checleseht","ƛ̓","U+019B U+0313","",""
"kyuquot-checleseht","m","U+006D","",""
"kyuquot-checleseht","m̓","U+006D U+0313","",""
"kyuquot-checleseht","n","U+006E","",""
"kyuquot-checleseht","n̓","U+006E U+0313","",""
"kyuquot-checleseht","o","U+006F","",""
"kyuquot-checleseht","oo","U+006F U+006F","",""
"kyuquot-checleseht","p","U+0070","",""
"kyuquot-checleseht","p̓","U+0070 U+0313","",""
"kyuquot-checleseht","q","U+0071","",""
"kyuquot-checleseht","qʷ","U+0071 U+02B7","",""
"kyuquot-checleseht","s","U+0073","",""
"kyuquot-checleseht","š","U+0161","",""
"kyuquot-checleseht","t","U+0074","",""
"kyuquot-checleseht","t̓","U+0074 U+0313","",""
"kyuquot-checleseht","u","U+0075","",""
"kyuquot-checleseht","uu","U+0075 U+0075","",""
"kyuquot-checleseht","w","U+0077","",""
"kyuquot-checleseht","w̓","U+0077 U+0313","",""
"kyuquot-checleseht","x","U+0078","",""
"kyuquot-checleseht","xʷ","U+0078 U+02B7","",""
"kyuquot-checleseht","x̣","U+0078 U+0323","",""
"kyuquot-checleseht","x̣ʷ","U+0078 U+0323 U+02B7","",""
"kyuquot-checleseht","y","U+0079","",""
"kyuquot-checleseht","y̓","U+0079 U+0313","",""
"kyuquot-checleseht","ʔ","U+0294","",""
"kyuquot-checleseht","ʕ","U+0295","",""
"Lingít","a","U+0061","A","U+0041"
"Lingít","á","U+00E1","",""
"Lingít","aa","U+0061 U+0061","",""
"Lingít","áa","U+00E1 U+0061","",""
"Lingít","ch","U+0063 U+0068","Ch","U+0043 U+0068"
"Lingít","ch’","U+0063 U+0068 U+2019","Ch’","U+0043 U+0068 U+2019"
"Lingít","d","U+0064","D","U+0044"
"Lingít","dl","U+0064 U+006C","Dl","U+0044 U+006C"
"Lingít","dz","U+0064 U+007A","Dz","U+0044 U+007A"
"Lingít","e","U+0065","",""
"Lingít","é","U+00E9","",""
"Lingít","ei","U+0065 U+0069","",""
"Lingít","éi","U+00E9 U+0069","",""
"Lingít","g","U+0067","G","U+0047"
"Lingít","gw","U+0067 U+0077","Gw","U+0047 U+0077"
"Lingít","g̱","U+0067 U+0331","G̱","U+0047 U+0331"
"Lingít","g̱w","U+0067 U+0331 U+0077","G̱w","U+0047 U+0331 U+0077"
"Lingít","h","U+0068","H","U+0048"
"Lingít","i","U+0069","I","U+0049"
"Lingít","í","U+00ED","",""
"Lingít","ee","U+0065 U+0065","",""
"Lingít","ée","U+00E9 U+0065","",""
"Lingít","j","U+006A","J","U+004A"
"Lingít","k","U+006B","K","U+004B"
"Lingít","kw","U+006B U+0077","",""
"Lingít","k’","U+006B U+2019","",""
"Lingít","k’w","U+006B U+2019 U+0077","",""
"Lingít","ḵ","U+1E35","Ḵ","U+004B U+0331"
"Lingít","ḵw","U+1E35 U+0077","Ḵw","U+004B U+0331 U+0077"
"Lingít","ḵ’","U+006B U+0331 U+2019","Ḵ’","U+004B U+0331 U+2019"
"Lingít","ḵ’w","U+1E35 U+2019 U+0077","Ḵ’w","U+004B U+0331 U+2019 U+0077"
"Lingít","l","U+006C","L","U+004C"
"Lingít","l’","U+006C U+2019","",""
"Lingít","n","U+006E","N","U+004E"
"Lingít","s","U+0073","S","U+0053"
"Lingít","s’","U+0073 U+2019","S’","U+0053 U+2019"
"Lingít","sh","U+0073 U+0068","Sh","U+0053 U+0068"
"Lingít","t","U+0074","T","U+0054"
"Lingít","t’","U+0074 U+2019","T’","U+0054 U+2019"
"Lingít","tl","U+0074 U+006C","Tl","U+0054 U+006C"
"Lingít","tl’","U+0074 U+006C U+2019","Tl’","U+0054 U+006C U+2019"
"Lingít","ts","U+0074 U+0073","Ts","U+0054 U+0073"
"Lingít","ts’","U+0074 U+0073 U+2019","Ts’","U+0054 U+0073 U+2019"
"Lingít","u","U+0075","",""
"Lingít","ú","U+00FA","",""
"Lingít","oo","U+006F U+006F","Oo","U+004F U+006F"
"Lingít","óo","U+00F3 U+006F","ó","U+00F3"
"Lingít","o̱o","U+006F U+0331 U+006F","",""
"Lingít","ó̱o","U+00F3 U+0331 U+006F","",""
"Lingít","w","U+0077","W","U+0057"
"Lingít","x","U+0078","X","U+0058"
"Lingít","xw","U+0078 U+0077","Xw","U+0058 U+0077"
"Lingít","x’","U+0078 U+2019","X’","U+0058 U+2019"
"Lingít","x’w","U+0078 U+2019 U+0077","X’w","U+0058 U+2019 U+0077"
"Lingít","x̱","U+0078 U+0331","X̱","U+0058 U+0331"
"Lingít","x̱w","U+0078 U+0331 U+0077","X̱w","U+0058 U+0331 U+0077"
"Lingít","x̱’","U+0078 U+0331 U+2019","X̱’","U+0058 U+0331 U+2019"
"Lingít","x̱’w","U+0078 U+0331 U+2019 U+0077","X̱’w","U+0058 U+0331 U+2019 U+0077"
"Lingít","y","U+0079","Y","U+0059"
"Lingít","ÿ","U+00FF","Ÿ","U+0059 U+0308"
"Lingít",".","U+002E","",""
"Nedutʼen / Witsuwitʼen","'","U+0027","",""
"Nedutʼen / Witsuwitʼen","a","U+0061","A","U+0041"
"Nedutʼen / Witsuwitʼen","b","U+0062","B","U+0042"
"Nedutʼen / Witsuwitʼen","c","U+0063","C","U+0043"
"Nedutʼen / Witsuwitʼen","c'","U+0063 U+0027","C'","U+0043 U+0027"
"Nedutʼen / Witsuwitʼen","d","U+0064","D","U+0044"
"Nedutʼen / Witsuwitʼen","dl","U+0064 U+006C","Dl","U+0044 U+006C"
"Nedutʼen / Witsuwitʼen","dz","U+0064 U+007A","Dz","U+0044 U+007A"
"Nedutʼen / Witsuwitʼen","e","U+0065","E","U+0045"
"Nedutʼen / Witsuwitʼen","ee","U+0065 U+0065","Ee","U+0045 U+0065"
"Nedutʼen / Witsuwitʼen","g","U+0067","G","U+0047"
"Nedutʼen / Witsuwitʼen","gh","U+0067 U+0068","Gh","U+0047 U+0068"
"Nedutʼen / Witsuwitʼen","gw","U+0067 U+0077","Gw","U+0047 U+0077"
"Nedutʼen / Witsuwitʼen","h","U+0068","H","U+0048"
"Nedutʼen / Witsuwitʼen","i","U+0069","I","U+0049"
"Nedutʼen / Witsuwitʼen","j","U+006A","J","U+004A"
"Nedutʼen / Witsuwitʼen","k","U+006B","K","U+004B"
"Nedutʼen / Witsuwitʼen","k'","U+006B U+0027","K'","U+004B U+0027"
"Nedutʼen / Witsuwitʼen","kh","U+006B U+0068","Kh","U+004B U+0068"
"Nedutʼen / Witsuwitʼen","kw","U+006B U+0077","Kw","U+004B U+0077"
"Nedutʼen / Witsuwitʼen","kw'","U+006B U+0077 U+0027","Kw'","U+004B U+0077 U+0027"
"Nedutʼen / Witsuwitʼen","l","U+006C","L","U+004C"
"Nedutʼen / Witsuwitʼen","lh","U+006C U+0068","Lh","U+004C U+0068"
"Nedutʼen / Witsuwitʼen","m","U+006D","M","U+004D"
"Nedutʼen / Witsuwitʼen","'m","U+0027 U+006D","'M","U+0027 U+004D"
"Nedutʼen / Witsuwitʼen","n","U+006E","N","U+004E"
"Nedutʼen / Witsuwitʼen","'n","U+0027 U+006E","'N","U+0027 U+004E"
"Nedutʼen / Witsuwitʼen","o","U+006F","O","U+004F"
"Nedutʼen / Witsuwitʼen","s","U+0073","S","U+0053"
"Nedutʼen / Witsuwitʼen","t","U+0074","T","U+0054"
"Nedutʼen / Witsuwitʼen","t'","U+0074 U+0027","T'","U+0054 U+0027"
"Nedutʼen / Witsuwitʼen","tl","U+0074 U+006C","Tl","U+0054 U+006C"
"Nedutʼen / Witsuwitʼen","tl'","U+0074 U+006C U+0027","Tl'","U+0054 U+006C U+0027"
"Nedutʼen / Witsuwitʼen","ts","U+0074 U+0073","Ts","U+0054 U+0073"
"Nedutʼen / Witsuwitʼen","ts'","U+0074 U+0073 U+0027","Ts'","U+0054 U+0073 U+0027"
"Nedutʼen / Witsuwitʼen","u","U+0075","U","U+0055"
"Nedutʼen / Witsuwitʼen","w","U+0077","W","U+0057"
"Nedutʼen / Witsuwitʼen","wh","U+0077 U+0068","Wh","U+0057 U+0068"
"Nedutʼen / Witsuwitʼen","y","U+0079","Y","U+0059"
"Nedutʼen / Witsuwitʼen","yh","U+0079 U+0068","Yh","U+0059 U+0068"
"Nedutʼen / Witsuwitʼen","z","U+007A","Z","U+005A"
"Nedutʼen / Witsuwitʼen","c’","U+0063 U+2019","C’","U+0043 U+2019"
"Nedutʼen / Witsuwitʼen","ë","U+00EB","Ë","U+00CB"
"Nedutʼen / Witsuwitʼen","gg","U+0067 U+0067","Gg","U+0047 U+0067"
"Nedutʼen / Witsuwitʼen","ï","U+00EF","Ï","U+00CF"
"Nedutʼen / Witsuwitʼen","k’","U+006B U+2019","K’","U+004B U+2019"
"Nedutʼen / Witsuwitʼen","kw’","U+006B U+0077 U+2019","Kw’","U+004B U+0077 U+2019"
"Nedutʼen / Witsuwitʼen","p","U+0070","P","U+0050"
"Nedutʼen / Witsuwitʼen","t’","U+0074 U+2019","T’","U+0054 U+2019"
"Nedutʼen / Witsuwitʼen","ts’","U+0074 U+0073 U+2019","Ts’","U+0054 U+0073 U+2019"
"Nedutʼen / Witsuwitʼen","tl’","U+0074 U+006C U+2019","Tl’","U+0054 U+006C U+2019"
"Nedutʼen / Witsuwitʼen","’","U+2019","",""
"nēhiyawēwin","a","U+0061","A","U+0041"
"nēhiyawēwin","ā","U+0101","Ā","U+0100"
"nēhiyawēwin","c","U+0063","C","U+0043"
"nēhiyawēwin","e","U+0065","E","U+0045"
"nēhiyawēwin","ē","U+0113","Ē","U+0112"
"nēhiyawēwin","h","U+0068","H","U+0048"
"nēhiyawēwin","i","U+0069","I","U+0049"
"nēhiyawēwin","k","U+006B","K","U+004B"
"nēhiyawēwin","l","U+006C","L","U+004C"
"nēhiyawēwin","m","U+006D","M","U+004D"
"nēhiyawēwin","n","U+006E","N","U+004E"
"nēhiyawēwin","o","U+006F","O","U+004F"
"nēhiyawēwin","ō","U+014D","Ō","U+014C"
"nēhiyawēwin","p","U+0070","P","U+0050"
"nēhiyawēwin","s","U+0073","S","U+0053"
"nēhiyawēwin","t","U+0074","T","U+0054"
"nēhiyawēwin","w","U+0077","W","U+0057"
"nēhiyawēwin","y","U+0079","Y","U+0059"
"nēhiyawēwin","ᐊ","U+140A","",""
"nēhiyawēwin","ᐁ","U+1401","",""
"nēhiyawēwin","ᐃ","U+1403","",""
"nēhiyawēwin","ᐅ","U+1405","",""
"nēhiyawēwin","ᐧ","U+1427","",""
"nēhiyawēwin","ᐤ","U+1424","",""
"nēhiyawēwin","ᐸ","U+1438","",""
"nēhiyawēwin","ᐯ","U+142F","",""
"nēhiyawēwin","ᐱ","U+1431","",""
"nēhiyawēwin","ᐳ","U+1433","",""
"nēhiyawēwin","ᑊ","U+144A","",""
"nēhiyawēwin","ᐦ","U+1426","",""
"nēhiyawēwin","ᑕ","U+1455","",""
"nēhiyawēwin","ᑌ","U+144C","",""
"nēhiyawēwin","ᑎ","U+144E","",""
"nēhiyawēwin","ᑐ","U+1450","",""
"nēhiyawēwin","ᐟ","U+141F","",""
"nēhiyawēwin","ᑲ","U+1472","",""
"nēhiyawēwin","ᑫ","U+146B","",""
"nēhiyawēwin","ᑭ","U+146D","",""
"nēhiyawēwin","ᑯ","U+146F","",""
"nēhiyawēwin","ᐠ","U+1420","",""
"nēhiyawēwin","ᒐ","U+1490","",""
"nēhiyawēwin","ᒉ","U+1489","",""
"nēhiyawēwin","ᒋ","U+148B","",""
"nēhiyawēwin","ᒍ","U+148D","",""
"nēhiyawēwin","ᐨ","U+1428","",""
"nēhiyawēwin","ᒪ","U+14AA","",""
"nēhiyawēwin","ᒣ","U+14A3","",""
"nēhiyawēwin","ᒥ","U+14A5","",""
"nēhiyawēwin","ᒧ","U+14A7","",""
"nēhiyawēwin","ᒼ","U+14BC","",""
"nēhiyawēwin","ᓇ","U+14C7","",""
"nēhiyawēwin","ᓀ","U+14C0","",""
"nēhiyawēwin","ᓂ","U+14C2","",""
"nēhiyawēwin","ᓄ","U+14C4","",""
"nēhiyawēwin","ᐣ","U+1423","",""
"nēhiyawēwin","ᓴ","U+14F4","",""
"nēhiyawēwin","ᓭ","U+14ED","",""
"nēhiyawēwin","ᓯ","U+14EF","",""
"nēhiyawēwin","ᓱ","U+14F1","",""
"nēhiyawēwin","ᐢ","U+1422","",""
"nēhiyawēwin","ᔭ","U+152D","",""
"nēhiyawēwin","ᔦ","U+1526","",""
"nēhiyawēwin","ᔨ","U+1528","",""
"nēhiyawēwin","ᔪ","U+152A","",""
"nēhiyawēwin","ᐩ","U+1429","",""
"nēhiyawēwin","ᐋ","U+140B","",""
"nēhiyawēwin","ᐁᐧ","U+1401 U+1427","",""
"nēhiyawēwin","ᐃᐧ","U+1403 U+1427","",""
"nēhiyawēwin","ᐅᐧ","U+1405 U+1427","",""
"nēhiyawēwin","ᐊᐧ","U+140A U+1427","",""
"nēhiyawēwin","ᐋᐧ","U+140B U+1427","",""
"nēhiyawēwin","ᐹ","U+1439","",""
"nēhiyawēwin","ᑖ","U+1456","",""
"nēhiyawēwin","ᑳ","U+1473","",""
"nēhiyawēwin","ᒑ","U+1491","",""
"nēhiyawēwin","ᒫ","U+14AB","",""
"nēhiyawēwin","ᓈ","U+14C8","",""
"nēhiyawēwin","ᓵ","U+14F5","",""
"nēhiyawēwin","ᔮ","U+152E","",""
"nēhiyawēwin","ᓬ","U+14EC","",""
"nēhiyawēwin","ᕒ","U+1552","",""
"nēhiyawēwin","᙮","U+166E","",""
"Nisg̱aʼa","a","U+0061","A","U+0041"
"Nisg̱aʼa","aa","U+0061 U+0061","Aa","U+0041 U+0061"
"Nisg̱aʼa","b","U+0062","B","U+0042"
"Nisg̱aʼa","d","U+0064","D","U+0044"
"Nisg̱aʼa","e","U+0065","E","U+0045"
"Nisg̱aʼa","ee","U+0065 U+0065","Ee","U+0045 U+0065"
"Nisg̱aʼa","g","U+0067","G","U+0047"
"Nisg̱aʼa","g̱","U+0067 U+0331","G̱","U+0047 U+0331"
"Nisg̱aʼa","gw","U+0067 U+0077","Gw","U+0047 U+0077"
"Nisg̱aʼa","h","U+0068","H","U+0048"
"Nisg̱aʼa","hl","U+0068 U+006C","Hl","U+0048 U+006C"
"Nisg̱aʼa","i","U+0069","I","U+0049"
"Nisg̱aʼa","ii","U+0069 U+0069","Ii","U+0049 U+0069"
"Nisg̱aʼa","j","U+006A","J","U+004A"
"Nisg̱aʼa","k","U+006B","K","U+004B"
"Nisg̱aʼa","k'","U+006B U+0027","K'","U+004B U+0027"
"Nisg̱aʼa","ḵ","U+1E35","Ḵ","U+1E34"
"Nisg̱aʼa","ḵ'","U+1E35 U+0027","Ḵ'","U+1E34 U+0027"
"Nisg̱aʼa","kw","U+006B U+0077","Kw","U+004B U+0077"
"Nisg̱aʼa","kw'","U+006B U+0077 U+0027","Kw'","U+004B U+0077 U+0027"
"Nisg̱aʼa","l","U+006C","L","U+004C"
"Nisg̱aʼa","l̓","U+006C U+0313","L̓","U+004C U+0313"
"Nisg̱aʼa","m","U+006D","M","U+004D"
"Nisg̱aʼa","m̓","U+006D U+0313","M̓","U+004D U+0313"
"Nisg̱aʼa","n","U+006E","N","U+004E"
"Nisg̱aʼa","n̓","U+006E U+0313","N̓","U+004E U+0313"
"Nisg̱aʼa","o","U+006F","O","U+004F"
"Nisg̱aʼa","oo","U+006F U+006F","Oo","U+004F U+006F"
"Nisg̱aʼa","p","U+0070","P","U+0050"
"Nisg̱aʼa","p'","U+0070 U+0027","P'","U+0050 U+0027"
"Nisg̱aʼa","s","U+0073","S","U+0053"
"Nisg̱aʼa","t","U+0074","T","U+0054"
"Nisg̱aʼa","t'","U+0074 U+0027","T'","U+0054 U+0027"
"Nisg̱aʼa","tl'","U+0074 U+006C U+0027","Tl'","U+0054 U+006C U+0027"
"Nisg̱aʼa","ts","U+0074 U+0073","Ts","U+0054 U+0073"
"Nisg̱aʼa","ts'","U+0074 U+0073 U+0027","Ts'","U+0054 U+0073 U+0027"
"Nisg̱aʼa","u","U+0075","U","U+0055"
"Nisg̱aʼa","uu","U+0075 U+0075","Uu","U+0055 U+0075"
"Nisg̱aʼa","w","U+0077","W","U+0057"
"Nisg̱aʼa","w̓","U+0077 U+0313","W̓","U+0057 U+0313"
"Nisg̱aʼa","x","U+0078","X","U+0058"
"Nisg̱aʼa","x̱","U+0078 U+0331","X̱","U+0058 U+0331"
"Nisg̱aʼa","xw","U+0078 U+0077","Xw","U+0058 U+0077"
"Nisg̱aʼa","y","U+0079","Y","U+0059"
"Nisg̱aʼa","y̓","U+0079 U+0313","Y̓","U+0059 U+0313"
"Nisg̱aʼa","'","U+0027","",""
"Nɬeʔkepmxcín","ʔ","U+0294","",""
"Nɬeʔkepmxcín","a","U+0061","A","U+0041"
"Nɬeʔkepmxcín","á","U+00E1","Á","U+00C1"
"Nɬeʔkepmxcín","c","U+0063","C","U+0043"
"Nɬeʔkepmxcín","c̓","U+0063 U+0313","C̓","U+0043 U+0313"
"Nɬeʔkepmxcín","c̣","U+0063 U+0323","C̣","U+0043 U+0323"
"Nɬeʔkepmxcín","e","U+0065","E","U+0045"
"Nɬeʔkepmxcín","é","U+00E9","É","U+00C9"
"Nɬeʔkepmxcín","ə","U+0259","Ə","U+018F"
"Nɬeʔkepmxcín","ə́","U+0259 U+0301","Ə́","U+018F U+0301"
"Nɬeʔkepmxcín","ə̣","U+0259 U+0323","Ə̣","U+018F U+0323"
"Nɬeʔkepmxcín","ɣ","U+0263","Ɣ","U+0194"
"Nɬeʔkepmxcín","ɣ̓","U+0263 U+0313","Ɣ̓","U+0194 U+0313"
"Nɬeʔkepmxcín","h","U+0068","H","U+0048"
"Nɬeʔkepmxcín","i","U+0069","I","U+0049"
"Nɬeʔkepmxcín","í","U+00ED","Í","U+00CD"
"Nɬeʔkepmxcín","ị","U+1ECB","Ị","U+1ECA"
"Nɬeʔkepmxcín","k","U+006B","K","U+004B"
"Nɬeʔkepmxcín","k̓","U+006B U+0313","K̓","U+004B U+0313"
"Nɬeʔkepmxcín","kʷ","U+006B U+02B7","Kʷ","U+004B U+02B7"
"Nɬeʔkepmxcín","k̓ʷ","U+006B U+0313 U+02B7","K̓ʷ","U+004B U+0313 U+02B7"
"Nɬeʔkepmxcín","l","U+006C","L","U+004C"
"Nɬeʔkepmxcín","ḷ","U+1E37","Ḷ","U+1E36"
"Nɬeʔkepmxcín","l̓","U+006C U+0313","L̓","U+004C U+0313"
"Nɬeʔkepmxcín","ł","U+0142","Ł","U+0141"
"Nɬeʔkepmxcín","ƛ̓","U+019B U+0313","",""
"Nɬeʔkepmxcín","m","U+006D","M","U+004D"
"Nɬeʔkepmxcín","m̓","U+006D U+0313","M̓","U+004D U+0313"
"Nɬeʔkepmxcín","n","U+006E","N","U+004E"
"Nɬeʔkepmxcín","n̓","U+006E U+0313","N̓","U+004E U+0313"
"Nɬeʔkepmxcín","ó","U+00F3","Ó","U+00D3"
"Nɬeʔkepmxcín","p","U+0070","P","U+0050"
"Nɬeʔkepmxcín","p̓","U+0070 U+0313","P̓","U+0050 U+0313"
"Nɬeʔkepmxcín","q","U+0071","Q","U+0051"
"Nɬeʔkepmxcín","q̓","U+0071 U+0313","Q̓","U+0051 U+0313"
"Nɬeʔkepmxcín","qʷ","U+0071 U+02B7","Qʷ","U+0051 U+02B7"
"Nɬeʔkepmxcín","q̓ʷ","U+0071 U+0313 U+02B7","Q̓ʷ","U+0051 U+0313 U+02B7"
"Nɬeʔkepmxcín","s","U+0073","S","U+0053"
"Nɬeʔkepmxcín","ṣ","U+1E63","Ṣ","U+1E62"
"Nɬeʔkepmxcín","t","U+0074","T","U+0054"
"Nɬeʔkepmxcín","t̓","U+0074 U+0313","T̓","U+0054 U+0313"
"Nɬeʔkepmxcín","Ɵ","U+019F","",""
"Nɬeʔkepmxcín","u","U+0075","U","U+0055"
"Nɬeʔkepmxcín","ú","U+00FA","Ú","U+00DA"
"Nɬeʔkepmxcín","w","U+0077","W","U+0057"
"Nɬeʔkepmxcín","w̓","U+0077 U+0313","W̓","U+0057 U+0313"
"Nɬeʔkepmxcín","x","U+0078","X","U+0058"
"Nɬeʔkepmxcín","xʷ","U+0078 U+02B7","Xʷ","U+0058 U+02B7"
"Nɬeʔkepmxcín","x̣","U+0078 U+0323","X̣","U+0058 U+0323"
"Nɬeʔkepmxcín","x̣ʷ","U+0078 U+0323 U+02B7","X̣ʷ","U+0058 U+0323 U+02B7"
"Nɬeʔkepmxcín","y","U+0079","Y","U+0059"
"Nɬeʔkepmxcín","y̓","U+0079 U+0313","Y̓","U+0059 U+0313"
"Nɬeʔkepmxcín","z","U+007A","Z","U+005A"
"Nɬeʔkepmxcín","z̓","U+007A U+0313","Z̓","U+005A U+0313"
"Nɬeʔkepmxcín","ʕ","U+0295","",""
"Nɬeʔkepmxcín","ʕ̓","U+0295 U+0313","",""
"Nɬeʔkepmxcín","ʕʷ","U+0295 U+02B7","",""
"Nɬeʔkepmxcín","ʕ̓ʷ","U+0295 U+0313 U+02B7","",""
"Nɬeʔkepmxcín",".","U+002E","",""
"Nɬeʔkepmxcín","a","U+0061","",""
"Nɬeʔkepmxcín","A","U+0041","",""
"Nɬeʔkepmxcín","ch","U+0063 U+0068","",""
"Nɬeʔkepmxcín","TS","U+0054 U+0053","",""
"Nɬeʔkepmxcín","e","U+0065","",""
"Nɬeʔkepmxcín","E","U+0045","",""
"Nɬeʔkepmxcín","g̲","U+0067 U+0332","",""
"Nɬeʔkepmxcín","h","U+0068","",""
"Nɬeʔkepmxcín","ee","U+0065 U+0065","",""
"Nɬeʔkepmxcín","EE","U+0045 U+0045","",""
"Nɬeʔkepmxcín","i","U+0069","",""
"Nɬeʔkepmxcín","I","U+0049","",""
"Nɬeʔkepmxcín","k","U+006B","",""
"Nɬeʔkepmxcín","K","U+004B","",""
"Nɬeʔkepmxcín","kw","U+006B U+0077","",""
"Nɬeʔkepmxcín","Kw","U+004B U+0077","",""
"Nɬeʔkepmxcín","l","U+006C","",""
"Nɬeʔkepmxcín","lh","U+006C U+0068","",""
"Nɬeʔkepmxcín","TL","U+0054 U+004C","",""
"Nɬeʔkepmxcín","m","U+006D","",""
"Nɬeʔkepmxcín","n","U+006E","",""
"Nɬeʔkepmxcín","p","U+0070","",""
"Nɬeʔkepmxcín","k̲","U+006B U+0332","",""
"Nɬeʔkepmxcín","K̲","U+004B U+0332","",""
"Nɬeʔkepmxcín","K̲w","U+004B U+0332 U+0077","",""
"Nɬeʔkepmxcín","sh","U+0073 U+0068","",""
"Nɬeʔkepmxcín","s","U+0073","",""
"Nɬeʔkepmxcín","t","U+0074","",""
"Nɬeʔkepmxcín","oo","U+006F U+006F","",""
"Nɬeʔkepmxcín","OO","U+004F U+004F","",""
"Nɬeʔkepmxcín","w","U+0077","",""
"Nɬeʔkepmxcín","hh","U+0068 U+0068","",""
"Nɬeʔkepmxcín","wuh","U+0077 U+0075 U+0068","",""
"Nɬeʔkepmxcín","h̲h̲","U+0068 U+0332 U+0068 U+0332","",""
"Nɬeʔkepmxcín","w̲u̲h̲","U+0077 U+0332 U+0075 U+0332 U+0068 U+0332","",""
"Nɬeʔkepmxcín","y","U+0079","",""
"Nɬeʔkepmxcín","z","U+007A","",""
"Nɬeʔkepmxcín","-","U+002D","",""
"Nɬeʔkepmxcín","ɬ","U+026C","Ɬ","U+A7AD"
"Nsyilxcən","a","U+0061","",""
"Nsyilxcən","á","U+00E1","",""
"Nsyilxcən","c","U+0063","",""
"Nsyilxcən","c̓","U+0063 U+0313","",""
"Nsyilxcən","ə","U+0259","",""
"Nsyilxcən","ə́","U+0259 U+0301","",""
"Nsyilxcən","ɣ","U+0263","",""
"Nsyilxcən","ɣ̓","U+0263 U+0313","",""
"Nsyilxcən","h","U+0068","",""
"Nsyilxcən","ḥ","U+1E25","",""
"Nsyilxcən","i","U+0069","",""
"Nsyilxcən","í","U+00ED","",""
"Nsyilxcən","k","U+006B","",""
"Nsyilxcən","k̓","U+006B U+0313","",""
"Nsyilxcən","kʷ","U+006B U+02B7","",""
"Nsyilxcən","k̓ʷ","U+006B U+0313 U+02B7","",""
"Nsyilxcən","l","U+006C","",""
"Nsyilxcən","l̓","U+006C U+0313","",""
"Nsyilxcən","ɬ","U+026C","",""
"Nsyilxcən","ƛ̓","U+019B U+0313","",""
"Nsyilxcən","m","U+006D","",""
"Nsyilxcən","m̓","U+006D U+0313","",""
"Nsyilxcən","n","U+006E","",""
"Nsyilxcən","n̓","U+006E U+0313","",""
"Nsyilxcən","p","U+0070","",""
"Nsyilxcən","t","U+0074","",""
"Nsyilxcən","q̓ʷ","U+0071 U+0313 U+02B7","",""
"Nsyilxcən","q̓","U+0071 U+0313","",""
"Nsyilxcən","qʷ","U+0071 U+02B7","",""
"Nsyilxcən","q","U+0071","",""
"Nsyilxcən","r","U+0072","",""
"Nsyilxcən","r̓","U+0072 U+0313","",""
"Nsyilxcən","s","U+0073","",""
"Nsyilxcən","p̓","U+0070 U+0313","",""
"Nsyilxcən","t̓","U+0074 U+0313","",""
"Nsyilxcən","u","U+0075","",""
"Nsyilxcən","ú","U+00FA","",""
"Nsyilxcən","w","U+0077","",""
"Nsyilxcən","w̓","U+0077 U+0313","",""
"Nsyilxcən","x","U+0078","",""
"Nsyilxcən","xʷ","U+0078 U+02B7","",""
"Nsyilxcən","x̌","U+0078 U+030C","",""
"Nsyilxcən","x̌ʷ","U+0078 U+030C U+02B7","",""
"Nsyilxcən","y","U+0079","",""
"Nsyilxcən","y̓","U+0079 U+0313","",""
"Nsyilxcən","ʔ","U+0294","",""
"Nsyilxcən","ʕ","U+0295","",""
"Nsyilxcən","ʕ̓","U+0295 U+0313","",""
"Nsyilxcən","ʕʷ","U+0295 U+02B7","",""
"Nsyilxcən","ʕ̓ʷ","U+0295 U+0313 U+02B7","",""
"Nsyilxcən","ł","U+0142","",""
"nuučaan̓uł","a","U+0061","",""
"nuučaan̓uł","aa","U+0061 U+0061","",""
"nuučaan̓uł","c","U+0063","",""
"nuučaan̓uł","c̓","U+0063 U+0313","",""
"nuučaan̓uł","č","U+010D","",""
"nuučaan̓uł","č̓","U+010D U+0313","",""
"nuučaan̓uł","h","U+0068","",""
"nuučaan̓uł","ḥ","U+1E25","",""
"nuučaan̓uł","i","U+0069","",""
"nuučaan̓uł","ii","U+0069 U+0069","",""
"nuučaan̓uł","k","U+006B","",""
"nuučaan̓uł","k̓","U+006B U+0313","",""
"nuučaan̓uł","kʷ","U+006B U+02B7","",""
"nuučaan̓uł","k̓ʷ","U+006B U+0313 U+02B7","",""
"nuučaan̓uł","ł","U+0142","",""
"nuučaan̓uł","ƛ","U+019B","",""
"nuučaan̓uł","ƛ̓","U+019B U+0313","",""
"nuučaan̓uł","m","U+006D","",""
"nuučaan̓uł","m̓","U+006D U+0313","",""
"nuučaan̓uł","n","U+006E","",""
"nuučaan̓uł","n̓","U+006E U+0313","",""
"nuučaan̓uł","p","U+0070","",""
"nuučaan̓uł","p̓","U+0070 U+0313","",""
"nuučaan̓uł","q","U+0071","",""
"nuučaan̓uł","qʷ","U+0071 U+02B7","",""
"nuučaan̓uł","s","U+0073","",""
"nuučaan̓uł","š","U+0161","",""
"nuučaan̓uł","t","U+0074","",""
"nuučaan̓uł","t̓","U+0074 U+0313","",""
"nuučaan̓uł","u","U+0075","",""
"nuučaan̓uł","uu","U+0075 U+0075","",""
"nuučaan̓uł","w","U+0077","",""
"nuučaan̓uł","w̓","U+0077 U+0313","",""
"nuučaan̓uł","x","U+0078","",""
"nuučaan̓uł","x̣","U+0078 U+0323","",""
"nuučaan̓uł","xʷ","U+0078 U+02B7","",""
"nuučaan̓uł","x̣ʷ","U+0078 U+0323 U+02B7","",""
"nuučaan̓uł","y","U+0079","",""
"nuučaan̓uł","y̓","U+0079 U+0313","",""
"nuučaan̓uł","ʕ","U+0295","",""
"nuučaan̓uł","ʔ","U+0294","",""
"nuučaan̓uł","e","U+0065","",""
"nuučaan̓uł","ee","U+0065 U+0065","",""
"nuučaan̓uł","o","U+006F","",""
"nuučaan̓uł","oo","U+006F U+006F","",""
"nuučaan̓uł","ʕa","U+0295 U+0061","",""
"nuučaan̓uł","ʕi","U+0295 U+0069","",""
"nuučaan̓uł","ʕu","U+0295 U+0075","",""
"Nuxalk","a","U+0061","A","U+0041"
"Nuxalk","aa","U+0061 U+0061","Aa","U+0041 U+0061"
"Nuxalk","c","U+0063","C","U+0043"
"Nuxalk","cw","U+0063 U+0077","Cw","U+0043 U+0077"
"Nuxalk","h","U+0068","H","U+0048"
"Nuxalk","i","U+0069","I","U+0049"
"Nuxalk","ii","U+0069 U+0069","Ii","U+0049 U+0069"
"Nuxalk","k","U+006B","K","U+004B"
"Nuxalk","k’","U+006B U+2019","K’","U+004B U+2019"
"Nuxalk","kw","U+006B U+0077","Kw","U+004B U+0077"
"Nuxalk","kw’","U+006B U+0077 U+2019","Kw’","U+004B U+0077 U+2019"
"Nuxalk","l","U+006C","L","U+004C"
"Nuxalk","lh","U+006C U+0068","Lh","U+004C U+0068"
"Nuxalk","m","U+006D","M","U+004D"
"Nuxalk","n","U+006E","N","U+004E"
"Nuxalk","p","U+0070","P","U+0050"
"Nuxalk","p’","U+0070 U+2019","P’","U+0050 U+2019"
"Nuxalk","q","U+0071","Q","U+0051"
"Nuxalk","q’","U+0071 U+2019","Q’","U+0051 U+2019"
"Nuxalk","qw","U+0071 U+0077","Qw","U+0051 U+0077"
"Nuxalk","qw’","U+0071 U+0077 U+2019","Qw’","U+0051 U+0077 U+2019"
"Nuxalk","s","U+0073","S","U+0053"
"Nuxalk","t","U+0074","T","U+0054"
"Nuxalk","t’","U+0074 U+2019","T’","U+0054 U+2019"
"Nuxalk","tl’","U+0074 U+006C U+2019","Tl’","U+0054 U+006C U+2019"
"Nuxalk","ts","U+0074 U+0073","Ts","U+0054 U+0073"
"Nuxalk","ts’","U+0074 U+0073 U+2019","Ts’","U+0054 U+0073 U+2019"
"Nuxalk","u","U+0075","U","U+0055"
"Nuxalk","uu","U+0075 U+0075","Uu","U+0055 U+0075"
"Nuxalk","w","U+0077","W̓","U+0057 U+0313"
"Nuxalk","x","U+0078","X","U+0058"
"Nuxalk","xw","U+0078 U+0077","Xw","U+0058 U+0077"
"Nuxalk","y","U+0079","Y","U+0059"
"Nuxalk","7","U+0037","",""
"Secwepemctsín","a","U+0061","",""
"Secwepemctsín","á","U+00E1","",""
"Secwepemctsín","c","U+0063","",""
"Secwepemctsín","cw","U+0063 U+0077","",""
"Secwepemctsín","e","U+0065","",""
"Secwepemctsín","é","U+00E9","",""
"Secwepemctsín","g","U+0067","",""
"Secwepemctsín","gw","U+0067 U+0077","",""
"Secwepemctsín","g̓w","U+0067 U+0313 U+0077","",""
"Secwepemctsín","h","U+0068","",""
"Secwepemctsín","i","U+0069","",""
"Secwepemctsín","í","U+00ED","",""
"Secwepemctsín","k","U+006B","",""
"Secwepemctsín","kw","U+006B U+0077","",""
"Secwepemctsín","k̓","U+006B U+0313","",""
"Secwepemctsín","k̓w","U+006B U+0313 U+0077","",""
"Secwepemctsín","l","U+006C","",""
"Secwepemctsín","l̓","U+006C U+0313","",""
"Secwepemctsín","ll","U+006C U+006C","",""
"Secwepemctsín","m","U+006D","",""
"Secwepemctsín","m̓","U+006D U+0313","",""
"Secwepemctsín","n","U+006E","",""
"Secwepemctsín","n̓","U+006E U+0313","",""
"Secwepemctsín","o","U+006F","",""
"Secwepemctsín","ó","U+00F3","",""
"Secwepemctsín","p","U+0070","",""
"Secwepemctsín","p̓","U+0070 U+0313","",""
"Secwepemctsín","q","U+0071","",""
"Secwepemctsín","qw","U+0071 U+0077","",""
"Secwepemctsín","q̓","U+0071 U+0313","",""
"Secwepemctsín","q̓w","U+0071 U+0313 U+0077","",""
"Secwepemctsín","r","U+0072","",""
"Secwepemctsín","r̓","U+0072 U+0313","",""
"Secwepemctsín","s","U+0073","",""
"Secwepemctsín","t","U+0074","",""
"Secwepemctsín","ts","U+0074 U+0073","",""
"Secwepemctsín","t̓","U+0074 U+0313","",""
"Secwepemctsín","ts̓","U+0074 U+0073 U+0313","",""
"Secwepemctsín","u","U+0075","",""
"Secwepemctsín","ú","U+00FA","",""
"Secwepemctsín","w","U+0077","",""
"Secwepemctsín","w̓","U+0077 U+0313","",""
"Secwepemctsín","x","U+0078","",""
"Secwepemctsín","xw","U+0078 U+0077","",""
"Secwepemctsín","y","U+0079","",""
"Secwepemctsín","y̓","U+0079 U+0313","",""
"Secwepemctsín","7","U+0037","",""
"Secwepemctsín","a","U+0061","A","U+0041"
"Secwepemctsín","á","U+00E1","Á","U+00C1"
"Secwepemctsín","ah","U+0061 U+0068","Ah","U+0041 U+0068"
"Secwepemctsín","c","U+0063","C","U+0043"
"Secwepemctsín","cw","U+0063 U+0077","Cw","U+0043 U+0077"
"Secwepemctsín","e","U+0065","E","U+0045"
"Secwepemctsín","é","U+00E9","É","U+00C9"
"Secwepemctsín","g","U+0067","G","U+0047"
"Secwepemctsín","gw","U+0067 U+0077","Gw","U+0047 U+0077"
"Secwepemctsín","g̓w","U+0067 U+0313 U+0077","G̓w","U+0047 U+0313 U+0077"
"Secwepemctsín","h","U+0068","H","U+0048"
"Secwepemctsín","i","U+0069","I","U+0049"
"Secwepemctsín","í","U+00ED","Í","U+00CD"
"Secwepemctsín","k","U+006B","K","U+004B"
"Secwepemctsín","kw","U+006B U+0077","Kw","U+004B U+0077"
"Secwepemctsín","k̓","U+006B U+0313","K̓","U+004B U+0313"
"Secwepemctsín","k̓w","U+006B U+0313 U+0077","K̓w","U+004B U+0313 U+0077"
"Secwepemctsín","l","U+006C","L","U+004C"
"Secwepemctsín","l̓","U+006C U+0313","L̓","U+004C U+0313"
"Secwepemctsín","ll","U+006C U+006C","Ll","U+004C U+006C"
"Secwepemctsín","m","U+006D","M","U+004D"
"Secwepemctsín","m̓","U+006D U+0313","M̓","U+004D U+0313"
"Secwepemctsín","n","U+006E","N","U+004E"
"Secwepemctsín","n̓","U+006E U+0313","N̓","U+004E U+0313"
"Secwepemctsín","o","U+006F","O","U+004F"
"Secwepemctsín","ó","U+00F3","Ó","U+00D3"
"Secwepemctsín","p","U+0070","P","U+0050"
"Secwepemctsín","p̓","U+0070 U+0313","P̓","U+0050 U+0313"
"Secwepemctsín","q","U+0071","Q","U+0051"
"Secwepemctsín","qw","U+0071 U+0077","Qw","U+0051 U+0077"
"Secwepemctsín","q̓","U+0071 U+0313","Q̓","U+0051 U+0313"
"Secwepemctsín","q̓w","U+0071 U+0313 U+0077","Q̓w","U+0051 U+0313 U+0077"
"Secwepemctsín","r","U+0072","R","U+0052"
"Secwepemctsín","r̓","U+0072 U+0313","R̓","U+0052 U+0313"
"Secwepemctsín","s","U+0073","S","U+0053"
"Secwepemctsín","t","U+0074","T","U+0054"
"Secwepemctsín","ts","U+0074 U+0073","Ts","U+0054 U+0073"
"Secwepemctsín","t̓","U+0074 U+0313","T̓","U+0054 U+0313"
"Secwepemctsín","ts̓","U+0074 U+0073 U+0313","Ts̓","U+0054 U+0073 U+0313"
"Secwepemctsín","u","U+0075","U","U+0055"
"Secwepemctsín","ú","U+00FA","Ú","U+00DA"
"Secwepemctsín","w","U+0077","W","U+0057"
"Secwepemctsín","w̓","U+0077 U+0313","W̓","U+0057 U+0313"
"Secwepemctsín","x","U+0078","X","U+0058"
"Secwepemctsín","xw","U+0078 U+0077","Xw","U+0058 U+0077"
"Secwepemctsín","y","U+0079","Y","U+0059"
"Secwepemctsín","y̓","U+0079 U+0313","Y̓","U+0059 U+0313"
"SENĆOŦEN / Malchosen / Lekwungen / Semiahmoo / TʼSou-ke","ʔ","U+0294","",""
"SENĆOŦEN / Malchosen / Lekwungen / Semiahmoo / TʼSou-ke","a","U+0061","A","U+0041"
"SENĆOŦEN / Malchosen / Lekwungen / Semiahmoo / TʼSou-ke","ay","U+0061 U+0079","",""
"SENĆOŦEN / Malchosen / Lekwungen / Semiahmoo / TʼSou-ke","c","U+0063","C","U+0043"
"SENĆOŦEN / Malchosen / Lekwungen / Semiahmoo / TʼSou-ke","c̓","U+0063 U+0313","C̓","U+0043 U+0313"
"SENĆOŦEN / Malchosen / Lekwungen / Semiahmoo / TʼSou-ke","č","U+010D","Č","U+010C"
"SENĆOŦEN / Malchosen / Lekwungen / Semiahmoo / TʼSou-ke","č̓","U+010D U+0313","Č̓","U+010C U+0313"
"SENĆOŦEN / Malchosen / Lekwungen / Semiahmoo / TʼSou-ke","e","U+0065","E","U+0045"
"SENĆOŦEN / Malchosen / Lekwungen / Semiahmoo / TʼSou-ke","ey","U+0065 U+0079","Ey","U+0045 U+0079"
"SENĆOŦEN / Malchosen / Lekwungen / Semiahmoo / TʼSou-ke","ə","U+0259","",""
"SENĆOŦEN / Malchosen / Lekwungen / Semiahmoo / TʼSou-ke","əw̓","U+0259 U+0077 U+0313","Əw̓","U+018F U+0077 U+0313"
"SENĆOŦEN / Malchosen / Lekwungen / Semiahmoo / TʼSou-ke","h","U+0068","H","U+0048"
"SENĆOŦEN / Malchosen / Lekwungen / Semiahmoo / TʼSou-ke","i","U+0069","I","U+0049"
"SENĆOŦEN / Malchosen / Lekwungen / Semiahmoo / TʼSou-ke","kʷ","U+006B U+02B7","Kʷ","U+004B U+02B7"
"SENĆOŦEN / Malchosen / Lekwungen / Semiahmoo / TʼSou-ke","k̓ʷ","U+006B U+0313 U+02B7","K̓ʷ","U+004B U+0313 U+02B7"
"SENĆOŦEN / Malchosen / Lekwungen / Semiahmoo / TʼSou-ke","l","U+006C","L","U+004C"
"SENĆOŦEN / Malchosen / Lekwungen / Semiahmoo / TʼSou-ke","ɬ","U+026C","Ɬ","U+A7AD"
"SENĆOŦEN / Malchosen / Lekwungen / Semiahmoo / TʼSou-ke","ƛ̓","U+019B U+0313","",""
"SENĆOŦEN / Malchosen / Lekwungen / Semiahmoo / TʼSou-ke","m","U+006D","M","U+004D"
"SENĆOŦEN / Malchosen / Lekwungen / Semiahmoo / TʼSou-ke","n","U+006E","N","U+004E"
"SENĆOŦEN / Malchosen / Lekwungen / Semiahmoo / TʼSou-ke","ŋ","U+014B","Ŋ","U+014A"
"SENĆOŦEN / Malchosen / Lekwungen / Semiahmoo / TʼSou-ke","p","U+0070","P","U+0050"
"SENĆOŦEN / Malchosen / Lekwungen / Semiahmoo / TʼSou-ke","p̓","U+0070 U+0313","P̓","U+0050 U+0313"
"SENĆOŦEN / Malchosen / Lekwungen / Semiahmoo / TʼSou-ke","q","U+0071","Q","U+0051"
"SENĆOŦEN / Malchosen / Lekwungen / Semiahmoo / TʼSou-ke","qʷ","U+0071 U+02B7","Qʷ","U+0051 U+02B7"
"SENĆOŦEN / Malchosen / Lekwungen / Semiahmoo / TʼSou-ke","q̓","U+0071 U+0313","Q̓","U+0051 U+0313"
"SENĆOŦEN / Malchosen / Lekwungen / Semiahmoo / TʼSou-ke","q̓ʷ","U+0071 U+0313 U+02B7","Q̓ʷ","U+0051 U+0313 U+02B7"
"SENĆOŦEN / Malchosen / Lekwungen / Semiahmoo / TʼSou-ke","s","U+0073","S","U+0053"
"SENĆOŦEN / Malchosen / Lekwungen / Semiahmoo / TʼSou-ke","š","U+0161","Š","U+0160"
"SENĆOŦEN / Malchosen / Lekwungen / Semiahmoo / TʼSou-ke","t","U+0074","T","U+0054"
"SENĆOŦEN / Malchosen / Lekwungen / Semiahmoo / TʼSou-ke","t̓","U+0074 U+0313","T̓","U+0054 U+0313"
"SENĆOŦEN / Malchosen / Lekwungen / Semiahmoo / TʼSou-ke","u","U+0075","",""
"SENĆOŦEN / Malchosen / Lekwungen / Semiahmoo / TʼSou-ke","w","U+0077","W","U+0057"
"SENĆOŦEN / Malchosen / Lekwungen / Semiahmoo / TʼSou-ke","xʷ","U+0078 U+02B7","Xʷ","U+0058 U+02B7"
"SENĆOŦEN / Malchosen / Lekwungen / Semiahmoo / TʼSou-ke","x̣","U+0078 U+0323","X̣","U+0058 U+0323"
"SENĆOŦEN / Malchosen / Lekwungen / Semiahmoo / TʼSou-ke","x̣ʷ","U+0078 U+0323 U+02B7","X̣ʷ","U+0058 U+0323 U+02B7"
"SENĆOŦEN / Malchosen / Lekwungen / Semiahmoo / TʼSou-ke","y","U+0079","Y","U+0059"
"SENĆOŦEN / Malchosen / Lekwungen / Semiahmoo / TʼSou-ke","A","U+0041","",""
"SENĆOŦEN / Malchosen / Lekwungen / Semiahmoo / TʼSou-ke","Á","U+00C1","",""
"SENĆOŦEN / Malchosen / Lekwungen / Semiahmoo / TʼSou-ke","Ⱥ","U+023A","",""
"SENĆOŦEN / Malchosen / Lekwungen / Semiahmoo / TʼSou-ke","B","U+0042","",""
"SENĆOŦEN / Malchosen / Lekwungen / Semiahmoo / TʼSou-ke","C","U+0043","",""
"SENĆOŦEN / Malchosen / Lekwungen / Semiahmoo / TʼSou-ke","Ć","U+0106","",""
"SENĆOŦEN / Malchosen / Lekwungen / Semiahmoo / TʼSou-ke","Ȼ","U+023B","",""
"SENĆOŦEN / Malchosen / Lekwungen / Semiahmoo / TʼSou-ke","D","U+0044","",""
"SENĆOŦEN / Malchosen / Lekwungen / Semiahmoo / TʼSou-ke","E","U+0045","",""
"SENĆOŦEN / Malchosen / Lekwungen / Semiahmoo / TʼSou-ke","H","U+0048","",""
"SENĆOŦEN / Malchosen / Lekwungen / Semiahmoo / TʼSou-ke","I","U+0049","",""
"SENĆOŦEN / Malchosen / Lekwungen / Semiahmoo / TʼSou-ke","Í","U+00CD","",""
"SENĆOŦEN / Malchosen / Lekwungen / Semiahmoo / TʼSou-ke","J","U+004A","",""
"SENĆOŦEN / Malchosen / Lekwungen / Semiahmoo / TʼSou-ke","K","U+004B","",""
"SENĆOŦEN / Malchosen / Lekwungen / Semiahmoo / TʼSou-ke","₭","U+20AD","",""
"SENĆOŦEN / Malchosen / Lekwungen / Semiahmoo / TʼSou-ke","Ḵ","U+1E34","",""
"SENĆOŦEN / Malchosen / Lekwungen / Semiahmoo / TʼSou-ke","Ḱ","U+1E30","",""
"SENĆOŦEN / Malchosen / Lekwungen / Semiahmoo / TʼSou-ke","L","U+004C","",""
"SENĆOŦEN / Malchosen / Lekwungen / Semiahmoo / TʼSou-ke","Ƚ","U+023D","",""
"SENĆOŦEN / Malchosen / Lekwungen / Semiahmoo / TʼSou-ke","M","U+004D","",""
"SENĆOŦEN / Malchosen / Lekwungen / Semiahmoo / TʼSou-ke","N","U+004E","",""
"SENĆOŦEN / Malchosen / Lekwungen / Semiahmoo / TʼSou-ke","Ṉ","U+1E48","",""
"SENĆOŦEN / Malchosen / Lekwungen / Semiahmoo / TʼSou-ke","O","U+004F","",""
"SENĆOŦEN / Malchosen / Lekwungen / Semiahmoo / TʼSou-ke","P","U+0050","",""
"SENĆOŦEN / Malchosen / Lekwungen / Semiahmoo / TʼSou-ke","Q","U+0051","",""
"SENĆOŦEN / Malchosen / Lekwungen / Semiahmoo / TʼSou-ke","S","U+0053","",""
"SENĆOŦEN / Malchosen / Lekwungen / Semiahmoo / TʼSou-ke","Ś","U+015A","",""
"SENĆOŦEN / Malchosen / Lekwungen / Semiahmoo / TʼSou-ke","T","U+0054","",""
"SENĆOŦEN / Malchosen / Lekwungen / Semiahmoo / TʼSou-ke","Ⱦ","U+023E","",""
"SENĆOŦEN / Malchosen / Lekwungen / Semiahmoo / TʼSou-ke","Ṯ","U+1E6E","",""
"SENĆOŦEN / Malchosen / Lekwungen / Semiahmoo / TʼSou-ke","Ŧ","U+0166","",""
"SENĆOŦEN / Malchosen / Lekwungen / Semiahmoo / TʼSou-ke","U","U+0055","",""
"SENĆOŦEN / Malchosen / Lekwungen / Semiahmoo / TʼSou-ke","W","U+0057","",""
"SENĆOŦEN / Malchosen / Lekwungen / Semiahmoo / TʼSou-ke","W̱","U+0057 U+0331","",""
"SENĆOŦEN / Malchosen / Lekwungen / Semiahmoo / TʼSou-ke","X","U+0058","",""
"SENĆOŦEN / Malchosen / Lekwungen / Semiahmoo / TʼSou-ke","X̱","U+0058 U+0331","",""
"SENĆOŦEN / Malchosen / Lekwungen / Semiahmoo / TʼSou-ke","Y","U+0059","",""
"SENĆOŦEN / Malchosen / Lekwungen / Semiahmoo / TʼSou-ke","Z","U+005A","",""
"SENĆOŦEN / Malchosen / Lekwungen / Semiahmoo / TʼSou-ke","s","U+0073","",""
"Sgüüx̱s","a","U+0061","A","U+0041"
"Sgüüx̱s","aa","U+0061 U+0061","Aa","U+0041 U+0061"
"Sgüüx̱s","a̱","U+0061 U+0331","A̱","U+0041 U+0331"
"Sgüüx̱s","b","U+0062","B","U+0042"
"Sgüüx̱s","ch","U+0063 U+0068","Ch","U+0043 U+0068"
"Sgüüx̱s","d","U+0064","D","U+0044"
"Sgüüx̱s","dz","U+0064 U+007A","Dz","U+0044 U+007A"
"Sgüüx̱s","e","U+0065","E","U+0045"
"Sgüüx̱s","ee","U+0065 U+0065","Ee","U+0045 U+0065"
"Sgüüx̱s","g","U+0067","G","U+0047"
"Sgüüx̱s","gw","U+0067 U+0077","Gw","U+0047 U+0077"
"Sgüüx̱s","gy","U+0067 U+0079","Gy","U+0047 U+0079"
"Sgüüx̱s","g̱","U+0067 U+0331","G̱","U+0047 U+0331"
"Sgüüx̱s","h","U+0068","H","U+0048"
"Sgüüx̱s","i","U+0069","I","U+0049"
"Sgüüx̱s","ii","U+0069 U+0069","Ii","U+0049 U+0069"
"Sgüüx̱s","k","U+006B","K","U+004B"
"Sgüüx̱s","k'","U+006B U+0027","K'","U+004B U+0027"
"Sgüüx̱s","kw","U+006B U+0077","Kw","U+004B U+0077"
"Sgüüx̱s","k'w","U+006B U+0027 U+0077","Kw'","U+004B U+0077 U+0027"
"Sgüüx̱s","ky","U+006B U+0079","Ky","U+004B U+0079"
"Sgüüx̱s","k'y","U+006B U+0027 U+0079","Ky'","U+004B U+0079 U+0027"
"Sgüüx̱s","ḵ","U+1E35","Ḵ","U+1E34"
"Sgüüx̱s","ḵ'","U+1E35 U+0027","Ḵ'","U+1E34 U+0027"
"Sgüüx̱s","l","U+006C","L","U+004C"
"Sgüüx̱s","'l","U+0027 U+006C","'L","U+0027 U+004C"
"Sgüüx̱s","ł","U+0142","Ł","U+0141"
"Sgüüx̱s","m","U+006D","M","U+004D"
"Sgüüx̱s","'m","U+0027 U+006D","'M","U+0027 U+004D"
"Sgüüx̱s","n","U+006E","N","U+004E"
"Sgüüx̱s","'n","U+0027 U+006E","'N","U+0027 U+004E"
"Sgüüx̱s","o","U+006F","O","U+004F"
"Sgüüx̱s","oo","U+006F U+006F","Oo","U+004F U+006F"
"Sgüüx̱s","p","U+0070","P","U+0050"
"Sgüüx̱s","p'","U+0070 U+0027","P'","U+0050 U+0027"
"Sgüüx̱s","s","U+0073","S","U+0053"
"Sgüüx̱s","t","U+0074","T","U+0054"
"Sgüüx̱s","t'","U+0074 U+0027","T'","U+0054 U+0027"
"Sgüüx̱s","ts","U+0074 U+0073","Ts","U+0054 U+0073"
"Sgüüx̱s","ts'","U+0074 U+0073 U+0027","Ts'","U+0054 U+0073 U+0027"
"Sgüüx̱s","u","U+0075","U","U+0055"
"Sgüüx̱s","uu","U+0075 U+0075","Uu","U+0055 U+0075"
"Sgüüx̱s","ü","U+00FC","Ü","U+00DC"
"Sgüüx̱s","üü","U+00FC U+00FC","Üü","U+00DC U+00FC"
"Sgüüx̱s","w","U+0077","W","U+0057"
"Sgüüx̱s","'w","U+0027 U+0077","'W","U+0027 U+0057"
"Sgüüx̱s","ẅ","U+1E85","Ẅ","U+1E84"
"Sgüüx̱s","'ẅ","U+0027 U+1E85","'Ẅ","U+0027 U+1E84"
"Sgüüx̱s","x","U+0078","X","U+0058"
"Sgüüx̱s","xw","U+0078 U+0077","Xw","U+0058 U+0077"
"Sgüüx̱s","xy","U+0078 U+0079","Xy","U+0058 U+0079"
"Sgüüx̱s","x̱","U+0078 U+0331","X̱","U+0058 U+0331"
"Sgüüx̱s","y","U+0079","Y","U+0059"
"Sgüüx̱s","'y","U+0027 U+0079","'Y","U+0027 U+0059"
"Sgüüx̱s","'","U+0027","",""
"she shashishalhem","a","U+0061","á","U+00E1"
"she shashishalhem","ch","U+0063 U+0068","",""
"she shashishalhem","ch̕","U+0063 U+0068 U+0315","",""
"she shashishalhem","e","U+0065","é","U+00E9"
"she shashishalhem","h","U+0068","",""
"she shashishalhem","i","U+0069","í","U+00ED"
"she shashishalhem","k","U+006B","",""
"she shashishalhem","k̕","U+006B U+0315","",""
"she shashishalhem","kw","U+006B U+0077","",""
"she shashishalhem","kw̕","U+006B U+0077 U+0315","",""
"she shashishalhem","ḵ","U+1E35","",""
"she shashishalhem","ḵ̕","U+1E35 U+0315","",""
"she shashishalhem","ḵw","U+1E35 U+0077","",""
"she shashishalhem","ḵw̕","U+1E35 U+0077 U+0315","",""
"she shashishalhem","l","U+006C","",""
"she shashishalhem","lh","U+006C U+0068","",""
"she shashishalhem","m","U+006D","",""
"she shashishalhem","n","U+006E","",""
"she shashishalhem","p","U+0070","",""
"she shashishalhem","p̕","U+0070 U+0315","",""
"she shashishalhem","s","U+0073","",""
"she shashishalhem","sh","U+0073 U+0068","",""
"she shashishalhem","t","U+0074","",""
"she shashishalhem","t̕","U+0074 U+0315","",""
"she shashishalhem","tl̕","U+0074 U+006C U+0315","",""
"she shashishalhem","ts","U+0074 U+0073","",""
"she shashishalhem","ts̕","U+0074 U+0073 U+0315","",""
"she shashishalhem","u","U+0075","ú","U+00FA"
"she shashishalhem","w","U+0077","",""
"she shashishalhem","x","U+0078","",""
"she shashishalhem","xw","U+0078 U+0077","",""
"she shashishalhem","x̱","U+0078 U+0331","",""
"she shashishalhem","x̱w","U+0078 U+0331 U+0077","",""
"she shashishalhem","y","U+0079","",""
"she shashishalhem","ˀ","U+02C0","",""
"she shashishalhem","ʔ","U+0294","",""
"skwxwumesh_snichim","a","U+0061","A","U+0041"
"skwxwumesh_snichim","á","U+00E1","Á","U+0041 U+0301"
"skwxwumesh_snichim","aa","U+0061 U+0061","Aa","U+0041 U+0061"
"skwxwumesh_snichim","áa","U+0061 U+0301 U+0061","Áa","U+0041 U+0301 U+0061"
"skwxwumesh_snichim","ch","U+0063 U+0068","Ch","U+0043 U+0068"
"skwxwumesh_snichim","ch’","U+0063 U+0068 U+2019","Ch’","U+0043 U+0068 U+2019"
"skwxwumesh_snichim","e","U+0065","E","U+0045"
"skwxwumesh_snichim","é","U+00E9","É","U+00C9"
"skwxwumesh_snichim","h","U+0068","H","U+0048"
"skwxwumesh_snichim","i","U+0069","I","U+0049"
"skwxwumesh_snichim","í","U+00ED","Í","U+00CD"
"skwxwumesh_snichim","ii","U+0069 U+0069","Ii","U+0049 U+0069"
"skwxwumesh_snichim","íi","U+00ED U+0069","ÍI","U+00CD U+0049"
"skwxwumesh_snichim","k","U+006B","K","U+004B"
"skwxwumesh_snichim","k’","U+006B U+2019","K’","U+004B U+2019"
"skwxwumesh_snichim","kw","U+006B U+0077","Kw","U+004B U+0077"
"skwxwumesh_snichim","kw’","U+006B U+0077 U+2019","Kw’","U+004B U+0077 U+2019"
"skwxwumesh_snichim","ḵ","U+1E35","Ḵ","U+1E34"
"skwxwumesh_snichim","ḵ’","U+1E35 U+2019","Ḵ’","U+1E34 U+2019"
"skwxwumesh_snichim","ḵw","U+006B U+0331 U+0077","",""
"skwxwumesh_snichim","ḵw’","U+006B U+0331 U+0077 U+2019","",""
"skwxwumesh_snichim","l","U+006C","L","U+004C"
"skwxwumesh_snichim","l̓","U+006C U+0313","",""
"skwxwumesh_snichim","lh","U+006C U+0068","Lh","U+004C U+0068"
"skwxwumesh_snichim","m","U+006D","M","U+004D"
"skwxwumesh_snichim","m̓","U+006D U+0313","M̓","U+004D U+0313"
"skwxwumesh_snichim","n","U+006E","N","U+004E"
"skwxwumesh_snichim","n̓","U+006E U+0313","",""
"skwxwumesh_snichim","p","U+0070","P","U+0050"
"skwxwumesh_snichim","p’","U+0070 U+2019","P’","U+0050 U+2019"
"skwxwumesh_snichim","s","U+0073","S","U+0053"
"skwxwumesh_snichim","sh","U+0073 U+0068","Sh","U+0053 U+0068"
"skwxwumesh_snichim","t","U+0074","T","U+0054"
"skwxwumesh_snichim","t’","U+0074 U+2019","T’","U+0054 U+2019"
"skwxwumesh_snichim","tl’","U+0074 U+006C U+2019","Tl’","U+0054 U+006C U+2019"
"skwxwumesh_snichim","ts","U+0074 U+0073","Ts","U+0054 U+0073"
"skwxwumesh_snichim","ts’","U+0074 U+0073 U+2019","Ts’","U+0054 U+0073 U+2019"
"skwxwumesh_snichim","u","U+0075","U","U+0055"
"skwxwumesh_snichim","ú","U+00FA","Ú","U+00DA"
"skwxwumesh_snichim","uu","U+0075 U+0075","UU","U+0055 U+0055"
"skwxwumesh_snichim","úu","U+00FA U+0075","Úu","U+00DA U+0075"
"skwxwumesh_snichim","w","U+0077","W","U+0057"
"skwxwumesh_snichim","w̓","U+0077 U+0313","",""
"skwxwumesh_snichim","xw","U+0078 U+0077","Xw","U+0058 U+0077"
"skwxwumesh_snichim","x̱","U+0078 U+0331","X̱","U+0058 U+0331"
"skwxwumesh_snichim","x̱w","U+0078 U+0331 U+0077","X̱w","U+0058 U+0331 U+0077"
"skwxwumesh_snichim","y","U+0079","Y","U+0059"
"skwxwumesh_snichim","y̓","U+0079 U+0313","",""
"skwxwumesh_snichim","7","U+0037","",""
"Sm'algya̱x","a","U+0061","A","U+0041"
"Sm'algya̱x","aa","U+0061 U+0061","Aa","U+0041 U+0061"
"Sm'algya̱x","a̱","U+0061 U+0331","A̱","U+0041 U+0331"
"Sm'algya̱x","b","U+0062","B","U+0042"
"Sm'algya̱x","d","U+0064","D","U+0044"
"Sm'algya̱x","dz","U+0064 U+007A","Dz","U+0044 U+007A"
"Sm'algya̱x","e","U+0065","E","U+0045"
"Sm'algya̱x","ee","U+0065 U+0065","Ee","U+0045 U+0065"
"Sm'algya̱x","g","U+0067","G","U+0047"
"Sm'algya̱x","gw","U+0067 U+0077","Gw","U+0047 U+0077"
"Sm'algya̱x","gy","U+0067 U+0079","Gy","U+0047 U+0079"
"Sm'algya̱x","g̱","U+0067 U+0331","G̱","U+0047 U+0331"
"Sm'algya̱x","h","U+0068","H","U+0048"
"Sm'algya̱x","i","U+0069","I","U+0049"
"Sm'algya̱x","ii","U+0069 U+0069","Ii","U+0049 U+0069"
"Sm'algya̱x","k","U+006B","K","U+004B"
"Sm'algya̱x","k'","U+006B U+0027","K'","U+004B U+0027"
"Sm'algya̱x","kw","U+006B U+0077","Kw","U+004B U+0077"
"Sm'algya̱x","ky","U+006B U+0079","Ky","U+004B U+0079"
"Sm'algya̱x","k'w","U+006B U+0027 U+0077","K'w","U+004B U+0027 U+0077"
"Sm'algya̱x","k'y","U+006B U+0027 U+0079","K'y","U+004B U+0027 U+0079"
"Sm'algya̱x","ḵ","U+1E35","Ḵ","U+1E34"
"Sm'algya̱x","ḵ'","U+1E35 U+0027","Ḵ'","U+1E34 U+0027"
"Sm'algya̱x","l","U+006C","L","U+004C"
"Sm'algya̱x","'l","U+0027 U+006C","'L","U+0027 U+004C"
"Sm'algya̱x","ł","U+0142","Ł","U+0141"
"Sm'algya̱x","m","U+006D","M","U+004D"
"Sm'algya̱x","'m","U+0027 U+006D","'M","U+0027 U+004D"
"Sm'algya̱x","n","U+006E","N","U+004E"
"Sm'algya̱x","'n","U+0027 U+006E","'N","U+0027 U+004E"
"Sm'algya̱x","o","U+006F","O","U+004F"
"Sm'algya̱x","oo","U+006F U+006F","Oo","U+004F U+006F"
"Sm'algya̱x","p","U+0070","P","U+0050"
"Sm'algya̱x","p'","U+0070 U+0027","P'","U+0050 U+0027"
"Sm'algya̱x","s","U+0073","S","U+0053"
"Sm'algya̱x","t","U+0074","T","U+0054"
"Sm'algya̱x","t'","U+0074 U+0027","T'","U+0054 U+0027"
"Sm'algya̱x","ts","U+0074 U+0073","Ts","U+0054 U+0073"
"Sm'algya̱x","ts'","U+0074 U+0073 U+0027","Ts'","U+0054 U+0073 U+0027"
"Sm'algya̱x","u","U+0075","U","U+0055"
"Sm'algya̱x","uu","U+0075 U+0075","Uu","U+0055 U+0075"
"Sm'algya̱x","üü","U+00FC U+00FC","Üü","U+00DC U+00FC"
"Sm'algya̱x","w","U+0077","W","U+0057"
"Sm'algya̱x","'w","U+0027 U+0077","'W","U+0027 U+0057"
"Sm'algya̱x","ẅ","U+1E85","Ẅ","U+1E84"
"Sm'algya̱x","'ẅ","U+0027 U+1E85","'Ẅ","U+0027 U+1E84"
"Sm'algya̱x","x","U+0078","X","U+0058"
"Sm'algya̱x","y","U+0079","Y","U+0059"
"Sm'algya̱x","'y","U+0027 U+0079","'Y","U+0027 U+0059"
"Sm'algya̱x","'","U+0027","",""
"Sm'algya̱x","a","U+0061","",""
"Sm'algya̱x","aa","U+0061 U+0061","",""
"Sm'algya̱x","a̱","U+0061 U+0331","",""
"Sm'algya̱x","b","U+0062","",""
"Sm'algya̱x","d","U+0064","",""
"Sm'algya̱x","dz","U+0064 U+007A","",""
"Sm'algya̱x","e","U+0065","",""
"Sm'algya̱x","ee","U+0065 U+0065","",""
"Sm'algya̱x","g","U+0067","",""
"Sm'algya̱x","gw","U+0067 U+0077","",""
"Sm'algya̱x","gy","U+0067 U+0079","",""
"Sm'algya̱x","g̱","U+0067 U+0331","",""
"Sm'algya̱x","h","U+0068","",""
"Sm'algya̱x","i","U+0069","",""
"Sm'algya̱x","ii","U+0069 U+0069","",""
"Sm'algya̱x","k","U+006B","",""
"Sm'algya̱x","k'","U+006B U+0027","",""
"Sm'algya̱x","kw","U+006B U+0077","",""
"Sm'algya̱x","ky","U+006B U+0079","",""
"Sm'algya̱x","k'w","U+006B U+0027 U+0077","",""
"Sm'algya̱x","k'y","U+006B U+0027 U+0079","",""
"Sm'algya̱x","ḵ","U+1E35","",""
"Sm'algya̱x","ḵ'","U+1E35 U+0027","",""
"Sm'algya̱x","l","U+006C","",""
"Sm'algya̱x","'l","U+0027 U+006C","",""
"Sm'algya̱x","ł","U+0142","",""
"Sm'algya̱x","m","U+006D","",""
"Sm'algya̱x","'m","U+0027 U+006D","",""
"Sm'algya̱x","n","U+006E","",""
"Sm'algya̱x","'n","U+0027 U+006E","",""
"Sm'algya̱x","o","U+006F","",""
"Sm'algya̱x","oo","U+006F U+006F","",""
"Sm'algya̱x","p","U+0070","",""
"Sm'algya̱x","p'","U+0070 U+0027","",""
"Sm'algya̱x","s","U+0073","",""
"Sm'algya̱x","t","U+0074","",""
"Sm'algya̱x","t'","U+0074 U+0027","",""
"Sm'algya̱x","ts","U+0074 U+0073","",""
"Sm'algya̱x","ts'","U+0074 U+0073 U+0027","",""
"Sm'algya̱x","u","U+0075","",""
"Sm'algya̱x","uu","U+0075 U+0075","",""
"Sm'algya̱x","üü","U+00FC U+00FC","",""
"Sm'algya̱x","w","U+0077","",""
"Sm'algya̱x","'w","U+0027 U+0077","",""
"Sm'algya̱x","ẅ","U+1E85","",""
"Sm'algya̱x","'ẅ","U+0027 U+1E85","",""
"Sm'algya̱x","x","U+0078","",""
"Sm'algya̱x","y","U+0079","",""
"Sm'algya̱x","'y","U+0027 U+0079","",""
"Sm'algya̱x","a̱a̱","U+0061 U+0331 U+0061 U+0331","",""
"Sm'algya̱x","aˈa","U+0061 U+02C8 U+0061","",""
"Sm'algya̱x","a̱ˈa̱","U+0061 U+0331 U+02C8 U+0061 U+0331","",""
"Sm'algya̱x","aw","U+0061 U+0077","",""
"Sm'algya̱x","aaw","U+0061 U+0061 U+0077","",""
"Sm'algya̱x","ay","U+0061 U+0079","",""
"Sm'algya̱x","aay","U+0061 U+0061 U+0079","",""
"Sm'algya̱x","ʣ","U+02A3","",""
"Sm'algya̱x","eˈe","U+0065 U+02C8 U+0065","",""
"Sm'algya̱x","ǥ","U+01E5","",""
"Sm'algya̱x","iˈi","U+0069 U+02C8 U+0069","",""
"Sm'algya̱x","kˈ","U+006B U+02C8","",""
"Sm'algya̱x","kˈw","U+006B U+02C8 U+0077","",""
"Sm'algya̱x","kˈy","U+006B U+02C8 U+0079","",""
"Sm'algya̱x","ḵˈ","U+1E35 U+02C8","",""
"Sm'algya̱x","ˈl","U+02C8 U+006C","",""
"Sm'algya̱x","ˈm","U+02C8 U+006D","",""
"Sm'algya̱x","ˈn","U+02C8 U+006E","",""
"Sm'algya̱x","oˈo","U+006F U+02C8 U+006F","",""
"Sm'algya̱x","oy","U+006F U+0079","",""
"Sm'algya̱x","ooy","U+006F U+006F U+0079","",""
"Sm'algya̱x","pˈ","U+0070 U+02C8","",""
"Sm'algya̱x","tˈ","U+0074 U+02C8","",""
"Sm'algya̱x","tsˈ","U+0074 U+0073 U+02C8","",""
"Sm'algya̱x","uˈu","U+0075 U+02C8 U+0075","",""
"Sm'algya̱x","ü","U+00FC","",""
"Sm'algya̱x","üˈü","U+00FC U+02C8 U+00FC","",""
"Sm'algya̱x","ˈw","U+02C8 U+0077","",""
"Sm'algya̱x","ˈẅ","U+02C8 U+1E85","",""
"Sm'algya̱x","ˈy","U+02C8 U+0079","",""
"Sm'algya̱x","ˈ","U+02C8","",""
"Southern Tutchone","ch","U+0063 U+0068","Ch","U+0043 U+0068"
"Southern Tutchone","chʼ","U+0063 U+0068 U+02BC","Chʼ","U+0043 U+0068 U+02BC"
"Southern Tutchone","d","U+0064","D","U+0044"
"Southern Tutchone","ddh","U+0064 U+0064 U+0068","Ddh","U+0044 U+0064 U+0068"
"Southern Tutchone","dh","U+0064 U+0068","Dh","U+0044 U+0068"
"Southern Tutchone","dl","U+0064 U+006C","Dl","U+0044 U+006C"
"Southern Tutchone","dz","U+0064 U+007A","Dz","U+0044 U+007A"
"Southern Tutchone","g","U+0067","G","U+0047"
"Southern Tutchone","gh","U+0067 U+0068","Gh","U+0047 U+0068"
"Southern Tutchone","ghw","U+0067 U+0068 U+0077","Ghw","U+0047 U+0068 U+0077"
"Southern Tutchone","gw","U+0067 U+0077","Gw","U+0047 U+0077"
"Southern Tutchone","h","U+0068","H","U+0048"
"Southern Tutchone","j","U+006A","J","U+004A"
"Southern Tutchone","k","U+006B","K","U+004B"
"Southern Tutchone","kh","U+006B U+0068","Kh","U+004B U+0068"
"Southern Tutchone","khw","U+006B U+0068 U+0077","Khw","U+004B U+0068 U+0077"
"Southern Tutchone","kw","U+006B U+0077","Kw","U+004B U+0077"
"Southern Tutchone","kʼ","U+006B U+02BC","Kʼ","U+004B U+02BC"
"Southern Tutchone","kʼw","U+006B U+02BC U+0077","Kʼw","U+004B U+02BC U+0077"
"Southern Tutchone","l","U+006C","L","U+004C"
"Southern Tutchone","ł","U+0142","Ł","U+0141"
"Southern Tutchone","m","U+006D","M","U+004D"
"Southern Tutchone","mb","U+006D U+0062","Mb","U+004D U+0062"
"Southern Tutchone","n","U+006E","N","U+004E"
"Southern Tutchone","nd","U+006E U+0064","Nd","U+004E U+0064"
"Southern Tutchone","nj","U+006E U+006A","Nj","U+004E U+006A"
"Southern Tutchone","r","U+0072","R","U+0052"
"Southern Tutchone","s","U+0073","S","U+0053"
"Southern Tutchone","sh","U+0073 U+0068","Sh","U+0053 U+0068"
"Southern Tutchone","t","U+0074","T","U+0054"
"Southern Tutchone","tʼ","U+0074 U+02BC","Tʼ","U+0054 U+02BC"
"Southern Tutchone","th","U+0074 U+0068","Th","U+0054 U+0068"
"Southern Tutchone","tl","U+0074 U+006C","Tl","U+0054 U+006C"
"Southern Tutchone","tth","U+0074 U+0074 U+0068","Tth","U+0054 U+0074 U+0068"
"Southern Tutchone","tthʼ","U+0074 U+0074 U+0068 U+02BC","Tthʼ","U+0054 U+0074 U+0068 U+02BC"
"Southern Tutchone","ts","U+0074 U+0073","Ts","U+0054 U+0073"
"Southern Tutchone","tsʼ","U+0074 U+0073 U+02BC","Tsʼ","U+0054 U+0073 U+02BC"
"Southern Tutchone","tlʼ","U+0074 U+006C U+02BC","Tlʼ","U+0054 U+006C U+02BC"
"Southern Tutchone","y","U+0079","Y","U+0059"
"Southern Tutchone","w","U+0077","W","U+0057"
"Southern Tutchone","z","U+007A","Z","U+005A"
"Southern Tutchone","zh","U+007A U+0068","Zh","U+005A U+0068"
"Southern Tutchone","ʼ","U+02BC","",""
"Southern Tutchone","a","U+0061","A","U+0041"
"Southern Tutchone","ä","U+00E4","Ä","U+00C4"
"Southern Tutchone","à","U+00E0","À","U+00C0"
"Southern Tutchone","ā","U+0101","Ā","U+0100"
"Southern Tutchone","á","U+00E1","Á","U+00C1"
"Southern Tutchone","ą","U+0105","Ą","U+0104"
"Southern Tutchone","ą̈","U+0105 U+0308","Ą̈","U+0104 U+0308"
"Southern Tutchone","ą̀","U+0105 U+0300","Ą̀","U+0104 U+0300"
"Southern Tutchone","ą̄","U+0105 U+0304","Ą̄","U+0104 U+0304"
"Southern Tutchone","ą́","U+0105 U+0301","Ą́","U+0104 U+0301"
"Southern Tutchone","ą̈w","U+0105 U+0308 U+0077","Ą̈w","U+0104 U+0308 U+0077"
"Southern Tutchone","ąw","U+0105 U+0077","Ąw","U+0104 U+0077"
"Southern Tutchone","ąy","U+0105 U+0079","Ąy","U+0104 U+0079"
"Southern Tutchone","äy","U+00E4 U+0079","Äy","U+00C4 U+0079"
"Southern Tutchone","ą̈y","U+0105 U+0308 U+0079","Ą̈y","U+0104 U+0308 U+0079"
"Southern Tutchone","e","U+0065","E","U+0045"
"Southern Tutchone","è","U+00E8","È","U+00C8"
"Southern Tutchone","i","U+0069","I","U+0049"
"Southern Tutchone","o","U+006F","O","U+004F"
"Southern Tutchone","u","U+0075","U","U+0055"
"Southern Tutchone","ü","U+00FC","Ü","U+00DC"
"Southern Tutchone","ų̈","U+0173 U+0308","Ų̈","U+0172 U+0308"
"Southern Tutchone","ē","U+0113","Ē","U+0112"
"Southern Tutchone","ī","U+012B","Ī","U+012A"
"Southern Tutchone","ō","U+014D","Ō","U+014C"
"Southern Tutchone","ū","U+016B","Ū","U+016A"
"Southern Tutchone","é","U+00E9","É","U+00C9"
"Southern Tutchone","í","U+00ED","Í","U+00CD"
"Southern Tutchone","ó","U+00F3","Ó","U+00D3"
"Southern Tutchone","ú","U+00FA","Ú","U+00DA"
"Southern Tutchone","ę","U+0119","Ę","U+0118"
"Southern Tutchone","į","U+012F","Į","U+012E"
"Southern Tutchone","ǫ","U+01EB","Ǫ","U+01EA"
"Southern Tutchone","ų","U+0173","Ų","U+0172"
"Southern Tutchone","â","U+00E2","Â","U+00C2"
"Southern Tutchone","ê","U+00EA","Ê","U+00CA"
"Southern Tutchone","î","U+00EE","Î","U+00CE"
"Southern Tutchone","ô","U+00F4","Ô","U+00D4"
"Southern Tutchone","û","U+00FB","Û","U+00DB"
"Southern Tutchone","ǎ","U+01CE","Ǎ","U+01CD"
"Southern Tutchone","ě","U+011B","Ě","U+011A"
"Southern Tutchone","ǐ","U+01D0","Ǐ","U+01CF"
"Southern Tutchone","ǒ","U+01D2","Ǒ","U+01D1"
"Southern Tutchone","ǔ","U+01D4","Ǔ","U+01D3"
"Southern Tutchone","ā́","U+0101 U+0301","Ā́","U+0100 U+0301"
"Southern Tutchone","ḗ","U+1E17","Ḗ","U+1E16"
"Southern Tutchone","ī́","U+012B U+0301","Ī́","U+012A U+0301"
"Southern Tutchone","ṓ","U+1E53","Ṓ","U+1E52"
"Southern Tutchone","ū́","U+016B U+0301","Ū́","U+016A U+0301"
"St̓át̓imcets","a","U+0061","A","U+0041"
"St̓át̓imcets","á","U+00E1","Á","U+00C1"
"St̓át̓imcets","e","U+0065","E","U+0045"
"St̓át̓imcets","é","U+00E9","É","U+00C9"
"St̓át̓imcets","i","U+0069","I","U+0049"
"St̓át̓imcets","í","U+00ED","Í","U+00CD"
"St̓át̓imcets","o","U+006F","O","U+004F"
"St̓át̓imcets","ó","U+00F3","Ó","U+00D3"
"St̓át̓imcets","ii","U+0069 U+0069","II","U+0049 U+0049"
"St̓át̓imcets","u","U+0075","U","U+0055"
"St̓át̓imcets","ú","U+00FA","Ú","U+00DA"
"St̓át̓imcets","ao","U+0061 U+006F","Ao","U+0041 U+006F"
"St̓át̓imcets","aó","U+0061 U+00F3","Aó","U+0041 U+00F3"
"St̓át̓imcets","v","U+0076","V","U+0056"
"St̓át̓imcets","v́","U+0076 U+0301","V́","U+0056 U+0301"
"St̓át̓imcets","p","U+0070","P","U+0050"
"St̓át̓imcets","t","U+0074","T","U+0054"
"St̓át̓imcets","ts","U+0074 U+0073","Ts","U+0054 U+0073"
"St̓át̓imcets","k","U+006B","K","U+004B"
"St̓át̓imcets","kw","U+006B U+0077","Kw","U+004B U+0077"
"St̓át̓imcets","s","U+0073","S","U+0053"
"St̓át̓imcets","z","U+007A","Z","U+005A"
"St̓át̓imcets","l","U+006C","L","U+004C"
"St̓át̓imcets","m","U+006D","M","U+004D"
"St̓át̓imcets","n","U+006E","N","U+004E"
"St̓át̓imcets","w","U+0077","W","U+0057"
"St̓át̓imcets","y","U+0079","Y","U+0059"
"St̓át̓imcets","h","U+0068","H","U+0048"
"St̓át̓imcets","c","U+0063","C","U+0043"
"St̓át̓imcets","cw","U+0063 U+0077","Cw","U+0043 U+0077"
"St̓át̓imcets","lh","U+006C U+0068","Lh","U+004C U+0068"
"St̓át̓imcets","q","U+0071","Q","U+0051"
"St̓át̓imcets","qw","U+0071 U+0077","Qw","U+0051 U+0077"
"St̓át̓imcets","x","U+0078","X","U+0058"
"St̓át̓imcets","xw","U+0078 U+0077","Xw","U+0058 U+0077"
"St̓át̓imcets","g","U+0067","G","U+0047"
"St̓át̓imcets","gw","U+0067 U+0077","Gw","U+0047 U+0077"
"St̓át̓imcets","r","U+0072","R","U+0052"
"St̓át̓imcets","7","U+0037","",""
"St̓át̓imcets","p̓","U+0070 U+0313","P̓","U+0050 U+0313"
"St̓át̓imcets","t̓","U+0074 U+0313","T̓","U+0054 U+0313"
"St̓át̓imcets","ts̓","U+0074 U+0073 U+0313","Ts̓","U+0054 U+0073 U+0313"
"St̓át̓imcets","k̓","U+006B U+0313","K̓","U+004B U+0313"
"St̓át̓imcets","k̓w","U+006B U+0313 U+0077","K̓w","U+004B U+0313 U+0077"
"St̓át̓imcets","q̓","U+0071 U+0313","Q̓","U+0051 U+0313"
"St̓át̓imcets","q̓w","U+0071 U+0313 U+0077","Q̓w","U+0051 U+0313 U+0077"
"St̓át̓imcets","z̓","U+007A U+0313","Z̓","U+005A U+0313"
"St̓át̓imcets","l̓","U+006C U+0313","L̓","U+004C U+0313"
"St̓át̓imcets","m̓","U+006D U+0313","M̓","U+004D U+0313"
"St̓át̓imcets","n̓","U+006E U+0313","N̓","U+004E U+0313"
"St̓át̓imcets","w̓","U+0077 U+0313","W̓","U+0057 U+0313"
"St̓át̓imcets","y̓","U+0079 U+0313","Y̓","U+0059 U+0313"
"St̓át̓imcets","r̓","U+0072 U+0313","R̓","U+0052 U+0313"
"St̓át̓imcets","g̓","U+0067 U+0313","G̓","U+0047 U+0313"
"St̓át̓imcets","g̓w","U+0067 U+0313 U+0077","G̓w","U+0047 U+0313 U+0077"
"St̓át̓imcets","l̲","U+006C U+0332","L̲","U+004C U+0332"
"St̓át̓imcets","s̲","U+0073 U+0332","S̲","U+0053 U+0332"
"St̓át̓imcets","t̲s̲","U+0074 U+0332 U+0073 U+0332","T̲s̲","U+0054 U+0332 U+0073 U+0332"
"St̓át̓imcets","ii","U+0069 U+0069","Ii","U+0049 U+0069"
"St̓át̓imcets","t̲s̲","U+0074 U+0332 U+0073 U+0332","",""
"St̓át̓imcets","íi","U+00ED U+0069","Íi","U+00CD U+0069"
"St̓át̓imcets","áo","U+00E1 U+006F","Áo","U+00C1 U+006F"
"Tāłtān","a","U+0061","A","U+0041"
"Tāłtān","ā","U+0101","Ā","U+0100"
"Tāłtān","e","U+0065","E","U+0045"
"Tāłtān","ē","U+0113","Ē","U+0112"
"Tāłtān","i","U+0069","I","U+0049"
"Tāłtān","ī","U+012B","Ī","U+012A"
"Tāłtān","o","U+006F","O","U+004F"
"Tāłtān","ō","U+014D","Ō","U+014C"
"Tāłtān","u","U+0075","U","U+0055"
"Tāłtān","ū","U+016B","Ū","U+016A"
"Tāłtān","’","U+2019","",""
"Tāłtān","b","U+0062","B","U+0042"
"Tāłtān","ch","U+0063 U+0068","Ch","U+0043 U+0068"
"Tāłtān","ch’","U+0063 U+0068 U+2019","Ch’","U+0043 U+0068 U+2019"
"Tāłtān","d","U+0064","D","U+0044"
"Tāłtān","dl","U+0064 U+006C","Dl","U+0044 U+006C"
"Tāłtān","dz","U+0064 U+007A","Dz","U+0044 U+007A"
"Tāłtān","dẕ","U+0064 U+1E95","Dẕ","U+0044 U+1E95"
"Tāłtān","g","U+0067","G","U+0047"
"Tāłtān","gh","U+0067 U+0068","Gh","U+0047 U+0068"
"Tāłtān","h","U+0068","H","U+0048"
"Tāłtān","j","U+006A","J","U+004A"
"Tāłtān","k","U+006B","K","U+004B"
"Tāłtān","k’","U+006B U+2019","K’","U+004B U+2019"
"Tāłtān","kh","U+006B U+0068","Kh","U+004B U+0068"
"Tāłtān","l","U+006C","L","U+004C"
"Tāłtān","ł","U+0142","Ł","U+0141"
"Tāłtān","m","U+006D","M","U+004D"
"Tāłtān","n","U+006E","N","U+004E"
"Tāłtān","nh","U+006E U+0068","Nh","U+004E U+0068"
"Tāłtān","p","U+0070","P","U+0050"
"Tāłtān","s","U+0073","S","U+0053"
"Tāłtān","s̱","U+0073 U+0331","S̱","U+0053 U+0331"
"Tāłtān","sh","U+0073 U+0068","Sh","U+0053 U+0068"
"Tāłtān","t","U+0074","T","U+0054"
"Tāłtān","t’","U+0074 U+2019","T’","U+0054 U+2019"
"Tāłtān","tl","U+0074 U+006C","Tl","U+0054 U+006C"
"Tāłtān","tl’","U+0074 U+006C U+2019","Tl’","U+0054 U+006C U+2019"
"Tāłtān","ts","U+0074 U+0073","Ts","U+0054 U+0073"
"Tāłtān","ts’","U+0074 U+0073 U+2019","Ts’","U+0054 U+0073 U+2019"
"Tāłtān","ts̱","U+0074 U+0073 U+0331","Ts̱","U+0054 U+0073 U+0331"
"Tāłtān","ts̱’","U+0074 U+0073 U+0331 U+2019","Ts̱’","U+0054 U+0073 U+0331 U+2019"
"Tāłtān","w","U+0077","W","U+0057"
"Tāłtān","y","U+0079","Y","U+0059"
"Tāłtān","yh","U+0079 U+0068","Yh","U+0059 U+0068"
"Tāłtān","z","U+007A","Z","U+005A"
"Tāłtān","ẕ","U+1E95","Ẕ","U+1E94"
"Tseʼkhene","’","U+2019","",""
"Tseʼkhene","a","U+0061","",""
"Tseʼkhene","à","U+00E0","",""
"Tseʼkhene","ą","U+0105","",""
"Tseʼkhene","ą̀","U+0105 U+0300","",""
"Tseʼkhene","b","U+0062","",""
"Tseʼkhene","ch","U+0063 U+0068","",""
"Tseʼkhene","ch’","U+0063 U+0068 U+2019","",""
"Tseʼkhene","d","U+0064","",""
"Tseʼkhene","dl","U+0064 U+006C","",""
"Tseʼkhene","dz","U+0064 U+007A","",""
"Tseʼkhene","e","U+0065","",""
"Tseʼkhene","ę","U+0119","",""
"Tseʼkhene","è","U+00E8","",""
"Tseʼkhene","ę̀","U+0119 U+0300","",""
"Tseʼkhene","g","U+0067","",""
"Tseʼkhene","gw","U+0067 U+0077","",""
"Tseʼkhene","h","U+0068","",""
"Tseʼkhene","i","U+0069","",""
"Tseʼkhene","į","U+012F","",""
"Tseʼkhene","ì","U+00EC","",""
"Tseʼkhene","į̀","U+012F U+0300","",""
"Tseʼkhene","j","U+006A","",""
"Tseʼkhene","ii","U+0069 U+0069","",""
"Tseʼkhene","įį","U+012F U+012F","",""
"Tseʼkhene","ìì","U+00EC U+00EC","",""
"Tseʼkhene","į̀į̀","U+012F U+0300 U+012F U+0300","",""
"Tseʼkhene","k","U+006B","",""
"Tseʼkhene","k’","U+006B U+2019","",""
"Tseʼkhene","kh","U+006B U+0068","",""
"Tseʼkhene","gh","U+0067 U+0068","",""
"Tseʼkhene","kw","U+006B U+0077","",""
"Tseʼkhene","kw’","U+006B U+0077 U+2019","",""
"Tseʼkhene","l","U+006C","",""
"Tseʼkhene","lh","U+006C U+0068","",""
"Tseʼkhene","m","U+006D","",""
"Tseʼkhene","n","U+006E","",""
"Tseʼkhene","o","U+006F","",""
"Tseʼkhene","ǫ","U+01EB","",""
"Tseʼkhene","ò","U+00F2","",""
"Tseʼkhene","ǫ̀","U+01EB U+0300","",""
"Tseʼkhene","oo","U+006F U+006F","",""
"Tseʼkhene","ǫǫ","U+01EB U+01EB","",""
"Tseʼkhene","òò","U+00F2 U+00F2","",""
"Tseʼkhene","ǫ̀ǫ̀","U+01EB U+0300 U+01EB U+0300","",""
"Tseʼkhene","p","U+0070","",""
"Tseʼkhene","s","U+0073","",""
"Tseʼkhene","z","U+007A","",""
"Tseʼkhene","sh","U+0073 U+0068","",""
"Tseʼkhene","t","U+0074","",""
"Tseʼkhene","t’","U+0074 U+2019","",""
"Tseʼkhene","tl","U+0074 U+006C","",""
"Tseʼkhene","tl’","U+0074 U+006C U+2019","",""
"Tseʼkhene","ts","U+0074 U+0073","",""
"Tseʼkhene","ts’","U+0074 U+0073 U+2019","",""
"Tseʼkhene","u","U+0075","",""
"Tseʼkhene","ų","U+0173","",""
"Tseʼkhene","ù","U+00F9","",""
"Tseʼkhene","ų̀","U+0173 U+0300","",""
"Tseʼkhene","w","U+0077","",""
"Tseʼkhene","yh","U+0079 U+0068","",""
"Tseʼkhene","y","U+0079","",""
"Tseʼkhene","zh","U+007A U+0068","",""
"Tseʼkhene","'","U+0027","",""
"Tseʼkhene","a","U+0061","A","U+0041"
"Tseʼkhene","a̱","U+0061 U+0331","A̱","U+0041 U+0331"
"Tseʼkhene","b","U+0062","B","U+0042"
"Tseʼkhene","ch","U+0063 U+0068","Ch","U+0043 U+0068"
"Tseʼkhene","ch'","U+0063 U+0068 U+0027","Ch'","U+0043 U+0068 U+0027"
"Tseʼkhene","d","U+0064","D","U+0044"
"Tseʼkhene","dl","U+0064 U+006C","Dl","U+0044 U+006C"
"Tseʼkhene","dz","U+0064 U+007A","Dz","U+0044 U+007A"
"Tseʼkhene","e","U+0065","E","U+0045"
"Tseʼkhene","e̱","U+0065 U+0331","E̱","U+0045 U+0331"
"Tseʼkhene","g","U+0067","G","U+0047"
"Tseʼkhene","gh","U+0067 U+0068","Gh","U+0047 U+0068"
"Tseʼkhene","h","U+0068","H","U+0048"
"Tseʼkhene","i","U+0069","I","U+0049"
"Tseʼkhene","i̱","U+0069 U+0331","I̱","U+0049 U+0331"
"Tseʼkhene","j","U+006A","J","U+004A"
"Tseʼkhene","k","U+006B","K","U+004B"
"Tseʼkhene","k'","U+006B U+0027","K'","U+004B U+0027"
"Tseʼkhene","kh","U+006B U+0068","Kh","U+004B U+0068"
"Tseʼkhene","kw","U+006B U+0077","Kw","U+004B U+0077"
"Tseʼkhene","kw'","U+006B U+0077 U+0027","Kw'","U+004B U+0077 U+0027"
"Tseʼkhene","l","U+006C","L","U+004C"
"Tseʼkhene","lh","U+006C U+0068","Lh","U+004C U+0068"
"Tseʼkhene","m","U+006D","M","U+004D"
"Tseʼkhene","n","U+006E","N","U+004E"
"Tseʼkhene","o","U+006F","O","U+004F"
"Tseʼkhene","o̱","U+006F U+0331","O̱","U+004F U+0331"
"Tseʼkhene","s","U+0073","S","U+0053"
"Tseʼkhene","sh","U+0073 U+0068","Sh","U+0053 U+0068"
"Tseʼkhene","t","U+0074","T","U+0054"
"Tseʼkhene","t'","U+0074 U+0027","T'","U+0054 U+0027"
"Tseʼkhene","tl","U+0074 U+006C","Tl","U+0054 U+006C"
"Tseʼkhene","ts","U+0074 U+0073","Ts","U+0054 U+0073"
"Tseʼkhene","ts'","U+0074 U+0073 U+0027","Ts'","U+0054 U+0073 U+0027"
"Tseʼkhene","oo","U+006F U+006F","Oo","U+004F U+006F"
"Tseʼkhene","o̱o̱","U+006F U+0331 U+006F U+0331","O̱o̱","U+004F U+0331 U+006F U+0331"
"Tseʼkhene","u","U+0075","U","U+0055"
"Tseʼkhene","u̱","U+0075 U+0331","U̱","U+0055 U+0331"
"Tseʼkhene","w","U+0077","W","U+0057"
"Tseʼkhene","y","U+0079","Y","U+0059"
"Tseʼkhene","z","U+007A","Z","U+005A"
"Tseʼkhene","ẕ","U+1E95","Ẕ","U+1E94"
"Tsilhqotʼin","i","U+0069","",""
"Tsilhqotʼin","ɨ","U+0268","",""
"Tsilhqotʼin","a","U+0061","",""
"Tsilhqotʼin","e","U+0065","",""
"Tsilhqotʼin","u","U+0075","",""
"Tsilhqotʼin","o","U+006F","",""
"Tsilhqotʼin","b","U+0062","",""
"Tsilhqotʼin","p","U+0070","",""
"Tsilhqotʼin","m","U+006D","",""
"Tsilhqotʼin","d","U+0064","",""
"Tsilhqotʼin","t","U+0074","",""
"Tsilhqotʼin","t’","U+0074 U+2019","",""
"Tsilhqotʼin","n","U+006E","",""
"Tsilhqotʼin","dl","U+0064 U+006C","",""
"Tsilhqotʼin","tl","U+0074 U+006C","",""
"Tsilhqotʼin","tl’","U+0074 U+006C U+2019","",""
"Tsilhqotʼin","lh","U+006C U+0068","",""
"Tsilhqotʼin","l","U+006C","",""
"Tsilhqotʼin","dẑ","U+0064 U+1E91","",""
"Tsilhqotʼin","tŝ","U+0074 U+015D","",""
"Tsilhqotʼin","tŝ’","U+0074 U+015D U+2019","",""
"Tsilhqotʼin","ŝ","U+015D","",""
"Tsilhqotʼin","ẑ","U+1E91","",""
"Tsilhqotʼin","dz","U+0064 U+007A","",""
"Tsilhqotʼin","ts","U+0074 U+0073","",""
"Tsilhqotʼin","ts’","U+0074 U+0073 U+2019","",""
"Tsilhqotʼin","s","U+0073","",""
"Tsilhqotʼin","z","U+007A","",""
"Tsilhqotʼin","j","U+006A","",""
"Tsilhqotʼin","ch","U+0063 U+0068","",""
"Tsilhqotʼin","ch’","U+0063 U+0068 U+2019","",""
"Tsilhqotʼin","sh","U+0073 U+0068","",""
"Tsilhqotʼin","y","U+0079","",""
"Tsilhqotʼin","g","U+0067","",""
"Tsilhqotʼin","k","U+006B","",""
"Tsilhqotʼin","k’","U+006B U+2019","",""
"Tsilhqotʼin","gw","U+0067 U+0077","",""
"Tsilhqotʼin","kw","U+006B U+0077","",""
"Tsilhqotʼin","kw’","U+006B U+0077 U+2019","",""
"Tsilhqotʼin","wh","U+0077 U+0068","",""
"Tsilhqotʼin","w","U+0077","",""
"Tsilhqotʼin","gg","U+0067 U+0067","",""
"Tsilhqotʼin","q","U+0071","",""
"Tsilhqotʼin","q’","U+0071 U+2019","",""
"Tsilhqotʼin","x","U+0078","",""
"Tsilhqotʼin","gh","U+0067 U+0068","",""
"Tsilhqotʼin","ggw","U+0067 U+0067 U+0077","",""
"Tsilhqotʼin","qw","U+0071 U+0077","",""
"Tsilhqotʼin","qw’","U+0071 U+0077 U+2019","",""
"Tsilhqotʼin","xw","U+0078 U+0077","",""
"Tsilhqotʼin","ŵ","U+0175","",""
"Tsilhqotʼin","ʔ","U+0294","",""
"Tsilhqotʼin","h","U+0068","",""
"X̱aad Kil / X̱aayda Kil","a","U+0061","",""
"X̱aad Kil / X̱aayda Kil","aa","U+0061 U+0061","",""
"X̱aad Kil / X̱aayda Kil","aaw","U+0061 U+0061 U+0077","",""
"X̱aad Kil / X̱aayda Kil","aay","U+0061 U+0061 U+0079","",""
"X̱aad Kil / X̱aayda Kil","ah","U+0061 U+0068","",""
"X̱aad Kil / X̱aayda Kil","an","U+0061 U+006E","",""
"X̱aad Kil / X̱aayda Kil","ang","U+0061 U+006E U+0067","",""
"X̱aad Kil / X̱aayda Kil","aw","U+0061 U+0077","",""
"X̱aad Kil / X̱aayda Kil","ay","U+0061 U+0079","",""
"X̱aad Kil / X̱aayda Kil","b","U+0062","",""
"X̱aad Kil / X̱aayda Kil","ch","U+0063 U+0068","",""
"X̱aad Kil / X̱aayda Kil","d","U+0064","",""
"X̱aad Kil / X̱aayda Kil","dl","U+0064 U+006C","",""
"X̱aad Kil / X̱aayda Kil","g","U+0067","",""
"X̱aad Kil / X̱aayda Kil","g̱","U+0067 U+0331","",""
"X̱aad Kil / X̱aayda Kil","h","U+0068","",""
"X̱aad Kil / X̱aayda Kil","hl","U+0068 U+006C","",""
"X̱aad Kil / X̱aayda Kil","hll","U+0068 U+006C U+006C","",""
"X̱aad Kil / X̱aayda Kil","i","U+0069","",""
"X̱aad Kil / X̱aayda Kil","ii","U+0069 U+0069","",""
"X̱aad Kil / X̱aayda Kil","j","U+006A","",""
"X̱aad Kil / X̱aayda Kil","k","U+006B","",""
"X̱aad Kil / X̱aayda Kil","k'","U+006B U+0027","",""
"X̱aad Kil / X̱aayda Kil","ḵ","U+1E35","",""
"X̱aad Kil / X̱aayda Kil","ḵ'","U+1E35 U+0027","",""
"X̱aad Kil / X̱aayda Kil","l","U+006C","",""
"X̱aad Kil / X̱aayda Kil","ll","U+006C U+006C","",""
"X̱aad Kil / X̱aayda Kil","'l","U+0027 U+006C","",""
"X̱aad Kil / X̱aayda Kil","m","U+006D","",""
"X̱aad Kil / X̱aayda Kil","n","U+006E","",""
"X̱aad Kil / X̱aayda Kil","ng.","U+006E U+0067 U+002E","",""
"X̱aad Kil / X̱aayda Kil","o","U+006F","",""
"X̱aad Kil / X̱aayda Kil","p","U+0070","",""
"X̱aad Kil / X̱aayda Kil","s","U+0073","",""
"X̱aad Kil / X̱aayda Kil","t","U+0074","",""
"X̱aad Kil / X̱aayda Kil","t'","U+0074 U+0027","",""
"X̱aad Kil / X̱aayda Kil","tl","U+0074 U+006C","",""
"X̱aad Kil / X̱aayda Kil","tll","U+0074 U+006C U+006C","",""
"X̱aad Kil / X̱aayda Kil","tl'","U+0074 U+006C U+0027","",""
"X̱aad Kil / X̱aayda Kil","ts'","U+0074 U+0073 U+0027","",""
"X̱aad Kil / X̱aayda Kil","u","U+0075","",""
"X̱aad Kil / X̱aayda Kil","uu","U+0075 U+0075","",""
"X̱aad Kil / X̱aayda Kil","w","U+0077","",""
"X̱aad Kil / X̱aayda Kil","x","U+0078","",""
"X̱aad Kil / X̱aayda Kil","x̱","U+0078 U+0331","",""
"X̱aad Kil / X̱aayda Kil","y","U+0079","",""
"X̱aad Kil / X̱aayda Kil","’","U+2019","",""
"X̱aad Kil / X̱aayda Kil","a","U+0061","A","U+0041"
"X̱aad Kil / X̱aayda Kil","á","U+00E1","Á","U+00C1"
"X̱aad Kil / X̱aayda Kil","aa","U+0061 U+0061","Aa","U+0041 U+0061"
"X̱aad Kil / X̱aayda Kil","áa","U+00E1 U+0061","Áa","U+00C1 U+0061"
"X̱aad Kil / X̱aayda Kil","b","U+0062","B","U+0042"
"X̱aad Kil / X̱aayda Kil","d","U+0064","D","U+0044"
"X̱aad Kil / X̱aayda Kil","dl","U+0064 U+006C","Dl","U+0044 U+006C"
"X̱aad Kil / X̱aayda Kil","ee","U+0065 U+0065","Ee","U+0045 U+0065"
"X̱aad Kil / X̱aayda Kil","ée","U+00E9 U+0065","Ée","U+00C9 U+0065"
"X̱aad Kil / X̱aayda Kil","g","U+0067","G","U+0047"
"X̱aad Kil / X̱aayda Kil","g̱","U+0067 U+0331","G̱","U+0047 U+0331"
"X̱aad Kil / X̱aayda Kil","h","U+0068","H","U+0048"
"X̱aad Kil / X̱aayda Kil","hl","U+0068 U+006C","Hl","U+0048 U+006C"
"X̱aad Kil / X̱aayda Kil","i","U+0069","I","U+0049"
"X̱aad Kil / X̱aayda Kil","í","U+00ED","Í","U+00CD"
"X̱aad Kil / X̱aayda Kil","ii","U+0069 U+0069","Ii","U+0049 U+0069"
"X̱aad Kil / X̱aayda Kil","íi","U+00ED U+0069","Íi","U+00CD U+0069"
"X̱aad Kil / X̱aayda Kil","j","U+006A","J","U+004A"
"X̱aad Kil / X̱aayda Kil","k","U+006B","K","U+004B"
"X̱aad Kil / X̱aayda Kil","k'","U+006B U+0027","K'","U+004B U+0027"
"X̱aad Kil / X̱aayda Kil","ḵ","U+1E35","Ḵ","U+1E34"
"X̱aad Kil / X̱aayda Kil","ḵ'","U+1E35 U+0027","Ḵ'","U+1E34 U+0027"
"X̱aad Kil / X̱aayda Kil","l","U+006C","L","U+004C"
"X̱aad Kil / X̱aayda Kil","m","U+006D","M","U+004D"
"X̱aad Kil / X̱aayda Kil","n","U+006E","N","U+004E"
"X̱aad Kil / X̱aayda Kil","ng","U+006E U+0067","Ng","U+004E U+0067"
"X̱aad Kil / X̱aayda Kil","p","U+0070","P","U+0050"
"X̱aad Kil / X̱aayda Kil","s","U+0073","S","U+0053"
"X̱aad Kil / X̱aayda Kil","t","U+0074","T","U+0054"
"X̱aad Kil / X̱aayda Kil","t'","U+0074 U+0027","T'","U+0054 U+0027"
"X̱aad Kil / X̱aayda Kil","tl","U+0074 U+006C","Tl","U+0054 U+006C"
"X̱aad Kil / X̱aayda Kil","tl'","U+0074 U+006C U+0027","Tl'","U+0054 U+006C U+0027"
"X̱aad Kil / X̱aayda Kil","ts","U+0074 U+0073","Ts","U+0054 U+0073"
"X̱aad Kil / X̱aayda Kil","ts'","U+0074 U+0073 U+0027","Ts'","U+0054 U+0073 U+0027"
"X̱aad Kil / X̱aayda Kil","u","U+0075","U","U+0055"
"X̱aad Kil / X̱aayda Kil","ú","U+00FA","Ú","U+00DA"
"X̱aad Kil / X̱aayda Kil","uu","U+0075 U+0075","Uu","U+0055 U+0075"
"X̱aad Kil / X̱aayda Kil","úu","U+00FA U+0075","Úu","U+00DA U+0075"
"X̱aad Kil / X̱aayda Kil","w","U+0077","W","U+0057"
"X̱aad Kil / X̱aayda Kil","'w","U+0027 U+0077","'W","U+0027 U+0057"
"X̱aad Kil / X̱aayda Kil","x","U+0078","X","U+0058"
"X̱aad Kil / X̱aayda Kil","x̱","U+0078 U+0331","X̱","U+0058 U+0331"
"X̱aad Kil / X̱aayda Kil","y","U+0079","Y","U+0059"
"X̱aad Kil / X̱aayda Kil","'y","U+0027 U+0079","'Y","U+0027 U+0059"
"X̱aad Kil / X̱aayda Kil","'","U+0027","",""
"X̱aad Kil / X̱aayda Kil",".","U+002E","",""
"X̄enaksialak̓ala / X̄aʼislak̓ala","a","U+0061","",""
"X̄enaksialak̓ala / X̄aʼislak̓ala","’a","U+2019 U+0061","",""
"X̄enaksialak̓ala / X̄aʼislak̓ala","b","U+0062","",""
"X̄enaksialak̓ala / X̄aʼislak̓ala","c","U+0063","",""
"X̄enaksialak̓ala / X̄aʼislak̓ala","c̓","U+0063 U+0313","",""
"X̄enaksialak̓ala / X̄aʼislak̓ala","d","U+0064","",""
"X̄enaksialak̓ala / X̄aʼislak̓ala","e","U+0065","",""
"X̄enaksialak̓ala / X̄aʼislak̓ala","’e","U+2019 U+0065","",""
"X̄enaksialak̓ala / X̄aʼislak̓ala","g","U+0067","",""
"X̄enaksialak̓ala / X̄aʼislak̓ala","ḡ","U+1E21","",""
"X̄enaksialak̓ala / X̄aʼislak̓ala","ḡ°","U+1E21 U+00B0","",""
"X̄enaksialak̓ala / X̄aʼislak̓ala","g°","U+0067 U+00B0","",""
"X̄enaksialak̓ala / X̄aʼislak̓ala","h","U+0068","",""
"X̄enaksialak̓ala / X̄aʼislak̓ala","i","U+0069","",""
"X̄enaksialak̓ala / X̄aʼislak̓ala","’i","U+2019 U+0069","",""
"X̄enaksialak̓ala / X̄aʼislak̓ala","k","U+006B","",""
"X̄enaksialak̓ala / X̄aʼislak̓ala","k̓","U+006B U+0313","",""
"X̄enaksialak̓ala / X̄aʼislak̓ala","k̓°","U+006B U+0313 U+00B0","",""
"X̄enaksialak̓ala / X̄aʼislak̓ala","k°","U+006B U+00B0","",""
"X̄enaksialak̓ala / X̄aʼislak̓ala","l","U+006C","",""
"X̄enaksialak̓ala / X̄aʼislak̓ala","l̓","U+006C U+0313","",""
"X̄enaksialak̓ala / X̄aʼislak̓ala","m","U+006D","",""
"X̄enaksialak̓ala / X̄aʼislak̓ala","m̓","U+006D U+0313","",""
"X̄enaksialak̓ala / X̄aʼislak̓ala","n","U+006E","",""
"X̄enaksialak̓ala / X̄aʼislak̓ala","n̓","U+006E U+0313","",""
"X̄enaksialak̓ala / X̄aʼislak̓ala","o","U+006F","",""
"X̄enaksialak̓ala / X̄aʼislak̓ala","’o","U+2019 U+006F","",""
"X̄enaksialak̓ala / X̄aʼislak̓ala","p","U+0070","",""
"X̄enaksialak̓ala / X̄aʼislak̓ala","p̓","U+0070 U+0313","",""
"X̄enaksialak̓ala / X̄aʼislak̓ala","q","U+0071","",""
"X̄enaksialak̓ala / X̄aʼislak̓ala","q̓","U+0071 U+0313","",""
"X̄enaksialak̓ala / X̄aʼislak̓ala","q̓°","U+0071 U+0313 U+00B0","",""
"X̄enaksialak̓ala / X̄aʼislak̓ala","q°","U+0071 U+00B0","",""
"X̄enaksialak̓ala / X̄aʼislak̓ala","s","U+0073","",""
"X̄enaksialak̓ala / X̄aʼislak̓ala","t","U+0074","",""
"X̄enaksialak̓ala / X̄aʼislak̓ala","t̓","U+0074 U+0313","",""
"X̄enaksialak̓ala / X̄aʼislak̓ala","u","U+0075","",""
"X̄enaksialak̓ala / X̄aʼislak̓ala","’u","U+2019 U+0075","",""
"X̄enaksialak̓ala / X̄aʼislak̓ala","w","U+0077","",""
"X̄enaksialak̓ala / X̄aʼislak̓ala","w̓","U+0077 U+0313","",""
"X̄enaksialak̓ala / X̄aʼislak̓ala","x","U+0078","",""
"X̄enaksialak̓ala / X̄aʼislak̓ala","x̄","U+0078 U+0304","",""
"X̄enaksialak̓ala / X̄aʼislak̓ala","x̄°","U+0078 U+0304 U+00B0","",""
"X̄enaksialak̓ala / X̄aʼislak̓ala","x°","U+0078 U+00B0","",""
"X̄enaksialak̓ala / X̄aʼislak̓ala","y","U+0079","",""
"X̄enaksialak̓ala / X̄aʼislak̓ala","y̓","U+0079 U+0313","",""
"X̄enaksialak̓ala / X̄aʼislak̓ala","z","U+007A","",""
"X̄enaksialak̓ala / X̄aʼislak̓ala","ˈ","U+02C8","",""
"X̄enaksialak̓ala / X̄aʼislak̓ala","’","U+2019","",""
"X̄enaksialak̓ala / X̄aʼislak̓ala","°","U+00B0","",""
"ʼWuik̓ala","b","U+0062","B","U+0042"
"ʼWuik̓ala","p","U+0070","P","U+0050"
"ʼWuik̓ala","p̓","U+0070 U+0313","’P","U+2019 U+0050"
"ʼWuik̓ala","m","U+006D","M","U+004D"
"ʼWuik̓ala","m̓","U+006D U+0313","’M","U+2019 U+004D"
"ʼWuik̓ala","əm","U+0259 U+006D","",""
"ʼWuik̓ala","ə̀m","U+0259 U+0300 U+006D","",""
"ʼWuik̓ala","d","U+0064","D","U+0044"
"ʼWuik̓ala","t","U+0074","T","U+0054"
"ʼWuik̓ala","t̓","U+0074 U+0313","’T","U+2019 U+0054"
"ʼWuik̓ala","n","U+006E","N","U+004E"
"ʼWuik̓ala","n̓","U+006E U+0313","’N","U+2019 U+004E"
"ʼWuik̓ala","ən","U+0259 U+006E","",""
"ʼWuik̓ala","ə̀n","U+0259 U+0300 U+006E","",""
"ʼWuik̓ala","z","U+007A","Z","U+005A"
"ʼWuik̓ala","c","U+0063","C","U+0043"
"ʼWuik̓ala","c̓","U+0063 U+0313","’C","U+2019 U+0043"
"ʼWuik̓ala","s","U+0073","S","U+0053"
"ʼWuik̓ala","dh","U+0064 U+0068","Dh","U+0044 U+0068"
"ʼWuik̓ala","th","U+0074 U+0068","Th","U+0054 U+0068"
"ʼWuik̓ala","t̓h","U+0074 U+0313 U+0068","’Th","U+2019 U+0054 U+0068"
"ʼWuik̓ala","lh","U+006C U+0068","Lh","U+004C U+0068"
"ʼWuik̓ala","l","U+006C","L","U+004C"
"ʼWuik̓ala","l̓","U+006C U+0313","’L","U+2019 U+004C"
"ʼWuik̓ala","əl","U+0259 U+006C","",""
"ʼWuik̓ala","ə̀l","U+0259 U+0300 U+006C","",""
"ʼWuik̓ala","g","U+0067","G","U+0047"
"ʼWuik̓ala","k","U+006B","K","U+004B"
"ʼWuik̓ala","k̓","U+006B U+0313","’K","U+2019 U+004B"
"ʼWuik̓ala","x","U+0078","X","U+0058"
"ʼWuik̓ala","y","U+0079","Y","U+0059"
"ʼWuik̓ala","y̓","U+0079 U+0313","’Y","U+2019 U+0059"
"ʼWuik̓ala","gv","U+0067 U+0076","Gv","U+0047 U+0076"
"ʼWuik̓ala","kv","U+006B U+0076","Kv","U+004B U+0076"
"ʼWuik̓ala","k̓v","U+006B U+0313 U+0076","’Kv","U+2019 U+004B U+0076"
"ʼWuik̓ala","xv","U+0078 U+0076","Xv","U+0058 U+0076"
"ʼWuik̓ala","ǧv","U+01E7 U+0076","ˇGv","U+02C7 U+0047 U+0076"
"ʼWuik̓ala","qv","U+0071 U+0076","Qv","U+0051 U+0076"
"ʼWuik̓ala","q̓v","U+0071 U+0313 U+0076","’Qv","U+2019 U+0051 U+0076"
"ʼWuik̓ala","x̌v","U+0078 U+030C U+0076","ˇXv","U+02C7 U+0058 U+0076"
"ʼWuik̓ala","w","U+0077","W","U+0057"
"ʼWuik̓ala","w̓","U+0077 U+0313","’W","U+2019 U+0057"
"ʼWuik̓ala","ǧ","U+01E7","ˇG","U+02C7 U+0047"
"ʼWuik̓ala","q","U+0071","Q","U+0051"
"ʼWuik̓ala","q̓","U+0071 U+0313","’Q","U+2019 U+0051"
"ʼWuik̓ala","x̌","U+0078 U+030C","ˇX","U+02C7 U+0058"
"ʼWuik̓ala","h","U+0068","H","U+0048"
"ʼWuik̓ala","i","U+0069","",""
"ʼWuik̓ala","ì","U+00EC","",""
"ʼWuik̓ala","a","U+0061","",""
"ʼWuik̓ala","à","U+00E0","",""
"ʼWuik̓ala","a̓","U+0061 U+0313","",""
"ʼWuik̓ala","u","U+0075","",""
"ʼWuik̓ala","ù","U+00F9","",""
