Confusable,Canonical Character,Languages
"'","'","Dakelh,kwakiutl,Kwak̕wala,Sgüüx̱s"
"'","ʼ","Southern Tutchone"
"'","ˈ","X̄enaksialak̓ala / X̄aʼislak̓ala"
"'","’","Dakelh,Hulʼqʼumiʼnumʼ / Halqʼeméylem / hən̓q̓əmin̓əm̓,Nedutʼen / Witsuwitʼen,Tāłtān,Tseʼkhene,X̱aad Kil / X̱aayda Kil,ʼWuik̓ala"
"'L","'L","Sgüüx̱s"
"'M","'M","Sgüüx̱s"
"'N","'N","Sgüüx̱s"
"'W","'W","Sgüüx̱s"
"'Y","'Y","Sgüüx̱s"
"'a","’a","Dakelh,X̄enaksialak̓ala / X̄aʼislak̓ala"
"'a'","’a’","Dakelh"
"'ai","’ai","Dakelh"
"'ai'","’ai’","Dakelh"
"'e","’e","Dakelh,X̄enaksialak̓ala / X̄aʼislak̓ala"
"'e'","’e’","Dakelh"
"'i","’i","Dakelh,X̄enaksialak̓ala / X̄aʼislak̓ala"
"'i'","’i’","Dakelh"
"'l","'l","Sgüüx̱s,X̱aad Kil / X̱aayda Kil"
"'m","'m","Sgüüx̱s"
"'n","'n","Sgüüx̱s"
"'o","’o","Dakelh,X̄enaksialak̓ala / X̄aʼislak̓ala"
"'o'","’o’","Dakelh"
"'oo","’oo","Dakelh"
"'oo'","’oo’","Dakelh"
"'u","’u","Dakelh,X̄enaksialak̓ala / X̄aʼislak̓ala"
"'u'","’u’","Dakelh"
"'w","'w","Sgüüx̱s"
"'y","'y","Sgüüx̱s"
"'Ẅ","'Ẅ","Sgüüx̱s"
"'ẅ","'ẅ","Sgüüx̱s"
"A","A","Dakelh,kwakiutl,Kwak̕wala,Sgüüx̱s"
"A_","A̱","kwakiutl,Kwak̕wala,Sgüüx̱s,Sm'algya̱x,Tseʼkhene"
"Aa","Aa","Sgüüx̱s"
"A¯","Ā","Tāłtān"
"Aʼ","A̓","Haíɫzaqvḷa"
"Aˈ","A̓","Haíɫzaqvḷa"
"A̅","Ā","Tāłtān"
"A̒","A̓","Haíɫzaqvḷa"
"A̓","Á","Secwepemctsín"
"A̔","A̓","Haíɫzaqvḷa"
"A̕","A̓","Haíɫzaqvḷa"
"A̠","A̱","kwakiutl,Kwak̕wala,Sgüüx̱s,Sm'algya̱x,Tseʼkhene"
"A̱","A̱","kwakiutl,Kwak̕wala,Sgüüx̱s"
"A̲","A̱","kwakiutl,Kwak̕wala,Sgüüx̱s,Sm'algya̱x,Tseʼkhene"
"A̷","Ⱥ","SENĆOŦEN / Malchosen / Lekwungen / Semiahmoo / TʼSou-ke"
"A̸","Ⱥ","SENĆOŦEN / Malchosen / Lekwungen / Semiahmoo / TʼSou-ke"
"A՚","A̓","Haíɫzaqvḷa"
"A’","A̓","Haíɫzaqvḷa"
"A‾","Ā","Tāłtān"
"A︤","Ā","Tāłtān"
"A︥","Ā","Tāłtān"
"B","B","Dakelh,kwakiutl,Kwak̕wala,Sgüüx̱s"
"CHʼ","CH'","Hulʼqʼumiʼnumʼ / Halqʼeméylem / hən̓q̓əmin̓əm̓"
"CHˈ","CH'","Hulʼqʼumiʼnumʼ / Halqʼeméylem / hən̓q̓əmin̓əm̓"
"CH̒","CH'","Hulʼqʼumiʼnumʼ / Halqʼeméylem / hən̓q̓əmin̓əm̓"
"CH̓","CH'","Hulʼqʼumiʼnumʼ / Halqʼeméylem / hən̓q̓əmin̓əm̓"
"CH̔","CH'","Hulʼqʼumiʼnumʼ / Halqʼeméylem / hən̓q̓əmin̓əm̓"
"CH̕","CH'","Hulʼqʼumiʼnumʼ / Halqʼeméylem / hən̓q̓əmin̓əm̓"
"CH՚","CH'","Hulʼqʼumiʼnumʼ / Halqʼeméylem / hən̓q̓əmin̓əm̓"
"CH’","CH'","Hulʼqʼumiʼnumʼ / Halqʼeméylem / hən̓q̓əmin̓əm̓"
"CH＇","CH'","Hulʼqʼumiʼnumʼ / Halqʼeméylem / hən̓q̓əmin̓əm̓"
"Ch","Ch","Dakelh,Sgüüx̱s"
"Ch'","Ch'","Dakelh"
"Ch'","Ch’","Tāłtān"
"Chʼ","Ch'","Dakelh,Dene Kʼe,Tseʼkhene"
"Chʼ","Ch’","Tāłtān"
"Chˈ","Ch'","Dakelh,Dene Kʼe,Tseʼkhene"
"Chˈ","Ch’","Tāłtān"
"Ch̒","Ch'","Dakelh,Dene Kʼe,Tseʼkhene"
"Ch̒","Ch’","Tāłtān"
"Ch̓","Ch'","Dakelh,Dene Kʼe,Tseʼkhene"
"Ch̓","Ch’","Tāłtān"
"Ch̔","Ch'","Dakelh,Dene Kʼe,Tseʼkhene"
"Ch̔","Ch’","Tāłtān"
"Ch̕","Ch'","Dakelh,Dene Kʼe,Tseʼkhene"
"Ch̕","Ch’","Tāłtān"
"Ch՚","Ch'","Dakelh,Dene Kʼe,Tseʼkhene"
"Ch՚","Ch’","Tāłtān"
"Ch’","Ch'","Dakelh,Dene Kʼe,Tseʼkhene"
"Ch＇","Ch'","Dakelh,Dene Kʼe,Tseʼkhene"
"Ch＇","Ch’","Tāłtān"
"Cʼ","C'","Nedutʼen / Witsuwitʼen"
"Cʼ","C̓","Haíɫzaqvḷa,Nɬeʔkepmxcín,SENĆOŦEN / Malchosen / Lekwungen / Semiahmoo / TʼSou-ke"
"Cˈ","C̓","Haíɫzaqvḷa,Nɬeʔkepmxcín,SENĆOŦEN / Malchosen / Lekwungen / Semiahmoo / TʼSou-ke"
"C̒","C̓","Haíɫzaqvḷa,Nɬeʔkepmxcín,SENĆOŦEN / Malchosen / Lekwungen / Semiahmoo / TʼSou-ke"
"C̓","’C","ʼWuik̓ala"
"C̔","C̓","Haíɫzaqvḷa,Nɬeʔkepmxcín,SENĆOŦEN / Malchosen / Lekwungen / Semiahmoo / TʼSou-ke"
"C̕","C̓","Haíɫzaqvḷa,Nɬeʔkepmxcín,SENĆOŦEN / Malchosen / Lekwungen / Semiahmoo / TʼSou-ke"
"C̷","Ȼ","SENĆOŦEN / Malchosen / Lekwungen / Semiahmoo / TʼSou-ke"
"C̸","Ȼ","SENĆOŦEN / Malchosen / Lekwungen / Semiahmoo / TʼSou-ke"
"C՚","C̓","Haíɫzaqvḷa,Nɬeʔkepmxcín,SENĆOŦEN / Malchosen / Lekwungen / Semiahmoo / TʼSou-ke"
"C’","C̓","Haíɫzaqvḷa,Nɬeʔkepmxcín,SENĆOŦEN / Malchosen / Lekwungen / Semiahmoo / TʼSou-ke"
"D","D","Dakelh,kwakiutl,Kwak̕wala,Sgüüx̱s"
"Dl","Dl","Dakelh"
"Dl̷","Dł","kwakiutl,Kwak̕wala"
"Dl̸","Dł","kwakiutl,Kwak̕wala"
"Dz","Dz","Dakelh,kwakiutl,Kwak̕wala,Sgüüx̱s"
"Dz_","Dẕ","Tāłtān"
"Dz̠","Dẕ","Tāłtān"
"Dz̲","Dẕ","Tāłtān"
"Dł","Dł","kwakiutl,Kwak̕wala"
"E","E","Dakelh,kwakiutl,Kwak̕wala,Sgüüx̱s"
"Ee","Ee","Sgüüx̱s"
"E¯","Ē","Southern Tutchone,Tāłtān"
"E̅","Ē","Southern Tutchone,Tāłtān"
"E̓","É","Secwepemctsín"
"E̲","E̱","Tseʼkhene"
"E‾","Ē","Southern Tutchone,Tāłtān"
"E︤","Ē","Southern Tutchone,Tāłtān"
"E︥","Ē","Southern Tutchone,Tāłtān"
"G","G","Dakelh,kwakiutl,Kwak̕wala,Sgüüx̱s"
"G_","G̱","kwakiutl,Kwak̕wala,Nisg̱aʼa,Sgüüx̱s,Sm'algya̱x,X̱aad Kil / X̱aayda Kil"
"Gh","Gh","Dakelh"
"Gw","Gw","Dakelh,kwakiutl,Kwak̕wala,Sgüüx̱s"
"Gw’","G̓w","Secwepemctsín"
"Gy","Gy","Sgüüx̱s"
"Gʼ","G̓","St̓át̓imcets"
"Gʼw","G̓w","Secwepemctsín,St̓át̓imcets"
"Gˈ","G̓","St̓át̓imcets"
"Gˈw","G̓w","Secwepemctsín,St̓át̓imcets"
"G̒","G̓","St̓át̓imcets"
"G̒w","G̓w","Secwepemctsín,St̓át̓imcets"
"G̔","G̓","St̓át̓imcets"
"G̔w","G̓w","Secwepemctsín,St̓át̓imcets"
"G̕","G̓","St̓át̓imcets"
"G̕w","G̓w","Secwepemctsín,St̓át̓imcets"
"G̠","G̱","kwakiutl,Kwak̕wala,Nisg̱aʼa,Sgüüx̱s,Sm'algya̱x,X̱aad Kil / X̱aayda Kil"
"G̱","G̱","kwakiutl,Kwak̕wala,Sgüüx̱s"
"G̱w","G̱w","kwakiutl,Kwak̕wala"
"G̲","G̱","kwakiutl,Kwak̕wala,Nisg̱aʼa,Sgüüx̱s,Sm'algya̱x,X̱aad Kil / X̱aayda Kil"
"G՚","G̓","St̓át̓imcets"
"G՚w","G̓w","Secwepemctsín,St̓át̓imcets"
"G’","G̓","St̓át̓imcets"
"G’w","G̓w","Secwepemctsín,St̓át̓imcets"
"H","H","Dakelh,kwakiutl,Kwak̕wala,Sgüüx̱s"
"Hʼ","H̓","Haíɫzaqvḷa"
"Hˈ","H̓","Haíɫzaqvḷa"
"H̒","H̓","Haíɫzaqvḷa"
"H̔","H̓","Haíɫzaqvḷa"
"H̕","H̓","Haíɫzaqvḷa"
"H՚","H̓","Haíɫzaqvḷa"
"H’","H̓","Haíɫzaqvḷa"
"I","I","Dakelh,kwakiutl,Kwak̕wala,Sgüüx̱s"
"Ii","Ii","Sgüüx̱s"
"I¯","Ī","Southern Tutchone,Tāłtān"
"Iʼ","I̓","Haíɫzaqvḷa"
"Iˈ","I̓","Haíɫzaqvḷa"
"I̅","Ī","Southern Tutchone,Tāłtān"
"I̒","I̓","Haíɫzaqvḷa"
"I̓","Í","Secwepemctsín"
"I̔","I̓","Haíɫzaqvḷa"
"I̕","I̓","Haíɫzaqvḷa"
"I̲","I̱","Tseʼkhene"
"I՚","I̓","Haíɫzaqvḷa"
"I’","I̓","Haíɫzaqvḷa"
"I‾","Ī","Southern Tutchone,Tāłtān"
"I︤","Ī","Southern Tutchone,Tāłtān"
"I︥","Ī","Southern Tutchone,Tāłtān"
"J","J","Dakelh"
"K","K","Dakelh,kwakiutl,Kwak̕wala,Sgüüx̱s"
"K'","K'","Dakelh,Sgüüx̱s"
"K'","K’","Lingít,Nedutʼen / Witsuwitʼen,Nuxalk,Tāłtān"
"KWʼ","KW'","Hulʼqʼumiʼnumʼ / Halqʼeméylem / hən̓q̓əmin̓əm̓"
"KWˈ","KW'","Hulʼqʼumiʼnumʼ / Halqʼeméylem / hən̓q̓əmin̓əm̓"
"KW̒","KW'","Hulʼqʼumiʼnumʼ / Halqʼeméylem / hən̓q̓əmin̓əm̓"
"KW̓","KW'","Hulʼqʼumiʼnumʼ / Halqʼeméylem / hən̓q̓əmin̓əm̓"
"KW̔","KW'","Hulʼqʼumiʼnumʼ / Halqʼeméylem / hən̓q̓əmin̓əm̓"
"KW̕","KW'","Hulʼqʼumiʼnumʼ / Halqʼeméylem / hən̓q̓əmin̓əm̓"
"KW՚","KW'","Hulʼqʼumiʼnumʼ / Halqʼeméylem / hən̓q̓əmin̓əm̓"
"KW’","KW'","Hulʼqʼumiʼnumʼ / Halqʼeméylem / hən̓q̓əmin̓əm̓"
"KW＇","KW'","Hulʼqʼumiʼnumʼ / Halqʼeméylem / hən̓q̓əmin̓əm̓"
"K_","K̲","Nɬeʔkepmxcín"
"K_","Ḵ","kwakiutl,Kwak̕wala,Nisg̱aʼa,SENĆOŦEN / Malchosen / Lekwungen / Semiahmoo / TʼSou-ke,Sgüüx̱s,Sm'algya̱x,X̱aad Kil / X̱aayda Kil"
"K_w","K̲w","Nɬeʔkepmxcín"
"K_w","Ḵw","kwakiutl,Kwak̕wala"
"K_ʼ","Ḵ'","Nisg̱aʼa"
"K_ʼw","Ḵ̕w","kwakiutl,Kwak̕wala"
"K_ˈw","Ḵ̕w","kwakiutl,Kwak̕wala"
"K_̒w","Ḵ̕w","kwakiutl,Kwak̕wala"
"K_̓","Ḵ̓","kwakiutl,Kwak̕wala"
"K_̔w","Ḵ̕w","kwakiutl,Kwak̕wala"
"K_̕w","Ḵ̕w","kwakiutl,Kwak̕wala"
"K_՚w","Ḵ̕w","kwakiutl,Kwak̕wala"
"K_’","Ḵ'","Nisg̱aʼa"
"K_’w","Ḵ̕w","kwakiutl,Kwak̕wala"
"Kh","Kh","Dakelh"
"Kw","Kw","Dakelh,kwakiutl,Kwak̕wala,Sgüüx̱s"
"Kw'","Kw'","Dakelh,Sgüüx̱s"
"Kw'","Kw’","Nuxalk"
"Kwʼ","Kw'","Dakelh,Nedutʼen / Witsuwitʼen,Nisg̱aʼa,Sgüüx̱s"
"Kwʼ","Kw’","Nuxalk"
"Kwˈ","Kw'","Dakelh,Nisg̱aʼa,Sgüüx̱s"
"Kwˈ","Kw’","Nuxalk"
"Kw̒","Kw'","Dakelh,Nisg̱aʼa,Sgüüx̱s"
"Kw̒","Kw’","Nuxalk"
"Kw̓","Kw'","Dakelh,Nisg̱aʼa,Sgüüx̱s"
"Kw̓","Kw’","Nuxalk"
"Kw̔","Kw'","Dakelh,Nisg̱aʼa,Sgüüx̱s"
"Kw̔","Kw’","Nuxalk"
"Kw̕","Kw'","Dakelh,Nisg̱aʼa,Sgüüx̱s"
"Kw̕","Kw’","Nuxalk"
"Kw՚","Kw'","Dakelh,Nisg̱aʼa,Sgüüx̱s"
"Kw՚","Kw’","Nuxalk"
"Kw’","Kw'","Dakelh,Nisg̱aʼa,Sgüüx̱s"
"Kw’","K̓w","Secwepemctsín"
"Kw＇","Kw'","Dakelh,Nisg̱aʼa,Sgüüx̱s"
"Kw＇","Kw’","Nuxalk"
"Ky","Ky","Sgüüx̱s"
"Ky'","Ky'","Sgüüx̱s"
"Kʼ","K'","Dakelh,Dene Kʼe,Nedutʼen / Witsuwitʼen,Nisg̱aʼa,Sgüüx̱s,Sm'algya̱x,Tseʼkhene,X̱aad Kil / X̱aayda Kil"
"Kʼ","K̓","Haíɫzaqvḷa,kwakiutl,Kwak̕wala,Nɬeʔkepmxcín,Secwepemctsín,St̓át̓imcets"
"Kʼ","K’","Nedutʼen / Witsuwitʼen,Nuxalk,Tāłtān"
"KʼV","K̓V","Haíɫzaqvḷa"
"Kʼw","K̓w","Secwepemctsín,St̓át̓imcets"
"Kʼw","K̕w","kwakiutl,Kwak̕wala"
"Kʼʷ","K̓ʷ","Nɬeʔkepmxcín,SENĆOŦEN / Malchosen / Lekwungen / Semiahmoo / TʼSou-ke"
"Kˈ","K'","Dakelh,Nedutʼen / Witsuwitʼen,Sgüüx̱s,Tseʼkhene,X̱aad Kil / X̱aayda Kil"
"Kˈ","K̓","Haíɫzaqvḷa,kwakiutl,Kwak̕wala,Nɬeʔkepmxcín,Secwepemctsín,St̓át̓imcets"
"Kˈ","K’","Nedutʼen / Witsuwitʼen,Nuxalk,Tāłtān"
"KˈV","K̓V","Haíɫzaqvḷa"
"Kˈw","K̓w","Secwepemctsín,St̓át̓imcets"
"Kˈw","K̕w","kwakiutl,Kwak̕wala"
"Kˈʷ","K̓ʷ","Nɬeʔkepmxcín,SENĆOŦEN / Malchosen / Lekwungen / Semiahmoo / TʼSou-ke"
"K̒","K'","Dakelh,Nedutʼen / Witsuwitʼen,Sgüüx̱s,Sm'algya̱x,Tseʼkhene,X̱aad Kil / X̱aayda Kil"
"K̒","K̓","Haíɫzaqvḷa,kwakiutl,Kwak̕wala,Nɬeʔkepmxcín,Secwepemctsín,St̓át̓imcets"
"K̒","K’","Nedutʼen / Witsuwitʼen,Nuxalk,Tāłtān"
"K̒V","K̓V","Haíɫzaqvḷa"
"K̒w","K̓w","Secwepemctsín,St̓át̓imcets"
"K̒w","K̕w","kwakiutl,Kwak̕wala"
"K̒ʷ","K̓ʷ","Nɬeʔkepmxcín,SENĆOŦEN / Malchosen / Lekwungen / Semiahmoo / TʼSou-ke"
"K̓","K'","Dakelh,Nedutʼen / Witsuwitʼen,Sgüüx̱s,Sm'algya̱x,Tseʼkhene,X̱aad Kil / X̱aayda Kil"
"K̓","K̓","kwakiutl,Kwak̕wala"
"K̓","K’","Nedutʼen / Witsuwitʼen,Nuxalk,Tāłtān"
"K̓","’K","ʼWuik̓ala"
"K̓w","K̕w","kwakiutl,Kwak̕wala"
"K̔","K'","Dakelh,Nedutʼen / Witsuwitʼen,Sgüüx̱s,Sm'algya̱x,Tseʼkhene,X̱aad Kil / X̱aayda Kil"
"K̔","K̓","Haíɫzaqvḷa,kwakiutl,Kwak̕wala,Nɬeʔkepmxcín,Secwepemctsín,St̓át̓imcets"
"K̔","K’","Nedutʼen / Witsuwitʼen,Nuxalk,Tāłtān"
"K̔V","K̓V","Haíɫzaqvḷa"
"K̔w","K̓w","Secwepemctsín,St̓át̓imcets"
"K̔w","K̕w","kwakiutl,Kwak̕wala"
"K̔ʷ","K̓ʷ","Nɬeʔkepmxcín,SENĆOŦEN / Malchosen / Lekwungen / Semiahmoo / TʼSou-ke"
"K̕","K'","Dakelh,Nedutʼen / Witsuwitʼen,Sgüüx̱s,Sm'algya̱x,Tseʼkhene,X̱aad Kil / X̱aayda Kil"
"K̕","K̓","Haíɫzaqvḷa,kwakiutl,Kwak̕wala,Nɬeʔkepmxcín,Secwepemctsín,St̓át̓imcets"
"K̕","K’","Nedutʼen / Witsuwitʼen,Nuxalk,Tāłtān"
"K̕V","K̓V","Haíɫzaqvḷa"
"K̕w","K̓w","Secwepemctsín,St̓át̓imcets"
"K̕w","K̕w","kwakiutl,Kwak̕wala"
"K̕ʷ","K̓ʷ","Nɬeʔkepmxcín,SENĆOŦEN / Malchosen / Lekwungen / Semiahmoo / TʼSou-ke"
"K̠","K̲","Nɬeʔkepmxcín"
"K̠","Ḵ","kwakiutl,Kwak̕wala,Nisg̱aʼa,SENĆOŦEN / Malchosen / Lekwungen / Semiahmoo / TʼSou-ke,Sgüüx̱s,Sm'algya̱x,X̱aad Kil / X̱aayda Kil"
"K̠w","K̲w","Nɬeʔkepmxcín"
"K̠w","Ḵw","kwakiutl,Kwak̕wala"
"K̠ʼ","Ḵ'","Nisg̱aʼa"
"K̠ʼw","Ḵ̕w","kwakiutl,Kwak̕wala"
"K̠ˈw","Ḵ̕w","kwakiutl,Kwak̕wala"
"K̠̒w","Ḵ̕w","kwakiutl,Kwak̕wala"
"K̠̔w","Ḵ̕w","kwakiutl,Kwak̕wala"
"K̠̕w","Ḵ̕w","kwakiutl,Kwak̕wala"
"K̠՚","Ḵ'","Nisg̱aʼa"
"K̠՚w","Ḵ̕w","kwakiutl,Kwak̕wala"
"K̠’","Ḵ'","Nisg̱aʼa"
"K̠’w","Ḵ̕w","kwakiutl,Kwak̕wala"
"K̲","Ḵ","kwakiutl,Kwak̕wala,Nisg̱aʼa,SENĆOŦEN / Malchosen / Lekwungen / Semiahmoo / TʼSou-ke,Sgüüx̱s,Sm'algya̱x,X̱aad Kil / X̱aayda Kil"
"K̲w","Ḵw","kwakiutl,Kwak̕wala"
"K̲ʼ","Ḵ'","Nisg̱aʼa,Sgüüx̱s,X̱aad Kil / X̱aayda Kil"
"K̲ʼw","Ḵ̕w","kwakiutl,Kwak̕wala"
"K̲ˈ","Ḵ'","Sgüüx̱s,X̱aad Kil / X̱aayda Kil"
"K̲ˈw","Ḵ̕w","kwakiutl,Kwak̕wala"
"K̲̒","Ḵ'","Sgüüx̱s,X̱aad Kil / X̱aayda Kil"
"K̲̒w","Ḵ̕w","kwakiutl,Kwak̕wala"
"K̲̓","Ḵ'","Sgüüx̱s,X̱aad Kil / X̱aayda Kil"
"K̲̓","Ḵ̓","kwakiutl,Kwak̕wala"
"K̲̔","Ḵ'","Sgüüx̱s,X̱aad Kil / X̱aayda Kil"
"K̲̔w","Ḵ̕w","kwakiutl,Kwak̕wala"
"K̲̕","Ḵ'","Sgüüx̱s,X̱aad Kil / X̱aayda Kil"
"K̲̕w","Ḵ̕w","kwakiutl,Kwak̕wala"
"K̲՚","Ḵ'","Nisg̱aʼa,Sgüüx̱s,X̱aad Kil / X̱aayda Kil"
"K̲՚w","Ḵ̕w","kwakiutl,Kwak̕wala"
"K̲’","Ḵ'","Nisg̱aʼa,Sgüüx̱s,X̱aad Kil / X̱aayda Kil"
"K̲’w","Ḵ̕w","kwakiutl,Kwak̕wala"
"K̲＇","Ḵ'","Sgüüx̱s,X̱aad Kil / X̱aayda Kil"
"K̵","₭","SENĆOŦEN / Malchosen / Lekwungen / Semiahmoo / TʼSou-ke"
"K̶","₭","SENĆOŦEN / Malchosen / Lekwungen / Semiahmoo / TʼSou-ke"
"K՚","K'","Dakelh,Dene Kʼe,Nedutʼen / Witsuwitʼen,Nisg̱aʼa,Sgüüx̱s,Tseʼkhene,X̱aad Kil / X̱aayda Kil"
"K՚","K̓","Haíɫzaqvḷa,kwakiutl,Kwak̕wala,Nɬeʔkepmxcín,Secwepemctsín,St̓át̓imcets"
"K՚","K’","Nedutʼen / Witsuwitʼen,Nuxalk,Tāłtān"
"K՚V","K̓V","Haíɫzaqvḷa"
"K՚w","K̓w","Secwepemctsín,St̓át̓imcets"
"K՚w","K̕w","kwakiutl,Kwak̕wala"
"K՚ʷ","K̓ʷ","Nɬeʔkepmxcín,SENĆOŦEN / Malchosen / Lekwungen / Semiahmoo / TʼSou-ke"
"K’","K'","Dakelh,Dene Kʼe,Nedutʼen / Witsuwitʼen,Nisg̱aʼa,Sgüüx̱s,Tseʼkhene,X̱aad Kil / X̱aayda Kil"
"K’","K̓","Haíɫzaqvḷa,kwakiutl,Kwak̕wala,Nɬeʔkepmxcín,Secwepemctsín,St̓át̓imcets"
"K’V","K̓V","Haíɫzaqvḷa"
"K’w","K̓w","Secwepemctsín,St̓át̓imcets"
"K’w","K̕w","kwakiutl,Kwak̕wala"
"K’ʷ","K̓ʷ","Nɬeʔkepmxcín,SENĆOŦEN / Malchosen / Lekwungen / Semiahmoo / TʼSou-ke"
"K＇","K'","Dakelh,Nedutʼen / Witsuwitʼen,Sgüüx̱s,Tseʼkhene,X̱aad Kil / X̱aayda Kil"
"K＇","K’","Nedutʼen / Witsuwitʼen,Nuxalk,Tāłtān"
"L","L","Dakelh,kwakiutl,Kwak̕wala,Sgüüx̱s"
"Lh","Lh","Dakelh"
"Lʼ","L̓","Haíɫzaqvḷa,Nɬeʔkepmxcín,Secwepemctsín,St̓át̓imcets"
"Lˈ","L̓","Haíɫzaqvḷa,Nɬeʔkepmxcín,Secwepemctsín,St̓át̓imcets"
"L̀","L̓","Nisg̱aʼa"
"L̍","L̓","Nisg̱aʼa,Nɬeʔkepmxcín,St̓át̓imcets"
"L̒","L̓","Haíɫzaqvḷa,Nisg̱aʼa,Nɬeʔkepmxcín,Secwepemctsín,St̓át̓imcets"
"L̓","’L","ʼWuik̓ala"
"L̔","L̓","Haíɫzaqvḷa,Nisg̱aʼa,Nɬeʔkepmxcín,Secwepemctsín,St̓át̓imcets"
"L̕","L̓","Haíɫzaqvḷa,Nisg̱aʼa,Nɬeʔkepmxcín,Secwepemctsín,St̓át̓imcets"
"L̠","L̲","St̓át̓imcets"
"L̵","Ƚ","SENĆOŦEN / Malchosen / Lekwungen / Semiahmoo / TʼSou-ke"
"L̶","Ƚ","SENĆOŦEN / Malchosen / Lekwungen / Semiahmoo / TʼSou-ke"
"L̷","Ł","Dene Kʼe,kwakiutl,Kwak̕wala,Nɬeʔkepmxcín,Sgüüx̱s,Southern Tutchone,Tāłtān"
"L̷","Ɬ","Nɬeʔkepmxcín"
"L̸","Ł","Dene Kʼe,kwakiutl,Kwak̕wala,Nɬeʔkepmxcín,Sgüüx̱s,Southern Tutchone,Tāłtān"
"L̸","Ɬ","Nɬeʔkepmxcín"
"L՚","L̓","Haíɫzaqvḷa,Nɬeʔkepmxcín,Secwepemctsín,St̓át̓imcets"
"L’","L̓","Haíɫzaqvḷa,Nisg̱aʼa,Nɬeʔkepmxcín,Secwepemctsín,St̓át̓imcets"
"M","M","Dakelh,kwakiutl,Kwak̕wala,Sgüüx̱s"
"Mʼ","M̓","Haíɫzaqvḷa,Nisg̱aʼa,Nɬeʔkepmxcín,Secwepemctsín,St̓át̓imcets"
"Mˈ","M̓","Haíɫzaqvḷa,Nisg̱aʼa,Nɬeʔkepmxcín,Secwepemctsín,St̓át̓imcets"
"M̍","M̓","Haíɫzaqvḷa,Nisg̱aʼa,Nɬeʔkepmxcín,Secwepemctsín,St̓át̓imcets"
"M̒","M̓","Haíɫzaqvḷa,Nisg̱aʼa,Nɬeʔkepmxcín,Secwepemctsín,St̓át̓imcets"
"M̓","’M","ʼWuik̓ala"
"M̔","M̓","Haíɫzaqvḷa,Nisg̱aʼa,Nɬeʔkepmxcín,Secwepemctsín,St̓át̓imcets"
"M̕","M̓","Haíɫzaqvḷa,Nisg̱aʼa,Nɬeʔkepmxcín,Secwepemctsín,St̓át̓imcets"
"M՚","M̓","Haíɫzaqvḷa,Nisg̱aʼa,Nɬeʔkepmxcín,Secwepemctsín,St̓át̓imcets"
"M’","M̓","Haíɫzaqvḷa,Nisg̱aʼa,Nɬeʔkepmxcín,Secwepemctsín,St̓át̓imcets"
"N","N","Dakelh,kwakiutl,Kwak̕wala,Sgüüx̱s"
"N_","Ṉ","SENĆOŦEN / Malchosen / Lekwungen / Semiahmoo / TʼSou-ke"
"Nʼ","N̓","Haíɫzaqvḷa,Nisg̱aʼa,Nɬeʔkepmxcín,Secwepemctsín,St̓át̓imcets"
"Nˈ","N̓","Haíɫzaqvḷa,Nisg̱aʼa,Nɬeʔkepmxcín,Secwepemctsín,St̓át̓imcets"
"N̍","N̓","Haíɫzaqvḷa,Nisg̱aʼa,Nɬeʔkepmxcín,Secwepemctsín,St̓át̓imcets"
"N̒","N̓","Haíɫzaqvḷa,Nisg̱aʼa,Nɬeʔkepmxcín,Secwepemctsín,St̓át̓imcets"
"N̓","’N","ʼWuik̓ala"
"N̔","N̓","Haíɫzaqvḷa,Nisg̱aʼa,Nɬeʔkepmxcín,Secwepemctsín,St̓át̓imcets"
"N̕","N̓","Haíɫzaqvḷa,Nisg̱aʼa,Nɬeʔkepmxcín,Secwepemctsín,St̓át̓imcets"
"N̠","Ṉ","SENĆOŦEN / Malchosen / Lekwungen / Semiahmoo / TʼSou-ke"
"N̲","Ṉ","SENĆOŦEN / Malchosen / Lekwungen / Semiahmoo / TʼSou-ke"
"N՚","N̓","Haíɫzaqvḷa,Nisg̱aʼa,Nɬeʔkepmxcín,Secwepemctsín,St̓át̓imcets"
"N’","N̓","Haíɫzaqvḷa,Nisg̱aʼa,Nɬeʔkepmxcín,Secwepemctsín,St̓át̓imcets"
"O","O","Dakelh,kwakiutl,Kwak̕wala,Sgüüx̱s"
"Oo","Oo","Dakelh,Sgüüx̱s"
"O¯","Ō","Southern Tutchone,Tāłtān"
"O̅","Ō","Southern Tutchone,Tāłtān"
"O̓","Ó","Secwepemctsín"
"O̲","O̱","Tseʼkhene"
"O̵","Ɵ","Nɬeʔkepmxcín"
"O̶","Ɵ","Nɬeʔkepmxcín"
"O‾","Ō","Southern Tutchone,Tāłtān"
"O︤","Ō","Southern Tutchone,Tāłtān"
"O︥","Ō","Southern Tutchone,Tāłtān"
"P","P","kwakiutl,Kwak̕wala,Sgüüx̱s"
"P'","P'","Sgüüx̱s"
"P'","P’","Nuxalk"
"Pʼ","P'","Hulʼqʼumiʼnumʼ / Halqʼeméylem / hən̓q̓əmin̓əm̓,Nisg̱aʼa,Sgüüx̱s"
"Pʼ","P̓","Haíɫzaqvḷa,kwakiutl,Kwak̕wala,Nɬeʔkepmxcín,Secwepemctsín,SENĆOŦEN / Malchosen / Lekwungen / Semiahmoo / TʼSou-ke,St̓át̓imcets"
"Pʼ","P’","Nuxalk"
"Pˈ","P'","Hulʼqʼumiʼnumʼ / Halqʼeméylem / hən̓q̓əmin̓əm̓,Nisg̱aʼa,Sgüüx̱s"
"Pˈ","P̓","Haíɫzaqvḷa,kwakiutl,Kwak̕wala,Nɬeʔkepmxcín,Secwepemctsín,SENĆOŦEN / Malchosen / Lekwungen / Semiahmoo / TʼSou-ke,St̓át̓imcets"
"Pˈ","P’","Nuxalk"
"P̒","P'","Hulʼqʼumiʼnumʼ / Halqʼeméylem / hən̓q̓əmin̓əm̓,Nisg̱aʼa,Sgüüx̱s"
"P̒","P̓","Haíɫzaqvḷa,kwakiutl,Kwak̕wala,Nɬeʔkepmxcín,Secwepemctsín,SENĆOŦEN / Malchosen / Lekwungen / Semiahmoo / TʼSou-ke,St̓át̓imcets"
"P̒","P’","Nuxalk"
"P̓","P'","Hulʼqʼumiʼnumʼ / Halqʼeméylem / hən̓q̓əmin̓əm̓,Nisg̱aʼa,Sgüüx̱s"
"P̓","P̓","kwakiutl,Kwak̕wala"
"P̓","P’","Nuxalk"
"P̓","’P","ʼWuik̓ala"
"P̔","P'","Hulʼqʼumiʼnumʼ / Halqʼeméylem / hən̓q̓əmin̓əm̓,Nisg̱aʼa,Sgüüx̱s"
"P̔","P̓","Haíɫzaqvḷa,kwakiutl,Kwak̕wala,Nɬeʔkepmxcín,Secwepemctsín,SENĆOŦEN / Malchosen / Lekwungen / Semiahmoo / TʼSou-ke,St̓át̓imcets"
"P̔","P’","Nuxalk"
"P̕","P'","Hulʼqʼumiʼnumʼ / Halqʼeméylem / hən̓q̓əmin̓əm̓,Nisg̱aʼa,Sgüüx̱s"
"P̕","P̓","Haíɫzaqvḷa,kwakiutl,Kwak̕wala,Nɬeʔkepmxcín,Secwepemctsín,SENĆOŦEN / Malchosen / Lekwungen / Semiahmoo / TʼSou-ke,St̓át̓imcets"
"P̕","P’","Nuxalk"
"P՚","P'","Hulʼqʼumiʼnumʼ / Halqʼeméylem / hən̓q̓əmin̓əm̓,Nisg̱aʼa,Sgüüx̱s"
"P՚","P̓","Haíɫzaqvḷa,kwakiutl,Kwak̕wala,Nɬeʔkepmxcín,Secwepemctsín,SENĆOŦEN / Malchosen / Lekwungen / Semiahmoo / TʼSou-ke,St̓át̓imcets"
"P՚","P’","Nuxalk"
"P’","P'","Hulʼqʼumiʼnumʼ / Halqʼeméylem / hən̓q̓əmin̓əm̓,Nisg̱aʼa,Sgüüx̱s"
"P’","P̓","Haíɫzaqvḷa,kwakiutl,Kwak̕wala,Nɬeʔkepmxcín,Secwepemctsín,SENĆOŦEN / Malchosen / Lekwungen / Semiahmoo / TʼSou-ke,St̓át̓imcets"
"P＇","P'","Hulʼqʼumiʼnumʼ / Halqʼeméylem / hən̓q̓əmin̓əm̓,Nisg̱aʼa,Sgüüx̱s"
"P＇","P’","Nuxalk"
"Q'","Q’","Nuxalk"
"QWʼ","QW'","Hulʼqʼumiʼnumʼ / Halqʼeméylem / hən̓q̓əmin̓əm̓"
"QWˈ","QW'","Hulʼqʼumiʼnumʼ / Halqʼeméylem / hən̓q̓əmin̓əm̓"
"QW̒","QW'","Hulʼqʼumiʼnumʼ / Halqʼeméylem / hən̓q̓əmin̓əm̓"
"QW̓","QW'","Hulʼqʼumiʼnumʼ / Halqʼeméylem / hən̓q̓əmin̓əm̓"
"QW̔","QW'","Hulʼqʼumiʼnumʼ / Halqʼeméylem / hən̓q̓əmin̓əm̓"
"QW̕","QW'","Hulʼqʼumiʼnumʼ / Halqʼeméylem / hən̓q̓əmin̓əm̓"
"QW՚","QW'","Hulʼqʼumiʼnumʼ / Halqʼeméylem / hən̓q̓əmin̓əm̓"
"QW’","QW'","Hulʼqʼumiʼnumʼ / Halqʼeméylem / hən̓q̓əmin̓əm̓"
"QW＇","QW'","Hulʼqʼumiʼnumʼ / Halqʼeméylem / hən̓q̓əmin̓əm̓"
"Qw'","Qw’","Nuxalk"
"Qwʼ","Qw’","Nuxalk"
"Qwˈ","Qw’","Nuxalk"
"Qw̒","Qw’","Nuxalk"
"Qw̓","Qw’","Nuxalk"
"Qw̔","Qw’","Nuxalk"
"Qw̕","Qw’","Nuxalk"
"Qw՚","Qw’","Nuxalk"
"Qw’","Q̓w","Secwepemctsín"
"Qw＇","Qw’","Nuxalk"
"Qʼ","Q'","Hulʼqʼumiʼnumʼ / Halqʼeméylem / hən̓q̓əmin̓əm̓"
"Qʼ","Q̓","Haíɫzaqvḷa,Nɬeʔkepmxcín,Secwepemctsín,SENĆOŦEN / Malchosen / Lekwungen / Semiahmoo / TʼSou-ke,St̓át̓imcets"
"Qʼ","Q’","Nuxalk"
"QʼV","Q̓V","Haíɫzaqvḷa"
"Qʼw","Q̓w","Secwepemctsín,St̓át̓imcets"
"Qʼʷ","Q̓ʷ","Nɬeʔkepmxcín,SENĆOŦEN / Malchosen / Lekwungen / Semiahmoo / TʼSou-ke"
"Qˈ","Q'","Hulʼqʼumiʼnumʼ / Halqʼeméylem / hən̓q̓əmin̓əm̓"
"Qˈ","Q̓","Haíɫzaqvḷa,Nɬeʔkepmxcín,Secwepemctsín,SENĆOŦEN / Malchosen / Lekwungen / Semiahmoo / TʼSou-ke,St̓át̓imcets"
"Qˈ","Q’","Nuxalk"
"QˈV","Q̓V","Haíɫzaqvḷa"
"Qˈw","Q̓w","Secwepemctsín,St̓át̓imcets"
"Qˈʷ","Q̓ʷ","Nɬeʔkepmxcín,SENĆOŦEN / Malchosen / Lekwungen / Semiahmoo / TʼSou-ke"
"Q̍w","Q̓w","Secwepemctsín,St̓át̓imcets"
"Q̒","Q'","Hulʼqʼumiʼnumʼ / Halqʼeméylem / hən̓q̓əmin̓əm̓"
"Q̒","Q̓","Haíɫzaqvḷa,Nɬeʔkepmxcín,Secwepemctsín,SENĆOŦEN / Malchosen / Lekwungen / Semiahmoo / TʼSou-ke,St̓át̓imcets"
"Q̒","Q’","Nuxalk"
"Q̒V","Q̓V","Haíɫzaqvḷa"
"Q̒w","Q̓w","Secwepemctsín,St̓át̓imcets"
"Q̒ʷ","Q̓ʷ","Nɬeʔkepmxcín,SENĆOŦEN / Malchosen / Lekwungen / Semiahmoo / TʼSou-ke"
"Q̓","Q'","Hulʼqʼumiʼnumʼ / Halqʼeméylem / hən̓q̓əmin̓əm̓"
"Q̓","Q’","Nuxalk"
"Q̓","’Q","ʼWuik̓ala"
"Q̔","Q'","Hulʼqʼumiʼnumʼ / Halqʼeméylem / hən̓q̓əmin̓əm̓"
"Q̔","Q̓","Haíɫzaqvḷa,Nɬeʔkepmxcín,Secwepemctsín,SENĆOŦEN / Malchosen / Lekwungen / Semiahmoo / TʼSou-ke,St̓át̓imcets"
"Q̔","Q’","Nuxalk"
"Q̔V","Q̓V","Haíɫzaqvḷa"
"Q̔w","Q̓w","Secwepemctsín,St̓át̓imcets"
"Q̔ʷ","Q̓ʷ","Nɬeʔkepmxcín,SENĆOŦEN / Malchosen / Lekwungen / Semiahmoo / TʼSou-ke"
"Q̕","Q'","Hulʼqʼumiʼnumʼ / Halqʼeméylem / hən̓q̓əmin̓əm̓"
"Q̕","Q̓","Haíɫzaqvḷa,Nɬeʔkepmxcín,Secwepemctsín,SENĆOŦEN / Malchosen / Lekwungen / Semiahmoo / TʼSou-ke,St̓át̓imcets"
"Q̕","Q’","Nuxalk"
"Q̕V","Q̓V","Haíɫzaqvḷa"
"Q̕w","Q̓w","Secwepemctsín,St̓át̓imcets"
"Q̕ʷ","Q̓ʷ","Nɬeʔkepmxcín,SENĆOŦEN / Malchosen / Lekwungen / Semiahmoo / TʼSou-ke"
"Q՚","Q'","Hulʼqʼumiʼnumʼ / Halqʼeméylem / hən̓q̓əmin̓əm̓"
"Q՚","Q̓","Haíɫzaqvḷa,Nɬeʔkepmxcín,Secwepemctsín,SENĆOŦEN / Malchosen / Lekwungen / Semiahmoo / TʼSou-ke,St̓át̓imcets"
"Q՚","Q’","Nuxalk"
"Q՚V","Q̓V","Haíɫzaqvḷa"
"Q՚w","Q̓w","Secwepemctsín,St̓át̓imcets"
"Q՚ʷ","Q̓ʷ","Nɬeʔkepmxcín,SENĆOŦEN / Malchosen / Lekwungen / Semiahmoo / TʼSou-ke"
"Q’","Q'","Hulʼqʼumiʼnumʼ / Halqʼeméylem / hən̓q̓əmin̓əm̓"
"Q’","Q̓","Haíɫzaqvḷa,Nɬeʔkepmxcín,Secwepemctsín,SENĆOŦEN / Malchosen / Lekwungen / Semiahmoo / TʼSou-ke,St̓át̓imcets"
"Q’V","Q̓V","Haíɫzaqvḷa"
"Q’w","Q̓w","Secwepemctsín,St̓át̓imcets"
"Q’ʷ","Q̓ʷ","Nɬeʔkepmxcín,SENĆOŦEN / Malchosen / Lekwungen / Semiahmoo / TʼSou-ke"
"Q＇","Q'","Hulʼqʼumiʼnumʼ / Halqʼeméylem / hən̓q̓əmin̓əm̓"
"Q＇","Q’","Nuxalk"
"Rʼ","R̓","Secwepemctsín,St̓át̓imcets"
"Rˈ","R̓","Secwepemctsín,St̓át̓imcets"
"R̒","R̓","Secwepemctsín,St̓át̓imcets"
"R̔","R̓","Secwepemctsín,St̓át̓imcets"
"R̕","R̓","Secwepemctsín,St̓át̓imcets"
"R՚","R̓","Secwepemctsín,St̓át̓imcets"
"R’","R̓","Secwepemctsín,St̓át̓imcets"
"S","S","Dakelh,kwakiutl,Kwak̕wala,Sgüüx̱s"
"S'","S’","Lingít"
"S_","S̱","Tāłtān"
"Sh","Sh","Dakelh"
"S̠","S̱","Tāłtān"
"S̠","S̲","St̓át̓imcets"
"S̱","S̲","St̓át̓imcets"
"S̲","S̱","Tāłtān"
"T","T","Dakelh,kwakiutl,Kwak̕wala,Sgüüx̱s"
"T'","T'","Dakelh,Sgüüx̱s"
"T'","T’","Nedutʼen / Witsuwitʼen,Nuxalk,Tāłtān"
"TLʼ","TL'","Hulʼqʼumiʼnumʼ / Halqʼeméylem / hən̓q̓əmin̓əm̓"
"TLˈ","TL'","Hulʼqʼumiʼnumʼ / Halqʼeméylem / hən̓q̓əmin̓əm̓"
"TL̒","TL'","Hulʼqʼumiʼnumʼ / Halqʼeméylem / hən̓q̓əmin̓əm̓"
"TL̓","TL'","Hulʼqʼumiʼnumʼ / Halqʼeméylem / hən̓q̓əmin̓əm̓"
"TL̔","TL'","Hulʼqʼumiʼnumʼ / Halqʼeméylem / hən̓q̓əmin̓əm̓"
"TL̕","TL'","Hulʼqʼumiʼnumʼ / Halqʼeméylem / hən̓q̓əmin̓əm̓"
"TL՚","TL'","Hulʼqʼumiʼnumʼ / Halqʼeméylem / hən̓q̓əmin̓əm̓"
"TL’","TL'","Hulʼqʼumiʼnumʼ / Halqʼeméylem / hən̓q̓əmin̓əm̓"
"TL＇","TL'","Hulʼqʼumiʼnumʼ / Halqʼeméylem / hən̓q̓əmin̓əm̓"
"TSʼ","TS'","Hulʼqʼumiʼnumʼ / Halqʼeméylem / hən̓q̓əmin̓əm̓"
"TSˈ","TS'","Hulʼqʼumiʼnumʼ / Halqʼeméylem / hən̓q̓əmin̓əm̓"
"TS̒","TS'","Hulʼqʼumiʼnumʼ / Halqʼeméylem / hən̓q̓əmin̓əm̓"
"TS̓","TS'","Hulʼqʼumiʼnumʼ / Halqʼeméylem / hən̓q̓əmin̓əm̓"
"TS̔","TS'","Hulʼqʼumiʼnumʼ / Halqʼeméylem / hən̓q̓əmin̓əm̓"
"TS̕","TS'","Hulʼqʼumiʼnumʼ / Halqʼeméylem / hən̓q̓əmin̓əm̓"
"TS՚","TS'","Hulʼqʼumiʼnumʼ / Halqʼeméylem / hən̓q̓əmin̓əm̓"
"TS’","TS'","Hulʼqʼumiʼnumʼ / Halqʼeméylem / hən̓q̓əmin̓əm̓"
"TS＇","TS'","Hulʼqʼumiʼnumʼ / Halqʼeméylem / hən̓q̓əmin̓əm̓"
"TTHʼ","TTH'","Hulʼqʼumiʼnumʼ / Halqʼeméylem / hən̓q̓əmin̓əm̓"
"TTHˈ","TTH'","Hulʼqʼumiʼnumʼ / Halqʼeméylem / hən̓q̓əmin̓əm̓"
"TTH̒","TTH'","Hulʼqʼumiʼnumʼ / Halqʼeméylem / hən̓q̓əmin̓əm̓"
"TTH̓","TTH'","Hulʼqʼumiʼnumʼ / Halqʼeméylem / hən̓q̓əmin̓əm̓"
"TTH̔","TTH'","Hulʼqʼumiʼnumʼ / Halqʼeméylem / hən̓q̓əmin̓əm̓"
"TTH̕","TTH'","Hulʼqʼumiʼnumʼ / Halqʼeméylem / hən̓q̓əmin̓əm̓"
"TTH՚","TTH'","Hulʼqʼumiʼnumʼ / Halqʼeméylem / hən̓q̓əmin̓əm̓"
"TTH’","TTH'","Hulʼqʼumiʼnumʼ / Halqʼeméylem / hən̓q̓əmin̓əm̓"
"TTH＇","TTH'","Hulʼqʼumiʼnumʼ / Halqʼeméylem / hən̓q̓əmin̓əm̓"
"T_","Ṯ","SENĆOŦEN / Malchosen / Lekwungen / Semiahmoo / TʼSou-ke"
"Tl","Tl","Dakelh"
"Tl'","Tl'","Dakelh"
"Tl'","Tl’","Nuxalk,Tāłtān"
"Tlʼ","Tl'","Dakelh,Nedutʼen / Witsuwitʼen,Nisg̱aʼa"
"Tlʼ","Tl’","Nuxalk,Tāłtān"
"Tlˈ","Tl'","Dakelh,Nisg̱aʼa"
"Tlˈ","Tl’","Nuxalk,Tāłtān"
"Tl̒","Tl'","Dakelh,Nisg̱aʼa"
"Tl̒","Tl’","Nuxalk,Tāłtān"
"Tl̓","Tl'","Dakelh"
"Tl̓","Tl’","Nuxalk,Tāłtān"
"Tl̔","Tl'","Dakelh,Nisg̱aʼa"
"Tl̔","Tl’","Nuxalk,Tāłtān"
"Tl̕","Tl'","Dakelh,Nisg̱aʼa"
"Tl̕","Tl’","Nuxalk,Tāłtān"
"Tl̷","Tł","kwakiutl,Kwak̕wala"
"Tl̷'","Tł'","Dene Kʼe"
"Tl̷ʼ","Tł'","Dene Kʼe"
"Tl̷ˈ","Tł'","Dene Kʼe"
"Tl̷̒","Tł'","Dene Kʼe"
"Tl̷̓","Tł'","Dene Kʼe"
"Tl̷̔","Tł'","Dene Kʼe"
"Tl̷̕","Tł'","Dene Kʼe"
"Tl̷՚","Tł'","Dene Kʼe"
"Tl̷’","Tł'","Dene Kʼe"
"Tl̷＇","Tł'","Dene Kʼe"
"Tl̸","Tł","kwakiutl,Kwak̕wala"
"Tl̸'","Tł'","Dene Kʼe"
"Tl̸ʼ","Tł'","Dene Kʼe"
"Tl̸ˈ","Tł'","Dene Kʼe"
"Tl̸̒","Tł'","Dene Kʼe"
"Tl̸̓","Tł'","Dene Kʼe"
"Tl̸̔","Tł'","Dene Kʼe"
"Tl̸̕","Tł'","Dene Kʼe"
"Tl̸՚","Tł'","Dene Kʼe"
"Tl̸’","Tł'","Dene Kʼe"
"Tl̸＇","Tł'","Dene Kʼe"
"Tl՚","Tl'","Dakelh,Nisg̱aʼa"
"Tl՚","Tl’","Nuxalk,Tāłtān"
"Tl’","Tl'","Dakelh,Nisg̱aʼa"
"Tl＇","Tl'","Dakelh,Nisg̱aʼa"
"Tl＇","Tl’","Nuxalk,Tāłtān"
"Ts","Ts","Dakelh,kwakiutl,Kwak̕wala,Sgüüx̱s"
"Ts'","Ts'","Dakelh,Sgüüx̱s"
"Ts'","Ts’","Nuxalk,Tāłtān"
"Ts_","Ts̱","Tāłtān"
"Ts_'","Ts̱’","Tāłtān"
"Ts_ʼ","Ts̱’","Tāłtān"
"Ts_՚","Ts̱’","Tāłtān"
"Ts_＇","Ts̱’","Tāłtān"
"Tsʼ","Ts'","Dakelh,Dene Kʼe,Nedutʼen / Witsuwitʼen,Nisg̱aʼa,Sgüüx̱s,Tseʼkhene,X̱aad Kil / X̱aayda Kil"
"Tsʼ","Ts̓","Secwepemctsín,St̓át̓imcets"
"Tsʼ","Ts’","Nuxalk,Tāłtān"
"Tsˈ","Ts'","Dakelh,Dene Kʼe,Nedutʼen / Witsuwitʼen,Nisg̱aʼa,Sgüüx̱s,Tseʼkhene,X̱aad Kil / X̱aayda Kil"
"Tsˈ","Ts̓","Secwepemctsín,St̓át̓imcets"
"Tsˈ","Ts’","Nuxalk,Tāłtān"
"Ts̒","Ts'","Dakelh,Dene Kʼe,Nedutʼen / Witsuwitʼen,Nisg̱aʼa,Sgüüx̱s,Tseʼkhene,X̱aad Kil / X̱aayda Kil"
"Ts̒","Ts̓","Secwepemctsín,St̓át̓imcets"
"Ts̒","Ts’","Nuxalk,Tāłtān"
"Ts̓","Ts'","Dakelh,Dene Kʼe,Nedutʼen / Witsuwitʼen,Nisg̱aʼa,Sgüüx̱s,Tseʼkhene,X̱aad Kil / X̱aayda Kil"
"Ts̓","Ts’","Nuxalk,Tāłtān"
"Ts̔","Ts'","Dakelh,Dene Kʼe,Nedutʼen / Witsuwitʼen,Nisg̱aʼa,Sgüüx̱s,Tseʼkhene,X̱aad Kil / X̱aayda Kil"
"Ts̔","Ts̓","Secwepemctsín,St̓át̓imcets"
"Ts̔","Ts’","Nuxalk,Tāłtān"
"Ts̕","Ts'","Dakelh,Dene Kʼe,Nedutʼen / Witsuwitʼen,Nisg̱aʼa,Sgüüx̱s,Tseʼkhene,X̱aad Kil / X̱aayda Kil"
"Ts̕","Ts̓","Secwepemctsín,St̓át̓imcets"
"Ts̕","Ts’","Nuxalk,Tāłtān"
"Ts̠","Ts̱","Tāłtān"
"Ts̠'","Ts̱’","Tāłtān"
"Ts̠ʼ","Ts̱’","Tāłtān"
"Ts̠՚","Ts̱’","Tāłtān"
"Ts̠＇","Ts̱’","Tāłtān"
"Ts̱'","Ts̱’","Tāłtān"
"Ts̱ʼ","Ts̱’","Tāłtān"
"Ts̱՚","Ts̱’","Tāłtān"
"Ts̱＇","Ts̱’","Tāłtān"
"Ts̲","Ts̱","Tāłtān"
"Ts̲'","Ts̱’","Tāłtān"
"Ts̲ʼ","Ts̱’","Tāłtān"
"Ts̲՚","Ts̱’","Tāłtān"
"Ts̲＇","Ts̱’","Tāłtān"
"Ts՚","Ts'","Dakelh,Dene Kʼe,Nedutʼen / Witsuwitʼen,Nisg̱aʼa,Sgüüx̱s,Tseʼkhene,X̱aad Kil / X̱aayda Kil"
"Ts՚","Ts̓","Secwepemctsín,St̓át̓imcets"
"Ts՚","Ts’","Nuxalk,Tāłtān"
"Ts’","Ts'","Dakelh,Dene Kʼe,Nedutʼen / Witsuwitʼen,Nisg̱aʼa,Sgüüx̱s,Tseʼkhene,X̱aad Kil / X̱aayda Kil"
"Ts’","Ts̓","Secwepemctsín,St̓át̓imcets"
"Ts＇","Ts'","Dakelh,Dene Kʼe,Nedutʼen / Witsuwitʼen,Nisg̱aʼa,Sgüüx̱s,Tseʼkhene,X̱aad Kil / X̱aayda Kil"
"Ts＇","Ts’","Nuxalk,Tāłtān"
"Tł","Tł","kwakiutl,Kwak̕wala"
"Tłʼ","Tł'","Dene Kʼe"
"Tłˈ","Tł'","Dene Kʼe"
"Tł̒","Tł'","Dene Kʼe"
"Tł̓","Tł'","Dene Kʼe"
"Tł̔","Tł'","Dene Kʼe"
"Tł̕","Tł'","Dene Kʼe"
"Tł՚","Tł'","Dene Kʼe"
"Tł’","Tł'","Dene Kʼe"
"Tł＇","Tł'","Dene Kʼe"
"Tś","Ts̓","Secwepemctsín"
"Tʼ","T'","Dakelh,Dene Kʼe,Hulʼqʼumiʼnumʼ / Halqʼeméylem / hən̓q̓əmin̓əm̓,Nedutʼen / Witsuwitʼen,Nisg̱aʼa,Sgüüx̱s,Tseʼkhene,X̱aad Kil / X̱aayda Kil"
"Tʼ","T̓","Haíɫzaqvḷa,kwakiutl,Kwak̕wala,Nɬeʔkepmxcín,Secwepemctsín,SENĆOŦEN / Malchosen / Lekwungen / Semiahmoo / TʼSou-ke,St̓át̓imcets"
"Tʼ","T’","Nedutʼen / Witsuwitʼen,Nuxalk,Tāłtān"
"Tʼl̷","T̕ł","kwakiutl,Kwak̕wala"
"Tʼl̸","T̕ł","kwakiutl,Kwak̕wala"
"Tʼs","T̕s","kwakiutl,Kwak̕wala"
"Tʼł","T̕ł","kwakiutl,Kwak̕wala"
"Tˈ","T'","Dakelh,Dene Kʼe,Hulʼqʼumiʼnumʼ / Halqʼeméylem / hən̓q̓əmin̓əm̓,Nedutʼen / Witsuwitʼen,Nisg̱aʼa,Sgüüx̱s,Tseʼkhene,X̱aad Kil / X̱aayda Kil"
"Tˈ","T̓","Haíɫzaqvḷa,kwakiutl,Kwak̕wala,Nɬeʔkepmxcín,Secwepemctsín,SENĆOŦEN / Malchosen / Lekwungen / Semiahmoo / TʼSou-ke,St̓át̓imcets"
"Tˈ","T’","Nedutʼen / Witsuwitʼen,Nuxalk,Tāłtān"
"Tˈl̷","T̕ł","kwakiutl,Kwak̕wala"
"Tˈl̸","T̕ł","kwakiutl,Kwak̕wala"
"Tˈs","T̕s","kwakiutl,Kwak̕wala"
"Tˈł","T̕ł","kwakiutl,Kwak̕wala"
"T̒","T'","Dakelh,Dene Kʼe,Hulʼqʼumiʼnumʼ / Halqʼeméylem / hən̓q̓əmin̓əm̓,Nedutʼen / Witsuwitʼen,Nisg̱aʼa,Sgüüx̱s,Tseʼkhene,X̱aad Kil / X̱aayda Kil"
"T̒","T̓","Haíɫzaqvḷa,kwakiutl,Kwak̕wala,Nɬeʔkepmxcín,Secwepemctsín,SENĆOŦEN / Malchosen / Lekwungen / Semiahmoo / TʼSou-ke,St̓át̓imcets"
"T̒","T’","Nedutʼen / Witsuwitʼen,Nuxalk,Tāłtān"
"T̒l̷","T̕ł","kwakiutl,Kwak̕wala"
"T̒l̸","T̕ł","kwakiutl,Kwak̕wala"
"T̒s","T̕s","kwakiutl,Kwak̕wala"
"T̒ł","T̕ł","kwakiutl,Kwak̕wala"
"T̓","T'","Dakelh,Dene Kʼe,Hulʼqʼumiʼnumʼ / Halqʼeméylem / hən̓q̓əmin̓əm̓,Nedutʼen / Witsuwitʼen,Nisg̱aʼa,Sgüüx̱s,Tseʼkhene,X̱aad Kil / X̱aayda Kil"
"T̓","T̓","kwakiutl,Kwak̕wala"
"T̓","T’","Nedutʼen / Witsuwitʼen,Nuxalk,Tāłtān"
"T̓","’T","ʼWuik̓ala"
"T̓l̷","T̕ł","kwakiutl,Kwak̕wala"
"T̓l̸","T̕ł","kwakiutl,Kwak̕wala"
"T̓s","T̕s","kwakiutl,Kwak̕wala"
"T̓ł","T̕ł","kwakiutl,Kwak̕wala"
"T̔","T'","Dakelh,Dene Kʼe,Hulʼqʼumiʼnumʼ / Halqʼeméylem / hən̓q̓əmin̓əm̓,Nedutʼen / Witsuwitʼen,Nisg̱aʼa,Sgüüx̱s,Tseʼkhene,X̱aad Kil / X̱aayda Kil"
"T̔","T̓","Haíɫzaqvḷa,kwakiutl,Kwak̕wala,Nɬeʔkepmxcín,Secwepemctsín,SENĆOŦEN / Malchosen / Lekwungen / Semiahmoo / TʼSou-ke,St̓át̓imcets"
"T̔","T’","Nedutʼen / Witsuwitʼen,Nuxalk,Tāłtān"
"T̔l̷","T̕ł","kwakiutl,Kwak̕wala"
"T̔l̸","T̕ł","kwakiutl,Kwak̕wala"
"T̔s","T̕s","kwakiutl,Kwak̕wala"
"T̔ł","T̕ł","kwakiutl,Kwak̕wala"
"T̕","T'","Dakelh,Dene Kʼe,Hulʼqʼumiʼnumʼ / Halqʼeméylem / hən̓q̓əmin̓əm̓,Nedutʼen / Witsuwitʼen,Nisg̱aʼa,Sgüüx̱s,Tseʼkhene,X̱aad Kil / X̱aayda Kil"
"T̕","T̓","Haíɫzaqvḷa,kwakiutl,Kwak̕wala,Nɬeʔkepmxcín,Secwepemctsín,SENĆOŦEN / Malchosen / Lekwungen / Semiahmoo / TʼSou-ke,St̓át̓imcets"
"T̕","T’","Nedutʼen / Witsuwitʼen,Nuxalk,Tāłtān"
"T̕l̷","T̕ł","kwakiutl,Kwak̕wala"
"T̕l̸","T̕ł","kwakiutl,Kwak̕wala"
"T̕s","T̕s","kwakiutl,Kwak̕wala"
"T̕ł","T̕ł","kwakiutl,Kwak̕wala"
"T̠","Ṯ","SENĆOŦEN / Malchosen / Lekwungen / Semiahmoo / TʼSou-ke"
"T̠s̱","T̲s̲","St̓át̓imcets"
"T̲","Ṯ","SENĆOŦEN / Malchosen / Lekwungen / Semiahmoo / TʼSou-ke"
"T̲s̱","T̲s̲","St̓át̓imcets"
"T̵","Ŧ","SENĆOŦEN / Malchosen / Lekwungen / Semiahmoo / TʼSou-ke"
"T̶","Ŧ","SENĆOŦEN / Malchosen / Lekwungen / Semiahmoo / TʼSou-ke"
"T̷","Ⱦ","SENĆOŦEN / Malchosen / Lekwungen / Semiahmoo / TʼSou-ke"
"T̸","Ⱦ","SENĆOŦEN / Malchosen / Lekwungen / Semiahmoo / TʼSou-ke"
"T՚","T'","Dakelh,Dene Kʼe,Hulʼqʼumiʼnumʼ / Halqʼeméylem / hən̓q̓əmin̓əm̓,Nedutʼen / Witsuwitʼen,Nisg̱aʼa,Sgüüx̱s,Tseʼkhene,X̱aad Kil / X̱aayda Kil"
"T՚","T̓","Haíɫzaqvḷa,kwakiutl,Kwak̕wala,Nɬeʔkepmxcín,Secwepemctsín,SENĆOŦEN / Malchosen / Lekwungen / Semiahmoo / TʼSou-ke,St̓át̓imcets"
"T՚","T’","Nedutʼen / Witsuwitʼen,Nuxalk,Tāłtān"
"T՚l̷","T̕ł","kwakiutl,Kwak̕wala"
"T՚l̸","T̕ł","kwakiutl,Kwak̕wala"
"T՚s","T̕s","kwakiutl,Kwak̕wala"
"T՚ł","T̕ł","kwakiutl,Kwak̕wala"
"T’","T'","Dakelh,Dene Kʼe,Hulʼqʼumiʼnumʼ / Halqʼeméylem / hən̓q̓əmin̓əm̓,Nedutʼen / Witsuwitʼen,Nisg̱aʼa,Sgüüx̱s,Tseʼkhene,X̱aad Kil / X̱aayda Kil"
"T’","T̓","Haíɫzaqvḷa,kwakiutl,Kwak̕wala,Nɬeʔkepmxcín,Secwepemctsín,SENĆOŦEN / Malchosen / Lekwungen / Semiahmoo / TʼSou-ke,St̓át̓imcets"
"T’l̷","T̕ł","kwakiutl,Kwak̕wala"
"T’l̸","T̕ł","kwakiutl,Kwak̕wala"
"T’s","T̕s","kwakiutl,Kwak̕wala"
"T’ł","T̕ł","kwakiutl,Kwak̕wala"
"T＇","T'","Dakelh,Dene Kʼe,Hulʼqʼumiʼnumʼ / Halqʼeméylem / hən̓q̓əmin̓əm̓,Nedutʼen / Witsuwitʼen,Nisg̱aʼa,Sgüüx̱s,Tseʼkhene,X̱aad Kil / X̱aayda Kil"
"T＇","T’","Nedutʼen / Witsuwitʼen,Nuxalk,Tāłtān"
"U","U","Dakelh,kwakiutl,Kwak̕wala,Sgüüx̱s"
"Uu","Uu","Sgüüx̱s"
"U¯","Ū","Southern Tutchone,Tāłtān"
"Uʼ","U̓","Haíɫzaqvḷa"
"Uˈ","U̓","Haíɫzaqvḷa"
"U̅","Ū","Southern Tutchone,Tāłtān"
"U̒","U̓","Haíɫzaqvḷa"
"U̓","Ú","Secwepemctsín"
"U̔","U̓","Haíɫzaqvḷa"
"U̕","U̓","Haíɫzaqvḷa"
"U̲","U̱","Tseʼkhene"
"U՚","U̓","Haíɫzaqvḷa"
"U’","U̓","Haíɫzaqvḷa"
"U‾","Ū","Southern Tutchone,Tāłtān"
"U︤","Ū","Tāłtān"
"U︥","Ū","Tāłtān"
"V̍","V́","St̓át̓imcets"
"V̓","V́","St̓át̓imcets"
"W","W","Dakelh,kwakiutl,Kwak̕wala,Sgüüx̱s"
"W_","W̱","SENĆOŦEN / Malchosen / Lekwungen / Semiahmoo / TʼSou-ke"
"Wh","Wh","Dakelh"
"Wʼ","W'","Dene Kʼe"
"Wʼ","W̓","Haíɫzaqvḷa,Nisg̱aʼa,Nɬeʔkepmxcín,Nuxalk,Secwepemctsín,St̓át̓imcets"
"Wˈ","W'","Dene Kʼe"
"Wˈ","W̓","Haíɫzaqvḷa,Nisg̱aʼa,Nɬeʔkepmxcín,Nuxalk,Secwepemctsín,St̓át̓imcets"
"W̍","W̓","Haíɫzaqvḷa,Nisg̱aʼa,Nɬeʔkepmxcín,Nuxalk,Secwepemctsín,St̓át̓imcets"
"W̒","W'","Dene Kʼe"
"W̒","W̓","Haíɫzaqvḷa,Nisg̱aʼa,Nɬeʔkepmxcín,Nuxalk,Secwepemctsín,St̓át̓imcets"
"W̓","W'","Dene Kʼe"
"W̓","’W","ʼWuik̓ala"
"W̔","W'","Dene Kʼe"
"W̔","W̓","Haíɫzaqvḷa,Nisg̱aʼa,Nɬeʔkepmxcín,Nuxalk,Secwepemctsín,St̓át̓imcets"
"W̕","W'","Dene Kʼe"
"W̕","W̓","Haíɫzaqvḷa,Nisg̱aʼa,Nɬeʔkepmxcín,Nuxalk,Secwepemctsín,St̓át̓imcets"
"W̠","W̱","SENĆOŦEN / Malchosen / Lekwungen / Semiahmoo / TʼSou-ke"
"W̲","W̱","SENĆOŦEN / Malchosen / Lekwungen / Semiahmoo / TʼSou-ke"
"W՚","W'","Dene Kʼe"
"W՚","W̓","Haíɫzaqvḷa,Nisg̱aʼa,Nɬeʔkepmxcín,Nuxalk,Secwepemctsín,St̓át̓imcets"
"W’","W'","Dene Kʼe"
"W’","W̓","Haíɫzaqvḷa,Nisg̱aʼa,Nɬeʔkepmxcín,Nuxalk,Secwepemctsín,St̓át̓imcets"
"W＇","W'","Dene Kʼe"
"X","X","kwakiutl,Kwak̕wala,Sgüüx̱s"
"X_","X̱","kwakiutl,Kwak̕wala,Nisg̱aʼa,SENĆOŦEN / Malchosen / Lekwungen / Semiahmoo / TʼSou-ke,Sgüüx̱s,X̱aad Kil / X̱aayda Kil"
"Xw","Xw","kwakiutl,Kwak̕wala,Sgüüx̱s"
"Xy","Xy","Sgüüx̱s"
"X̌","ˇX","ʼWuik̓ala"
"X̠","X̱","kwakiutl,Kwak̕wala,Nisg̱aʼa,SENĆOŦEN / Malchosen / Lekwungen / Semiahmoo / TʼSou-ke,Sgüüx̱s,X̱aad Kil / X̱aayda Kil"
"X̱","X̱","kwakiutl,Kwak̕wala,Sgüüx̱s"
"X̱w","X̱w","kwakiutl,Kwak̕wala,Sgüüx̱s"
"X̲","X̱","kwakiutl,Kwak̕wala,Nisg̱aʼa,SENĆOŦEN / Malchosen / Lekwungen / Semiahmoo / TʼSou-ke,Sgüüx̱s,X̱aad Kil / X̱aayda Kil"
"Y","Y","Dakelh,kwakiutl,Kwak̕wala,Sgüüx̱s"
"Yʼ","Y̓","Haíɫzaqvḷa,Nisg̱aʼa,Nɬeʔkepmxcín,Secwepemctsín,St̓át̓imcets"
"Yˈ","Y̓","Haíɫzaqvḷa,Nisg̱aʼa,Nɬeʔkepmxcín,Secwepemctsín,St̓át̓imcets"
"Y̍","Y̓","Haíɫzaqvḷa,Nisg̱aʼa,Nɬeʔkepmxcín,Secwepemctsín,St̓át̓imcets"
"Y̒","Y̓","Haíɫzaqvḷa,Nisg̱aʼa,Nɬeʔkepmxcín,Secwepemctsín,St̓át̓imcets"
"Y̓","’Y","ʼWuik̓ala"
"Y̔","Y̓","Haíɫzaqvḷa,Nisg̱aʼa,Nɬeʔkepmxcín,Secwepemctsín,St̓át̓imcets"
"Y̕","Y̓","Haíɫzaqvḷa,Nisg̱aʼa,Nɬeʔkepmxcín,Secwepemctsín,St̓át̓imcets"
"Y՚","Y̓","Haíɫzaqvḷa,Nisg̱aʼa,Nɬeʔkepmxcín,Secwepemctsín,St̓át̓imcets"
"Y’","Y̓","Haíɫzaqvḷa,Nisg̱aʼa,Nɬeʔkepmxcín,Secwepemctsín,St̓át̓imcets"
"Z","Z","Dakelh"
"Z_","Ẕ","Tāłtān,Tseʼkhene"
"Zʼ","Z̓","Nɬeʔkepmxcín,St̓át̓imcets"
"Zˈ","Z̓","Nɬeʔkepmxcín,St̓át̓imcets"
"Z̒","Z̓","Nɬeʔkepmxcín,St̓át̓imcets"
"Z̔","Z̓","Nɬeʔkepmxcín,St̓át̓imcets"
"Z̕","Z̓","Nɬeʔkepmxcín,St̓át̓imcets"
"Z̠","Ẕ","Tāłtān,Tseʼkhene"
"Z̲","Ẕ","Tāłtān,Tseʼkhene"
"Z՚","Z̓","Nɬeʔkepmxcín,St̓át̓imcets"
"Z’","Z̓","Nɬeʔkepmxcín,St̓át̓imcets"
"a","a","Dakelh,Hulʼqʼumiʼnumʼ / Halqʼeméylem / hən̓q̓əmin̓əm̓,kwakiutl,Kwak̕wala,Sgüüx̱s"
"a'","a’","Dakelh"
"a'a","aˈa","Sm'algya̱x"
"a:","a:","Hulʼqʼumiʼnumʼ / Halqʼeméylem / hən̓q̓əmin̓əm̓"
"a_","a̱","kwakiutl,Kwak̕wala,Sgüüx̱s,Sm'algya̱x,Tseʼkhene"
"a_a_","a̱a̱","Sm'algya̱x"
"a_ˈa_","a̱ˈa̱","Sm'algya̱x"
"aa","aa","Sgüüx̱s"
"ae","æ","Éy7á7juuthem"
"ai'","ai’","Dakelh"
"aiʼ","ai’","Dakelh"
"aiˈ","ai’","Dakelh"
"ai̕","ai’","Dakelh"
"ai՚","ai’","Dakelh"
"ai＇","ai’","Dakelh"
"a¯","ā","Danezāgéʼ,nēhiyawēwin,Southern Tutchone,Tāłtān"
"aʼ","a̓","Haíɫzaqvḷa"
"aʼ","a’","Dakelh"
"aʼa","aˈa","Sm'algya̱x"
"aʼa","áa","Lingít"
"aˈ","a̓","Haíɫzaqvḷa"
"aˈ","a’","Dakelh"
"a˸","a:","Hulʼqʼumiʼnumʼ / Halqʼeméylem / hən̓q̓əmin̓əm̓"
"a̅","ā","Danezāgéʼ,nēhiyawēwin,Southern Tutchone,Tāłtān"
"a̅́","ā́","Danezāgéʼ,Southern Tutchone"
"a̒","a̓","Haíɫzaqvḷa"
"a̒","a’","Dakelh"
"a̓","a’","Dakelh"
"a̓","á","Secwepemctsín"
"a̔","a̓","Haíɫzaqvḷa"
"a̔","a’","Dakelh"
"a̕","a̓","Haíɫzaqvḷa"
"a̕","a’","Dakelh"
"a̕a","aˈa","Sm'algya̱x"
"a̠","a̱","kwakiutl,Kwak̕wala,Sgüüx̱s,Sm'algya̱x,Tseʼkhene"
"a̠a̠","a̱a̱","Sm'algya̱x"
"a̠ˈa̠","a̱ˈa̱","Sm'algya̱x"
"a̱","a̱","kwakiutl,Kwak̕wala,Sgüüx̱s"
"a̱'a̱","a̱ˈa̱","Sm'algya̱x"
"a̱ʼa̱","a̱ˈa̱","Sm'algya̱x"
"a̱՚a̱","a̱ˈa̱","Sm'algya̱x"
"a̱＇a̱","a̱ˈa̱","Sm'algya̱x"
"a̲","a̱","kwakiutl,Kwak̕wala,Sgüüx̱s,Sm'algya̱x,Tseʼkhene"
"a̲a̲","a̱a̱","Sm'algya̱x"
"a̲ˈa̲","a̱ˈa̱","Sm'algya̱x"
"a̲՚a̲","a̱ˈa̱","Sm'algya̱x"
"a՚","a̓","Haíɫzaqvḷa"
"a՚","a’","Dakelh"
"a՚a","aˈa","Sm'algya̱x"
"a՚a","áa","Lingít"
"aᐧ","a·","Ktunaxa"
"a’","a̓","Haíɫzaqvḷa"
"a’a","áa","Lingít"
"a‾","ā","Danezāgéʼ,nēhiyawēwin,Southern Tutchone,Tāłtān"
"a⸱","a·","Ktunaxa"
"a・","a·","Ktunaxa"
"a꞉","a:","Hulʼqʼumiʼnumʼ / Halqʼeméylem / hən̓q̓əmin̓əm̓"
"a︤","ā","Danezāgéʼ,nēhiyawēwin,Southern Tutchone,Tāłtān"
"a︤́","ā́","Danezāgéʼ,Southern Tutchone"
"a︥","ā","Danezāgéʼ,nēhiyawēwin,Southern Tutchone,Tāłtān"
"a︥́","ā́","Danezāgéʼ,Southern Tutchone"
"a＇","a’","Dakelh"
"a＇a","aˈa","Sm'algya̱x"
"a＇a","áa","Lingít"
"a：","a:","Hulʼqʼumiʼnumʼ / Halqʼeméylem / hən̓q̓əmin̓əm̓"
"a･","a·","Ktunaxa"
"b","b","Dakelh,kwakiutl,Kwak̕wala,Sgüüx̱s"
"bʼ","b̓","diitiidʔaaʔtx̣"
"bˈ","b̓","diitiidʔaaʔtx̣"
"b̒","b̓","diitiidʔaaʔtx̣"
"b̔","b̓","diitiidʔaaʔtx̣"
"b̕","b̓","diitiidʔaaʔtx̣"
"b՚","b̓","diitiidʔaaʔtx̣"
"b’","b̓","diitiidʔaaʔtx̣"
"c","c","Hulʼqʼumiʼnumʼ / Halqʼeméylem / hən̓q̓əmin̓əm̓"
"c'","c̓","Hulʼqʼumiʼnumʼ / Halqʼeméylem / hən̓q̓əmin̓əm̓"
"c'","c’","Nedutʼen / Witsuwitʼen"
"ch","ch","Dakelh,Hulʼqʼumiʼnumʼ / Halqʼeméylem / hən̓q̓əmin̓əm̓,Sgüüx̱s"
"ch'","ch'","Dakelh"
"ch'","ch̕","she shashishalhem"
"ch'","ch’","Dakelh,Dane-Ẕaa,Hulʼqʼumiʼnumʼ / Halqʼeméylem / hən̓q̓əmin̓əm̓,Tāłtān,Tseʼkhene,Tsilhqotʼin"
"chʼ","ch'","Dakelh,Dene Kʼe,Hulʼqʼumiʼnumʼ / Halqʼeméylem / hən̓q̓əmin̓əm̓,Tseʼkhene"
"chʼ","ch̕","she shashishalhem"
"chʼ","ch’","Dakelh,Dane-Ẕaa,Hulʼqʼumiʼnumʼ / Halqʼeméylem / hən̓q̓əmin̓əm̓,Tāłtān,Tseʼkhene,Tsilhqotʼin"
"chˈ","ch'","Dakelh,Tseʼkhene"
"chˈ","chʼ","Danezāgéʼ,Southern Tutchone"
"chˈ","ch̕","she shashishalhem"
"chˈ","ch’","Dakelh,Dane-Ẕaa,Hulʼqʼumiʼnumʼ / Halqʼeméylem / hən̓q̓əmin̓əm̓,Tāłtān,Tseʼkhene,Tsilhqotʼin"
"ch̒","ch'","Dakelh,Tseʼkhene"
"ch̒","chʼ","Danezāgéʼ,Southern Tutchone"
"ch̒","ch̕","she shashishalhem"
"ch̒","ch’","Dakelh,Dane-Ẕaa,Hulʼqʼumiʼnumʼ / Halqʼeméylem / hən̓q̓əmin̓əm̓,Tāłtān,Tseʼkhene,Tsilhqotʼin"
"ch̓","ch'","Dakelh,Tseʼkhene"
"ch̓","chʼ","Danezāgéʼ,Southern Tutchone"
"ch̓","ch̕","she shashishalhem"
"ch̓","ch’","Dakelh,Dane-Ẕaa,Hulʼqʼumiʼnumʼ / Halqʼeméylem / hən̓q̓əmin̓əm̓,Tāłtān,Tseʼkhene,Tsilhqotʼin"
"ch̔","ch'","Dakelh,Tseʼkhene"
"ch̔","chʼ","Danezāgéʼ,Southern Tutchone"
"ch̔","ch̕","she shashishalhem"
"ch̔","ch’","Dakelh,Dane-Ẕaa,Hulʼqʼumiʼnumʼ / Halqʼeméylem / hən̓q̓əmin̓əm̓,Tāłtān,Tseʼkhene,Tsilhqotʼin"
"ch̕","ch'","Dakelh,Tseʼkhene"
"ch̕","chʼ","Danezāgéʼ,Southern Tutchone"
"ch̕","ch’","Dakelh,Dane-Ẕaa,Hulʼqʼumiʼnumʼ / Halqʼeméylem / hən̓q̓əmin̓əm̓,Tāłtān,Tseʼkhene,Tsilhqotʼin"
"ch՚","ch'","Dakelh,Dene Kʼe,Hulʼqʼumiʼnumʼ / Halqʼeméylem / hən̓q̓əmin̓əm̓,Tseʼkhene"
"ch՚","chʼ","Danezāgéʼ,Southern Tutchone"
"ch՚","ch̕","she shashishalhem"
"ch՚","ch’","Dakelh,Dane-Ẕaa,Hulʼqʼumiʼnumʼ / Halqʼeméylem / hən̓q̓əmin̓əm̓,Tāłtān,Tseʼkhene,Tsilhqotʼin"
"ch’","ch'","Dakelh,Dene Kʼe,Hulʼqʼumiʼnumʼ / Halqʼeméylem / hən̓q̓əmin̓əm̓,Tseʼkhene"
"ch’","chʼ","Danezāgéʼ,Southern Tutchone"
"ch’","ch̕","she shashishalhem"
"ch＇","ch'","Dakelh,Dene Kʼe,Hulʼqʼumiʼnumʼ / Halqʼeméylem / hən̓q̓əmin̓əm̓,Tseʼkhene"
"ch＇","ch’","Dakelh,Dane-Ẕaa,Hulʼqʼumiʼnumʼ / Halqʼeméylem / hən̓q̓əmin̓əm̓,Tāłtān,Tseʼkhene,Tsilhqotʼin"
"cʼ","c'","Nedutʼen / Witsuwitʼen"
"cʼ","c̓","diitiidʔaaʔtx̣,Haíɫzaqvḷa,Hulʼqʼumiʼnumʼ / Halqʼeméylem / hən̓q̓əmin̓əm̓,Kwak̕wala,kyuquot-checleseht,Nɬeʔkepmxcín,Nsyilxcən,nuučaan̓uł,SENĆOŦEN / Malchosen / Lekwungen / Semiahmoo / TʼSou-ke"
"cʼ","c’","Nedutʼen / Witsuwitʼen"
"cˈ","c̓","diitiidʔaaʔtx̣,Haíɫzaqvḷa,Hulʼqʼumiʼnumʼ / Halqʼeméylem / hən̓q̓əmin̓əm̓,Kwak̕wala,kyuquot-checleseht,Nɬeʔkepmxcín,Nsyilxcən,nuučaan̓uł,SENĆOŦEN / Malchosen / Lekwungen / Semiahmoo / TʼSou-ke"
"cˈ","c’","Nedutʼen / Witsuwitʼen"
"c̍","c̓","Nsyilxcən,nuučaan̓uł,X̄enaksialak̓ala / X̄aʼislak̓ala,ʼWuik̓ala"
"c̒","c̓","diitiidʔaaʔtx̣,Haíɫzaqvḷa,Hulʼqʼumiʼnumʼ / Halqʼeméylem / hən̓q̓əmin̓əm̓,Kwak̕wala,kyuquot-checleseht,Nɬeʔkepmxcín,Nsyilxcən,nuučaan̓uł,SENĆOŦEN / Malchosen / Lekwungen / Semiahmoo / TʼSou-ke,X̄enaksialak̓ala / X̄aʼislak̓ala,ʼWuik̓ala"
"c̒","c’","Nedutʼen / Witsuwitʼen"
"c̓","c̓","Hulʼqʼumiʼnumʼ / Halqʼeméylem / hən̓q̓əmin̓əm̓"
"c̓","c’","Nedutʼen / Witsuwitʼen"
"c̓h","c̓h","Hulʼqʼumiʼnumʼ / Halqʼeméylem / hən̓q̓əmin̓əm̓"
"c̔","c̓","diitiidʔaaʔtx̣,Haíɫzaqvḷa,Hulʼqʼumiʼnumʼ / Halqʼeméylem / hən̓q̓əmin̓əm̓,Kwak̕wala,kyuquot-checleseht,Nɬeʔkepmxcín,Nsyilxcən,nuučaan̓uł,SENĆOŦEN / Malchosen / Lekwungen / Semiahmoo / TʼSou-ke,X̄enaksialak̓ala / X̄aʼislak̓ala,ʼWuik̓ala"
"c̔","c’","Nedutʼen / Witsuwitʼen"
"c̕","c̓","diitiidʔaaʔtx̣,Haíɫzaqvḷa,Hulʼqʼumiʼnumʼ / Halqʼeméylem / hən̓q̓əmin̓əm̓,Kwak̕wala,kyuquot-checleseht,Nɬeʔkepmxcín,Nsyilxcən,nuučaan̓uł,SENĆOŦEN / Malchosen / Lekwungen / Semiahmoo / TʼSou-ke,X̄enaksialak̓ala / X̄aʼislak̓ala,ʼWuik̓ala"
"c̕","c’","Nedutʼen / Witsuwitʼen"
"c՚","c̓","diitiidʔaaʔtx̣,Haíɫzaqvḷa,Hulʼqʼumiʼnumʼ / Halqʼeméylem / hən̓q̓əmin̓əm̓,Kwak̕wala,kyuquot-checleseht,Nɬeʔkepmxcín,Nsyilxcən,nuučaan̓uł,SENĆOŦEN / Malchosen / Lekwungen / Semiahmoo / TʼSou-ke"
"c՚","c’","Nedutʼen / Witsuwitʼen"
"c’","c̓","diitiidʔaaʔtx̣,Haíɫzaqvḷa,Hulʼqʼumiʼnumʼ / Halqʼeméylem / hən̓q̓əmin̓əm̓,Kwak̕wala,kyuquot-checleseht,Nɬeʔkepmxcín,Nsyilxcən,nuučaan̓uł,SENĆOŦEN / Malchosen / Lekwungen / Semiahmoo / TʼSou-ke"
"c＇","c’","Nedutʼen / Witsuwitʼen"
"d","d","Dakelh,kwakiutl,Kwak̕wala,Sgüüx̱s"
"d_z_","d̲z̲","Dakelh,Dane-Ẕaa"
"d_ẕ","d̲z̲","Dakelh,Dane-Ẕaa"
"dl","dl","Dakelh"
"dl̷","dł","kwakiutl,Kwak̕wala"
"dl̸","dł","kwakiutl,Kwak̕wala"
"dz","dz","Dakelh,kwakiutl,Kwak̕wala,Sgüüx̱s"
"dz","ʣ","Sm'algya̱x"
"dz_","dẕ","Tāłtān"
"dz̠","dẕ","Tāłtān"
"dz̲","dẕ","Tāłtān"
"dł","dł","kwakiutl,Kwak̕wala"
"dʼ","d̓","diitiidʔaaʔtx̣"
"dˈ","d̓","diitiidʔaaʔtx̣"
"d̒","d̓","diitiidʔaaʔtx̣"
"d̔","d̓","diitiidʔaaʔtx̣"
"d̕","d̓","diitiidʔaaʔtx̣"
"d̠z̠","d̲z̲","Dakelh,Dane-Ẕaa"
"d̠ẕ","d̲z̲","Dakelh,Dane-Ẕaa"
"d̲z_","d̲z̲","Dakelh,Dane-Ẕaa"
"d̲z̠","d̲z̲","Dakelh,Dane-Ẕaa"
"d̲z̲","d̲z̲","Dakelh"
"d̲ẕ","d̲z̲","Dakelh,Dane-Ẕaa"
"d՚","d̓","diitiidʔaaʔtx̣"
"d’","d̓","diitiidʔaaʔtx̣"
"e","e","Dakelh,Hulʼqʼumiʼnumʼ / Halqʼeméylem / hən̓q̓əmin̓əm̓,kwakiutl,Kwak̕wala,Sgüüx̱s"
"e'","e’","Dakelh"
"e:","e:","Hulʼqʼumiʼnumʼ / Halqʼeméylem / hən̓q̓əmin̓əm̓"
"e_","e̱","Tseʼkhene"
"ee","ee","Sgüüx̱s"
"e¯","ē","Danezāgéʼ,Kwak̕wala,nēhiyawēwin,Southern Tutchone,Tāłtān"
"e¯́","ḗ","Danezāgéʼ,Southern Tutchone"
"eʼ","e’","Dakelh"
"eʼe","eˈe","Sm'algya̱x"
"eˈ","e’","Dakelh"
"e˸","e:","Hulʼqʼumiʼnumʼ / Halqʼeméylem / hən̓q̓əmin̓əm̓"
"e̅","ē","Danezāgéʼ,Kwak̕wala,nēhiyawēwin,Southern Tutchone,Tāłtān"
"e̅́","ḗ","Danezāgéʼ,Southern Tutchone"
"e̒","e’","Dakelh"
"e̓","e’","Dakelh"
"e̓","é","Secwepemctsín"
"e̔","e’","Dakelh"
"e̕","e’","Dakelh"
"e̕e","eˈe","Sm'algya̱x"
"e̠","e̱","Tseʼkhene"
"e̲","e̱","Tseʼkhene"
"e՚","e’","Dakelh"
"e՚e","eˈe","Sm'algya̱x"
"e’e","eˈe","Sm'algya̱x"
"e‾","ē","Danezāgéʼ,Kwak̕wala,nēhiyawēwin,Southern Tutchone,Tāłtān"
"e‾́","ḗ","Danezāgéʼ,Southern Tutchone"
"e꞉","e:","Hulʼqʼumiʼnumʼ / Halqʼeméylem / hən̓q̓əmin̓əm̓"
"e︤","ē","Danezāgéʼ,Kwak̕wala,nēhiyawēwin,Southern Tutchone,Tāłtān"
"e︤́","ḗ","Danezāgéʼ,Southern Tutchone"
"e︥","ē","Danezāgéʼ,Kwak̕wala,nēhiyawēwin,Southern Tutchone,Tāłtān"
"e︥́","ḗ","Danezāgéʼ,Southern Tutchone"
"e＇","e’","Dakelh"
"e：","e:","Hulʼqʼumiʼnumʼ / Halqʼeméylem / hən̓q̓əmin̓əm̓"
"g","g","Dakelh,kwakiutl,Kwak̕wala,Sgüüx̱s"
"g_","g̱","Gitxsanimx̱-Gitsenimx̱-Gyaanimx̱,kwakiutl,Kwak̕wala,Lingít,Nisg̱aʼa,Sgüüx̱s,Sm'algya̱x,X̱aad Kil / X̱aayda Kil"
"g_","g̲","Nɬeʔkepmxcín"
"g_w","g̱w","kwakiutl,Kwak̕wala"
"gh","gh","Dakelh"
"gw","gw","Dakelh,kwakiutl,Kwak̕wala,Sgüüx̱s"
"gw’","g̓w","Secwepemctsín"
"gy","gy","Sgüüx̱s"
"g¯","ḡ","X̄enaksialak̓ala / X̄aʼislak̓ala"
"gʼ","g̓","St̓át̓imcets"
"gʼw","g̓w","Secwepemctsín,St̓át̓imcets"
"gˈ","g̓","St̓át̓imcets"
"gˈw","g̓w","Secwepemctsín,St̓át̓imcets"
"g̅","ḡ","X̄enaksialak̓ala / X̄aʼislak̓ala"
"g̒","g̓","St̓át̓imcets"
"g̒w","g̓w","Secwepemctsín,St̓át̓imcets"
"g̔","g̓","St̓át̓imcets"
"g̔w","g̓w","Secwepemctsín,St̓át̓imcets"
"g̕","g̓","St̓át̓imcets"
"g̕w","g̓w","Secwepemctsín,St̓át̓imcets"
"g̠","g̱","Gitxsanimx̱-Gitsenimx̱-Gyaanimx̱,kwakiutl,Kwak̕wala,Lingít,Nisg̱aʼa,Sgüüx̱s,Sm'algya̱x,X̱aad Kil / X̱aayda Kil"
"g̠","g̲","Nɬeʔkepmxcín"
"g̠w","g̱w","kwakiutl,Kwak̕wala"
"g̱","g̱","kwakiutl,Kwak̕wala,Sgüüx̱s"
"g̱","g̲","Nɬeʔkepmxcín"
"g̱w","g̱w","kwakiutl,Kwak̕wala"
"g̲","g̱","Gitxsanimx̱-Gitsenimx̱-Gyaanimx̱,kwakiutl,Kwak̕wala,Lingít,Nisg̱aʼa,Sgüüx̱s,Sm'algya̱x,X̱aad Kil / X̱aayda Kil"
"g̲w","g̱w","kwakiutl,Kwak̕wala"
"g՚","g̓","St̓át̓imcets"
"g՚w","g̓w","Secwepemctsín,St̓át̓imcets"
"g’","g̓","St̓át̓imcets"
"g’w","g̓w","Secwepemctsín,St̓át̓imcets"
"g‾","ḡ","X̄enaksialak̓ala / X̄aʼislak̓ala"
"g︤","ḡ","X̄enaksialak̓ala / X̄aʼislak̓ala"
"g︥","ḡ","X̄enaksialak̓ala / X̄aʼislak̓ala"
"h","h","Dakelh,Hulʼqʼumiʼnumʼ / Halqʼeméylem / hən̓q̓əmin̓əm̓,kwakiutl,Kwak̕wala,Sgüüx̱s"
"h'","h’","Lingít"
"h_h_","h̲h̲","Nɬeʔkepmxcín"
"hʼ","h̓","Haíɫzaqvḷa"
"hˈ","h̓","Haíɫzaqvḷa"
"h̒","h̓","Haíɫzaqvḷa"
"h̔","h̓","Haíɫzaqvḷa"
"h̕","h̓","Haíɫzaqvḷa"
"h̠h̠","h̲h̲","Nɬeʔkepmxcín"
"h՚","h̓","Haíɫzaqvḷa"
"h’","h̓","Haíɫzaqvḷa"
"i","i","Dakelh,Hulʼqʼumiʼnumʼ / Halqʼeméylem / hən̓q̓əmin̓əm̓,kwakiutl,Kwak̕wala,Sgüüx̱s"
"i'","i’","Dakelh"
"i:","i:","Hulʼqʼumiʼnumʼ / Halqʼeméylem / hən̓q̓əmin̓əm̓"
"i_","i̱","Tseʼkhene"
"ii","ii","Sgüüx̱s"
"i¯","ī","Danezāgéʼ,Southern Tutchone,Tāłtān"
"iʼ","i̓","Haíɫzaqvḷa"
"iʼ","i’","Dakelh"
"iʼi","iˈi","Sm'algya̱x"
"iˈ","i̓","Haíɫzaqvḷa"
"iˈ","i’","Dakelh"
"i˸","i:","Hulʼqʼumiʼnumʼ / Halqʼeméylem / hən̓q̓əmin̓əm̓"
"i̅","ī","Danezāgéʼ,Southern Tutchone,Tāłtān"
"i̅́","ī́","Danezāgéʼ,Southern Tutchone"
"i̒","i̓","Haíɫzaqvḷa"
"i̓","í","Secwepemctsín"
"i̔","i̓","Haíɫzaqvḷa"
"i̕","i̓","Haíɫzaqvḷa"
"i̕","i’","Dakelh"
"i̕i","iˈi","Sm'algya̱x"
"i̠","i̱","Tseʼkhene"
"i̲","i̱","Tseʼkhene"
"i̷","ɨ","Tsilhqotʼin"
"i̸","ɨ","Tsilhqotʼin"
"i՚","i̓","Haíɫzaqvḷa"
"i՚","i’","Dakelh"
"i՚i","iˈi","Sm'algya̱x"
"i’","i̓","Haíɫzaqvḷa"
"i’i","iˈi","Sm'algya̱x"
"i‾","ī","Danezāgéʼ,Southern Tutchone,Tāłtān"
"i꞉","i:","Hulʼqʼumiʼnumʼ / Halqʼeméylem / hən̓q̓əmin̓əm̓"
"i︤","ī","Danezāgéʼ,Southern Tutchone,Tāłtān"
"i︤́","ī́","Danezāgéʼ,Southern Tutchone"
"i︥","ī","Danezāgéʼ,Southern Tutchone,Tāłtān"
"i︥́","ī́","Danezāgéʼ,Southern Tutchone"
"i＇","i’","Dakelh"
"i：","i:","Hulʼqʼumiʼnumʼ / Halqʼeméylem / hən̓q̓əmin̓əm̓"
"j","j","Dakelh"
"k","k","Dakelh,Hulʼqʼumiʼnumʼ / Halqʼeméylem / hən̓q̓əmin̓əm̓,kwakiutl,Kwak̕wala,Sgüüx̱s"
"k'","k'","Dakelh,Sgüüx̱s,X̱aad Kil / X̱aayda Kil"
"k'","kʼ","Danezāgéʼ,Southern Tutchone"
"k'","kˈ","Sm'algya̱x"
"k'","k̓","Nsyilxcən,Secwepemctsín"
"k'","k̕","she shashishalhem"
"k'","k’","Dakelh,Dane-Ẕaa,Lingít,Nedutʼen / Witsuwitʼen,Nuxalk,Tāłtān,Tseʼkhene,Tsilhqotʼin"
"k'w","kʼw","Southern Tutchone"
"k'w","k̓w","Hulʼqʼumiʼnumʼ / Halqʼeméylem / hən̓q̓əmin̓əm̓"
"k'w","k’w","Lingít"
"k'ʷ","k̓ʷ","Hulʼqʼumiʼnumʼ / Halqʼeméylem / hən̓q̓əmin̓əm̓,Nsyilxcən"
"k_","k̲","Nɬeʔkepmxcín"
"k_","ḵ","Gitxsanimx̱-Gitsenimx̱-Gyaanimx̱,kwakiutl,Kwak̕wala,Nisg̱aʼa,Sgüüx̱s,she shashishalhem,Sm'algya̱x,X̱aad Kil / X̱aayda Kil"
"k_w","ḵw","kwakiutl,Kwak̕wala"
"k_ʼ","ḵ'","Gitxsanimx̱-Gitsenimx̱-Gyaanimx̱,Nisg̱aʼa,Sgüüx̱s,Sm'algya̱x,X̱aad Kil / X̱aayda Kil"
"k_ʼ","ḵˈ","Sm'algya̱x"
"k_ʼ","ḵ’","Lingít"
"k_̓","ḵˈ","Sm'algya̱x"
"k_̓","ḵ̓","kwakiutl,Kwak̕wala"
"k_̓","ḵ’","Lingít"
"k_̓w","ḵ̕w","kwakiutl,Kwak̕wala"
"k_̕","ḵˈ","Sm'algya̱x"
"k_̕","ḵ̕","she shashishalhem"
"k_̕","ḵ’","Lingít"
"k_̕w","ḵ̕w","kwakiutl,Kwak̕wala"
"k_՚","ḵ'","Gitxsanimx̱-Gitsenimx̱-Gyaanimx̱,Nisg̱aʼa,Sgüüx̱s,Sm'algya̱x,X̱aad Kil / X̱aayda Kil"
"k_’","ḵ'","Gitxsanimx̱-Gitsenimx̱-Gyaanimx̱,Nisg̱aʼa,Sgüüx̱s,Sm'algya̱x,X̱aad Kil / X̱aayda Kil"
"k_’","ḵˈ","Sm'algya̱x"
"k_’","ḵ’","Lingít"
"k`","k̓","nuučaan̓uł"
"kh","kh","Dakelh"
"kw","kw","Dakelh,Hulʼqʼumiʼnumʼ / Halqʼeméylem / hən̓q̓əmin̓əm̓,kwakiutl,Kwak̕wala,Sgüüx̱s"
"kw'","kw'","Dakelh,Sgüüx̱s"
"kw'","kw̕","she shashishalhem"
"kw'","kw’","Dakelh,Hulʼqʼumiʼnumʼ / Halqʼeméylem / hən̓q̓əmin̓əm̓,Nedutʼen / Witsuwitʼen,Nuxalk,Tseʼkhene,Tsilhqotʼin"
"kwʼ","kw'","Dakelh,Gitxsanimx̱-Gitsenimx̱-Gyaanimx̱,Hulʼqʼumiʼnumʼ / Halqʼeméylem / hən̓q̓əmin̓əm̓,Nedutʼen / Witsuwitʼen,Nisg̱aʼa,Sgüüx̱s,Tseʼkhene"
"kwʼ","kw̕","she shashishalhem"
"kwʼ","kw’","Dakelh,Hulʼqʼumiʼnumʼ / Halqʼeméylem / hən̓q̓əmin̓əm̓,Nedutʼen / Witsuwitʼen,Nuxalk,Tseʼkhene,Tsilhqotʼin"
"kwˈ","kw'","Dakelh,Gitxsanimx̱-Gitsenimx̱-Gyaanimx̱,Hulʼqʼumiʼnumʼ / Halqʼeméylem / hən̓q̓əmin̓əm̓,Nedutʼen / Witsuwitʼen,Nisg̱aʼa,Sgüüx̱s,Tseʼkhene"
"kwˈ","kw̕","she shashishalhem"
"kwˈ","kw’","Dakelh,Hulʼqʼumiʼnumʼ / Halqʼeméylem / hən̓q̓əmin̓əm̓,Nedutʼen / Witsuwitʼen,Nuxalk,Tseʼkhene,Tsilhqotʼin"
"kw̒","kw'","Dakelh,Gitxsanimx̱-Gitsenimx̱-Gyaanimx̱,Hulʼqʼumiʼnumʼ / Halqʼeméylem / hən̓q̓əmin̓əm̓,Nedutʼen / Witsuwitʼen,Sgüüx̱s,Tseʼkhene"
"kw̒","kw̕","she shashishalhem"
"kw̒","kw’","Dakelh,Hulʼqʼumiʼnumʼ / Halqʼeméylem / hən̓q̓əmin̓əm̓,Nedutʼen / Witsuwitʼen,Nuxalk,Tseʼkhene,Tsilhqotʼin"
"kw̓","kw'","Dakelh,Gitxsanimx̱-Gitsenimx̱-Gyaanimx̱,Hulʼqʼumiʼnumʼ / Halqʼeméylem / hən̓q̓əmin̓əm̓,Nedutʼen / Witsuwitʼen,Sgüüx̱s,Tseʼkhene"
"kw̓","kw̕","she shashishalhem"
"kw̓","kw’","Dakelh,Hulʼqʼumiʼnumʼ / Halqʼeméylem / hən̓q̓əmin̓əm̓,Nedutʼen / Witsuwitʼen,Nuxalk,Tseʼkhene,Tsilhqotʼin"
"kw̔","kw'","Dakelh,Gitxsanimx̱-Gitsenimx̱-Gyaanimx̱,Hulʼqʼumiʼnumʼ / Halqʼeméylem / hən̓q̓əmin̓əm̓,Nedutʼen / Witsuwitʼen,Sgüüx̱s,Tseʼkhene"
"kw̔","kw̕","she shashishalhem"
"kw̔","kw’","Dakelh,Hulʼqʼumiʼnumʼ / Halqʼeméylem / hən̓q̓əmin̓əm̓,Nedutʼen / Witsuwitʼen,Nuxalk,Tseʼkhene,Tsilhqotʼin"
"kw̕","kw'","Dakelh,Gitxsanimx̱-Gitsenimx̱-Gyaanimx̱,Hulʼqʼumiʼnumʼ / Halqʼeméylem / hən̓q̓əmin̓əm̓,Nedutʼen / Witsuwitʼen,Sgüüx̱s,Tseʼkhene"
"kw̕","kw’","Dakelh,Hulʼqʼumiʼnumʼ / Halqʼeméylem / hən̓q̓əmin̓əm̓,Nedutʼen / Witsuwitʼen,Nuxalk,Tseʼkhene,Tsilhqotʼin"
"kw՚","kw'","Dakelh,Gitxsanimx̱-Gitsenimx̱-Gyaanimx̱,Hulʼqʼumiʼnumʼ / Halqʼeméylem / hən̓q̓əmin̓əm̓,Nedutʼen / Witsuwitʼen,Nisg̱aʼa,Sgüüx̱s,Tseʼkhene"
"kw՚","kw̕","she shashishalhem"
"kw՚","kw’","Dakelh,Hulʼqʼumiʼnumʼ / Halqʼeméylem / hən̓q̓əmin̓əm̓,Nedutʼen / Witsuwitʼen,Nuxalk,Tseʼkhene,Tsilhqotʼin"
"kw’","kw'","Dakelh,Gitxsanimx̱-Gitsenimx̱-Gyaanimx̱,Hulʼqʼumiʼnumʼ / Halqʼeméylem / hən̓q̓əmin̓əm̓,Nedutʼen / Witsuwitʼen,Nisg̱aʼa,Sgüüx̱s,Tseʼkhene"
"kw’","kw̕","she shashishalhem"
"kw’","k̓w","Secwepemctsín"
"kw＇","kw'","Dakelh,Gitxsanimx̱-Gitsenimx̱-Gyaanimx̱,Hulʼqʼumiʼnumʼ / Halqʼeméylem / hən̓q̓əmin̓əm̓,Nedutʼen / Witsuwitʼen,Nisg̱aʼa,Sgüüx̱s,Tseʼkhene"
"kw＇","kw’","Dakelh,Hulʼqʼumiʼnumʼ / Halqʼeméylem / hən̓q̓əmin̓əm̓,Nedutʼen / Witsuwitʼen,Nuxalk,Tseʼkhene,Tsilhqotʼin"
"ky","ky","Sgüüx̱s"
"ky'","ky'","Sgüüx̱s"
"kʷ","kʷ","Hulʼqʼumiʼnumʼ / Halqʼeméylem / hən̓q̓əmin̓əm̓"
"kʷ̓","k̓ʷ","nuučaan̓uł"
"kʼ","k'","Dakelh,Dene Kʼe,Gitxsanimx̱-Gitsenimx̱-Gyaanimx̱,Hulʼqʼumiʼnumʼ / Halqʼeméylem / hən̓q̓əmin̓əm̓,Nedutʼen / Witsuwitʼen,Nisg̱aʼa,Sgüüx̱s,Sm'algya̱x,Tseʼkhene,X̱aad Kil / X̱aayda Kil"
"kʼ","kˈ","Sm'algya̱x"
"kʼ","k̓","diitiidʔaaʔtx̣,Nsyilxcən,nuučaan̓uł,Secwepemctsín"
"kʼ","k̕","she shashishalhem"
"kʼ","k’","Dakelh,Dane-Ẕaa,Nedutʼen / Witsuwitʼen,Nuxalk,Tāłtān,Tseʼkhene,Tsilhqotʼin"
"kʼw","k'w","Sm'algya̱x"
"kʼw","kˈw","Sm'algya̱x"
"kʼw","k̓w","Secwepemctsín,St̓át̓imcets"
"kʼw","k̕w","kwakiutl,Kwak̕wala"
"kʼw","k’w","Lingít"
"kʼy","k'y","Sm'algya̱x"
"kʼy","kˈy","Sm'algya̱x"
"kʼʷ","k̓ʷ","diitiidʔaaʔtx̣,Hulʼqʼumiʼnumʼ / Halqʼeméylem / hən̓q̓əmin̓əm̓,Nsyilxcən,nuučaan̓uł"
"kˈ","k'","Dakelh,Dene Kʼe,Gitxsanimx̱-Gitsenimx̱-Gyaanimx̱,Hulʼqʼumiʼnumʼ / Halqʼeméylem / hən̓q̓əmin̓əm̓,Nedutʼen / Witsuwitʼen,Nisg̱aʼa,Sgüüx̱s,Sm'algya̱x,Tseʼkhene,X̱aad Kil / X̱aayda Kil"
"kˈ","kʼ","Danezāgéʼ,Southern Tutchone"
"kˈ","k̓","Nsyilxcən"
"kˈ","k’","Dakelh,Dane-Ẕaa,Nedutʼen / Witsuwitʼen,Nuxalk,Tāłtān,Tseʼkhene,Tsilhqotʼin"
"kˈw","k'w","Sm'algya̱x"
"kˈw","kʼw","Southern Tutchone"
"kˈw","k̓w","St̓át̓imcets"
"kˈy","k'y","Sm'algya̱x"
"kˈʷ","k̓ʷ","Nsyilxcən"
"k̀","k̓","ʼWuik̓ala"
"k̍","k̓","diitiidʔaaʔtx̣,Éy7á7juuthem,Haíɫzaqvḷa,Ktunaxa,kwakiutl,Kwak̕wala,kyuquot-checleseht,Nɬeʔkepmxcín,Nsyilxcən,nuučaan̓uł,Secwepemctsín,St̓át̓imcets,X̄enaksialak̓ala / X̄aʼislak̓ala,ʼWuik̓ala"
"k̍","k̕","she shashishalhem"
"k̍w","k̓w","Hulʼqʼumiʼnumʼ / Halqʼeméylem / hən̓q̓əmin̓əm̓,Secwepemctsín,St̓át̓imcets"
"k̍w","k̕w","kwakiutl,Kwak̕wala"
"k̍ʷ","k̓ʷ","diitiidʔaaʔtx̣,Éy7á7juuthem,Hulʼqʼumiʼnumʼ / Halqʼeméylem / hən̓q̓əmin̓əm̓,Kwak̕wala,kyuquot-checleseht,Nɬeʔkepmxcín,Nsyilxcən,nuučaan̓uł,SENĆOŦEN / Malchosen / Lekwungen / Semiahmoo / TʼSou-ke"
"k̍ʸ","k̓ʸ","Éy7á7juuthem"
"k̒","k'","Dakelh,Dene Kʼe,Gitxsanimx̱-Gitsenimx̱-Gyaanimx̱,Hulʼqʼumiʼnumʼ / Halqʼeméylem / hən̓q̓əmin̓əm̓,Nedutʼen / Witsuwitʼen,Nisg̱aʼa,Sgüüx̱s,Sm'algya̱x,Tseʼkhene,X̱aad Kil / X̱aayda Kil"
"k̒","k̓","diitiidʔaaʔtx̣,Éy7á7juuthem,Haíɫzaqvḷa,Ktunaxa,kwakiutl,Kwak̕wala,kyuquot-checleseht,Nɬeʔkepmxcín,Nsyilxcən,nuučaan̓uł,Secwepemctsín,St̓át̓imcets,X̄enaksialak̓ala / X̄aʼislak̓ala,ʼWuik̓ala"
"k̒","k̕","she shashishalhem"
"k̒w","k̓w","Hulʼqʼumiʼnumʼ / Halqʼeméylem / hən̓q̓əmin̓əm̓,Secwepemctsín,St̓át̓imcets"
"k̒w","k̕w","kwakiutl,Kwak̕wala"
"k̒ʷ","k̓ʷ","diitiidʔaaʔtx̣,Éy7á7juuthem,Hulʼqʼumiʼnumʼ / Halqʼeméylem / hən̓q̓əmin̓əm̓,Kwak̕wala,kyuquot-checleseht,Nɬeʔkepmxcín,Nsyilxcən,nuučaan̓uł,SENĆOŦEN / Malchosen / Lekwungen / Semiahmoo / TʼSou-ke"
"k̒ʸ","k̓ʸ","Éy7á7juuthem"
"k̓","k'","Dakelh,Dene Kʼe,Gitxsanimx̱-Gitsenimx̱-Gyaanimx̱,Hulʼqʼumiʼnumʼ / Halqʼeméylem / hən̓q̓əmin̓əm̓,Nedutʼen / Witsuwitʼen,Nisg̱aʼa,Sgüüx̱s,Sm'algya̱x,Tseʼkhene,X̱aad Kil / X̱aayda Kil"
"k̓","kʼ","Danezāgéʼ,Southern Tutchone"
"k̓","kˈ","Sm'algya̱x"
"k̓","k̓","kwakiutl,Kwak̕wala"
"k̓","k̕","she shashishalhem"
"k̓","k’","Dakelh,Dane-Ẕaa,Nedutʼen / Witsuwitʼen,Nuxalk,Tāłtān,Tseʼkhene,Tsilhqotʼin"
"k̓_w","ḵ̕w","kwakiutl,Kwak̕wala"
"k̓w","kʼw","Southern Tutchone"
"k̓w","k̓w","Hulʼqʼumiʼnumʼ / Halqʼeméylem / hən̓q̓əmin̓əm̓"
"k̓w","k̕w","kwakiutl,Kwak̕wala"
"k̓ʷ","k̓ʷ","Hulʼqʼumiʼnumʼ / Halqʼeméylem / hən̓q̓əmin̓əm̓"
"k̔","k'","Dakelh,Dene Kʼe,Gitxsanimx̱-Gitsenimx̱-Gyaanimx̱,Hulʼqʼumiʼnumʼ / Halqʼeméylem / hən̓q̓əmin̓əm̓,Nedutʼen / Witsuwitʼen,Nisg̱aʼa,Sgüüx̱s,Sm'algya̱x,Tseʼkhene,X̱aad Kil / X̱aayda Kil"
"k̔","k̓","diitiidʔaaʔtx̣,Éy7á7juuthem,Haíɫzaqvḷa,Ktunaxa,kwakiutl,Kwak̕wala,kyuquot-checleseht,Nɬeʔkepmxcín,Nsyilxcən,nuučaan̓uł,Secwepemctsín,St̓át̓imcets,X̄enaksialak̓ala / X̄aʼislak̓ala,ʼWuik̓ala"
"k̔","k̕","she shashishalhem"
"k̔w","k̓w","Hulʼqʼumiʼnumʼ / Halqʼeméylem / hən̓q̓əmin̓əm̓,Secwepemctsín,St̓át̓imcets"
"k̔w","k̕w","kwakiutl,Kwak̕wala"
"k̔ʷ","k̓ʷ","diitiidʔaaʔtx̣,Éy7á7juuthem,Hulʼqʼumiʼnumʼ / Halqʼeméylem / hən̓q̓əmin̓əm̓,Kwak̕wala,kyuquot-checleseht,Nɬeʔkepmxcín,Nsyilxcən,nuučaan̓uł,SENĆOŦEN / Malchosen / Lekwungen / Semiahmoo / TʼSou-ke"
"k̔ʸ","k̓ʸ","Éy7á7juuthem"
"k̕","k'","Dakelh,Dene Kʼe,Gitxsanimx̱-Gitsenimx̱-Gyaanimx̱,Hulʼqʼumiʼnumʼ / Halqʼeméylem / hən̓q̓əmin̓əm̓,Nedutʼen / Witsuwitʼen,Nisg̱aʼa,Sgüüx̱s,Sm'algya̱x,Tseʼkhene,X̱aad Kil / X̱aayda Kil"
"k̕","kʼ","Danezāgéʼ,Southern Tutchone"
"k̕","kˈ","Sm'algya̱x"
"k̕","k̓","diitiidʔaaʔtx̣,Éy7á7juuthem,Haíɫzaqvḷa,Ktunaxa,kwakiutl,Kwak̕wala,kyuquot-checleseht,Nɬeʔkepmxcín,Nsyilxcən,nuučaan̓uł,Secwepemctsín,St̓át̓imcets,X̄enaksialak̓ala / X̄aʼislak̓ala,ʼWuik̓ala"
"k̕","k’","Dakelh,Dane-Ẕaa,Nedutʼen / Witsuwitʼen,Nuxalk,Tāłtān,Tseʼkhene,Tsilhqotʼin"
"k̕_w","ḵ̕w","kwakiutl,Kwak̕wala"
"k̕w","k'w","Sm'algya̱x"
"k̕w","kˈw","Sm'algya̱x"
"k̕w","k̓w","Hulʼqʼumiʼnumʼ / Halqʼeméylem / hən̓q̓əmin̓əm̓,Secwepemctsín,St̓át̓imcets"
"k̕w","k̕w","kwakiutl,Kwak̕wala"
"k̕w","k’w","Lingít"
"k̕y","kˈy","Sm'algya̱x"
"k̕ʷ","k̓ʷ","diitiidʔaaʔtx̣,Éy7á7juuthem,Hulʼqʼumiʼnumʼ / Halqʼeméylem / hən̓q̓əmin̓əm̓,Kwak̕wala,kyuquot-checleseht,Nɬeʔkepmxcín,Nsyilxcən,nuučaan̓uł,SENĆOŦEN / Malchosen / Lekwungen / Semiahmoo / TʼSou-ke"
"k̕ʸ","k̓ʸ","Éy7á7juuthem"
"k̠","k̲","Nɬeʔkepmxcín"
"k̠","ḵ","Gitxsanimx̱-Gitsenimx̱-Gyaanimx̱,kwakiutl,Kwak̕wala,Nisg̱aʼa,Sgüüx̱s,she shashishalhem,Sm'algya̱x,X̱aad Kil / X̱aayda Kil"
"k̠'","ḵˈ","Sm'algya̱x"
"k̠'","ḵ’","Lingít"
"k̠w","ḵw","kwakiutl,Kwak̕wala"
"k̠wʼ","ḵw̕","she shashishalhem"
"k̠w̒","ḵw̕","she shashishalhem"
"k̠w̓","ḵw̕","she shashishalhem"
"k̠w̔","ḵw̕","she shashishalhem"
"k̠w՚","ḵw̕","she shashishalhem"
"k̠w’","ḵw̕","she shashishalhem"
"k̠ʼ","ḵ'","Gitxsanimx̱-Gitsenimx̱-Gyaanimx̱,Nisg̱aʼa,Sgüüx̱s,Sm'algya̱x,X̱aad Kil / X̱aayda Kil"
"k̠ʼ","ḵˈ","Sm'algya̱x"
"k̠ʼ","ḵ̓","kwakiutl,Kwak̕wala"
"k̠ʼ","ḵ’","Lingít"
"k̠ʼw","ḵ̕w","kwakiutl,Kwak̕wala"
"k̠ˈw","ḵ̕w","kwakiutl,Kwak̕wala"
"k̠̒w","ḵ̕w","kwakiutl,Kwak̕wala"
"k̠̓","ḵˈ","Sm'algya̱x"
"k̠̓","ḵ̓","kwakiutl,Kwak̕wala"
"k̠̓","ḵ’","Lingít"
"k̠̓w","ḵ̕w","kwakiutl,Kwak̕wala"
"k̠̔w","ḵ̕w","kwakiutl,Kwak̕wala"
"k̠̕","ḵˈ","Sm'algya̱x"
"k̠̕","ḵ̕","she shashishalhem"
"k̠̕","ḵ’","Lingít"
"k̠̕w","ḵ̕w","kwakiutl,Kwak̕wala"
"k̠՚","ḵ'","Gitxsanimx̱-Gitsenimx̱-Gyaanimx̱,Nisg̱aʼa,Sgüüx̱s,Sm'algya̱x,X̱aad Kil / X̱aayda Kil"
"k̠՚","ḵˈ","Sm'algya̱x"
"k̠՚","ḵ̓","kwakiutl,Kwak̕wala"
"k̠՚","ḵ’","Lingít"
"k̠՚w","ḵ̕w","kwakiutl,Kwak̕wala"
"k̠’","ḵ'","Gitxsanimx̱-Gitsenimx̱-Gyaanimx̱,Nisg̱aʼa,Sgüüx̱s,Sm'algya̱x,X̱aad Kil / X̱aayda Kil"
"k̠’","ḵˈ","Sm'algya̱x"
"k̠’","ḵ̓","kwakiutl,Kwak̕wala"
"k̠’w","ḵ̕w","kwakiutl,Kwak̕wala"
"k̠＇","ḵˈ","Sm'algya̱x"
"k̠＇","ḵ’","Lingít"
"k̲","ḵ","Gitxsanimx̱-Gitsenimx̱-Gyaanimx̱,kwakiutl,Kwak̕wala,Nisg̱aʼa,Sgüüx̱s,she shashishalhem,Sm'algya̱x,X̱aad Kil / X̱aayda Kil"
"k̲'","ḵˈ","Sm'algya̱x"
"k̲'","ḵ’","Lingít"
"k̲w","ḵw","kwakiutl,Kwak̕wala"
"k̲ʼ","ḵ'","Gitxsanimx̱-Gitsenimx̱-Gyaanimx̱,Nisg̱aʼa,Sgüüx̱s,Sm'algya̱x,X̱aad Kil / X̱aayda Kil"
"k̲ʼ","ḵˈ","Sm'algya̱x"
"k̲ʼ","ḵ̓","kwakiutl,Kwak̕wala"
"k̲ʼ","ḵ’","Lingít"
"k̲ʼw","ḵ̕w","kwakiutl,Kwak̕wala"
"k̲ˈw","ḵ̕w","kwakiutl,Kwak̕wala"
"k̲̒w","ḵ̕w","kwakiutl,Kwak̕wala"
"k̲̓","ḵˈ","Sm'algya̱x"
"k̲̓","ḵ̓","kwakiutl,Kwak̕wala"
"k̲̓","ḵ’","Lingít"
"k̲̓w","ḵ̕w","kwakiutl,Kwak̕wala"
"k̲̔w","ḵ̕w","kwakiutl,Kwak̕wala"
"k̲̕","ḵˈ","Sm'algya̱x"
"k̲̕","ḵ̕","she shashishalhem"
"k̲̕","ḵ’","Lingít"
"k̲̕w","ḵ̕w","kwakiutl,Kwak̕wala"
"k̲՚","ḵ'","Gitxsanimx̱-Gitsenimx̱-Gyaanimx̱,Nisg̱aʼa,Sgüüx̱s,Sm'algya̱x,X̱aad Kil / X̱aayda Kil"
"k̲՚","ḵˈ","Sm'algya̱x"
"k̲՚","ḵ̓","kwakiutl,Kwak̕wala"
"k̲՚","ḵ’","Lingít"
"k̲՚w","ḵ̕w","kwakiutl,Kwak̕wala"
"k̲’","ḵ'","Gitxsanimx̱-Gitsenimx̱-Gyaanimx̱,Nisg̱aʼa,Sgüüx̱s,Sm'algya̱x,X̱aad Kil / X̱aayda Kil"
"k̲’","ḵˈ","Sm'algya̱x"
"k̲’","ḵ̓","kwakiutl,Kwak̕wala"
"k̲’","ḵ’","Lingít"
"k̲’w","ḵ̕w","kwakiutl,Kwak̕wala"
"k̲＇","ḵˈ","Sm'algya̱x"
"k̲＇","ḵ’","Lingít"
"k՚","k'","Dakelh,Dene Kʼe,Gitxsanimx̱-Gitsenimx̱-Gyaanimx̱,Hulʼqʼumiʼnumʼ / Halqʼeméylem / hən̓q̓əmin̓əm̓,Nedutʼen / Witsuwitʼen,Nisg̱aʼa,Sgüüx̱s,Sm'algya̱x,Tseʼkhene,X̱aad Kil / X̱aayda Kil"
"k՚","kʼ","Danezāgéʼ,Southern Tutchone"
"k՚","kˈ","Sm'algya̱x"
"k՚","k̓","diitiidʔaaʔtx̣,Nsyilxcən,nuučaan̓uł,Secwepemctsín"
"k՚","k̕","she shashishalhem"
"k՚","k’","Dakelh,Dane-Ẕaa,Nedutʼen / Witsuwitʼen,Nuxalk,Tāłtān,Tseʼkhene,Tsilhqotʼin"
"k՚w","k'w","Sm'algya̱x"
"k՚w","kʼw","Southern Tutchone"
"k՚w","kˈw","Sm'algya̱x"
"k՚w","k̓w","Secwepemctsín,St̓át̓imcets"
"k՚w","k̕w","kwakiutl,Kwak̕wala"
"k՚w","k’w","Lingít"
"k՚y","k'y","Sm'algya̱x"
"k՚y","kˈy","Sm'algya̱x"
"k՚ʷ","k̓ʷ","diitiidʔaaʔtx̣,Hulʼqʼumiʼnumʼ / Halqʼeméylem / hən̓q̓əmin̓əm̓,Nsyilxcən,nuučaan̓uł"
"k’","k'","Dakelh,Dene Kʼe,Gitxsanimx̱-Gitsenimx̱-Gyaanimx̱,Hulʼqʼumiʼnumʼ / Halqʼeméylem / hən̓q̓əmin̓əm̓,Nedutʼen / Witsuwitʼen,Nisg̱aʼa,Sgüüx̱s,Sm'algya̱x,Tseʼkhene,X̱aad Kil / X̱aayda Kil"
"k’","kʼ","Danezāgéʼ,Southern Tutchone"
"k’","kˈ","Sm'algya̱x"
"k’","k̓","diitiidʔaaʔtx̣,kwakiutl,Kwak̕wala,Nsyilxcən,nuučaan̓uł,Secwepemctsín,St̓át̓imcets"
"k’","k̕","she shashishalhem"
"k’w","k'w","Sm'algya̱x"
"k’w","kʼw","Southern Tutchone"
"k’w","kˈw","Sm'algya̱x"
"k’w","k̓w","Hulʼqʼumiʼnumʼ / Halqʼeméylem / hən̓q̓əmin̓əm̓,Secwepemctsín,St̓át̓imcets"
"k’w","k̕w","kwakiutl,Kwak̕wala"
"k’y","k'y","Sm'algya̱x"
"k’y","kˈy","Sm'algya̱x"
"k’ʷ","k̓ʷ","diitiidʔaaʔtx̣,Hulʼqʼumiʼnumʼ / Halqʼeméylem / hən̓q̓əmin̓əm̓,Nsyilxcən,nuučaan̓uł"
"k＇","k'","Dakelh,Dene Kʼe,Gitxsanimx̱-Gitsenimx̱-Gyaanimx̱,Hulʼqʼumiʼnumʼ / Halqʼeméylem / hən̓q̓əmin̓əm̓,Nedutʼen / Witsuwitʼen,Nisg̱aʼa,Sgüüx̱s,Sm'algya̱x,Tseʼkhene,X̱aad Kil / X̱aayda Kil"
"k＇","kʼ","Danezāgéʼ,Southern Tutchone"
"k＇","kˈ","Sm'algya̱x"
"k＇","k̓","Nsyilxcən"
"k＇","k’","Dakelh,Dane-Ẕaa,Nedutʼen / Witsuwitʼen,Nuxalk,Tāłtān,Tseʼkhene,Tsilhqotʼin"
"k＇w","k'w","Sm'algya̱x"
"k＇w","kʼw","Southern Tutchone"
"k＇y","k'y","Sm'algya̱x"
"k＇ʷ","k̓ʷ","Nsyilxcən"
"l","l","Dakelh,Hulʼqʼumiʼnumʼ / Halqʼeméylem / hən̓q̓əmin̓əm̓,kwakiutl,Kwak̕wala,Sgüüx̱s"
"l'","l̓","Hulʼqʼumiʼnumʼ / Halqʼeméylem / hən̓q̓əmin̓əm̓,Secwepemctsín"
"l'","l’","Lingít"
"lh","lh","Dakelh,Hulʼqʼumiʼnumʼ / Halqʼeméylem / hən̓q̓əmin̓əm̓"
"lʼ","l̓","Hulʼqʼumiʼnumʼ / Halqʼeméylem / hən̓q̓əmin̓əm̓,Nisg̱aʼa,Nɬeʔkepmxcín,Nsyilxcən"
"lˈ","l̓","Hulʼqʼumiʼnumʼ / Halqʼeméylem / hən̓q̓əmin̓əm̓,Nɬeʔkepmxcín,Nsyilxcən"
"l̀","l̓","Nisg̱aʼa"
"l̍","l̓","diitiidʔaaʔtx̣,Éy7á7juuthem,Haíɫzaqvḷa,Hulʼqʼumiʼnumʼ / Halqʼeméylem / hən̓q̓əmin̓əm̓,Kwak̕wala,Nisg̱aʼa,Nɬeʔkepmxcín,Secwepemctsín,St̓át̓imcets,X̄enaksialak̓ala / X̄aʼislak̓ala,ʼWuik̓ala"
"l̒","l̓","diitiidʔaaʔtx̣,Éy7á7juuthem,Haíɫzaqvḷa,Hulʼqʼumiʼnumʼ / Halqʼeméylem / hən̓q̓əmin̓əm̓,Kwak̕wala,Nisg̱aʼa,Nɬeʔkepmxcín,Nsyilxcən,Secwepemctsín,St̓át̓imcets,X̄enaksialak̓ala / X̄aʼislak̓ala,ʼWuik̓ala"
"l̓","l̓","Hulʼqʼumiʼnumʼ / Halqʼeméylem / hən̓q̓əmin̓əm̓"
"l̔","l̓","diitiidʔaaʔtx̣,Éy7á7juuthem,Haíɫzaqvḷa,Hulʼqʼumiʼnumʼ / Halqʼeméylem / hən̓q̓əmin̓əm̓,Kwak̕wala,Nisg̱aʼa,Nɬeʔkepmxcín,Nsyilxcən,Secwepemctsín,St̓át̓imcets,X̄enaksialak̓ala / X̄aʼislak̓ala,ʼWuik̓ala"
"l̕","l̓","diitiidʔaaʔtx̣,Éy7á7juuthem,Haíɫzaqvḷa,Hulʼqʼumiʼnumʼ / Halqʼeméylem / hən̓q̓əmin̓əm̓,Kwak̕wala,Nisg̱aʼa,Nɬeʔkepmxcín,Nsyilxcən,Secwepemctsín,St̓át̓imcets,X̄enaksialak̓ala / X̄aʼislak̓ala,ʼWuik̓ala"
"l̠","l̲","St̓át̓imcets"
"l̵","ł","Nsyilxcən"
"l̵","ɬ","Éy7á7juuthem,Hulʼqʼumiʼnumʼ / Halqʼeméylem / hən̓q̓əmin̓əm̓,Nsyilxcən"
"l̷","ł","Danezāgéʼ,Dene Kʼe,diitiidʔaaʔtx̣,kwakiutl,Kwak̕wala,kyuquot-checleseht,Nɬeʔkepmxcín,nuučaan̓uł,Sgüüx̱s,Sm'algya̱x,Southern Tutchone,Tāłtān"
"l̷","ɬ","Nɬeʔkepmxcín"
"l̸","ł","Danezāgéʼ,Dene Kʼe,diitiidʔaaʔtx̣,kwakiutl,Kwak̕wala,kyuquot-checleseht,Nɬeʔkepmxcín,nuučaan̓uł,Sgüüx̱s,Sm'algya̱x,Southern Tutchone,Tāłtān"
"l̸","ɬ","Nɬeʔkepmxcín"
"l՚","l̓","Hulʼqʼumiʼnumʼ / Halqʼeméylem / hən̓q̓əmin̓əm̓,Nɬeʔkepmxcín,Nsyilxcən"
"l’","l̓","Hulʼqʼumiʼnumʼ / Halqʼeméylem / hən̓q̓əmin̓əm̓,Nɬeʔkepmxcín,Nsyilxcən,Secwepemctsín,St̓át̓imcets"
"m","m","Dakelh,Hulʼqʼumiʼnumʼ / Halqʼeméylem / hən̓q̓əmin̓əm̓,kwakiutl,Kwak̕wala,Sgüüx̱s"
"m'","m̓","Nsyilxcən,Secwepemctsín"
"mʼ","m̓","Nsyilxcən"
"mˈ","m̓","Nsyilxcən"
"m̍","m̓","diitiidʔaaʔtx̣,Éy7á7juuthem,Haíɫzaqvḷa,Hulʼqʼumiʼnumʼ / Halqʼeméylem / hən̓q̓əmin̓əm̓,Ktunaxa,Kwak̕wala,kyuquot-checleseht,Nisg̱aʼa,Nɬeʔkepmxcín,Nsyilxcən,nuučaan̓uł,Secwepemctsín,St̓át̓imcets,X̄enaksialak̓ala / X̄aʼislak̓ala,ʼWuik̓ala"
"m̒","m̓","diitiidʔaaʔtx̣,Éy7á7juuthem,Haíɫzaqvḷa,Hulʼqʼumiʼnumʼ / Halqʼeméylem / hən̓q̓əmin̓əm̓,Ktunaxa,Kwak̕wala,kyuquot-checleseht,Nisg̱aʼa,Nɬeʔkepmxcín,Nsyilxcən,nuučaan̓uł,Secwepemctsín,St̓át̓imcets,X̄enaksialak̓ala / X̄aʼislak̓ala,ʼWuik̓ala"
"m̓","m̓","Hulʼqʼumiʼnumʼ / Halqʼeméylem / hən̓q̓əmin̓əm̓"
"m̔","m̓","diitiidʔaaʔtx̣,Éy7á7juuthem,Haíɫzaqvḷa,Hulʼqʼumiʼnumʼ / Halqʼeméylem / hən̓q̓əmin̓əm̓,Ktunaxa,Kwak̕wala,kyuquot-checleseht,Nisg̱aʼa,Nɬeʔkepmxcín,Nsyilxcən,nuučaan̓uł,Secwepemctsín,St̓át̓imcets,X̄enaksialak̓ala / X̄aʼislak̓ala,ʼWuik̓ala"
"m̕","m̓","diitiidʔaaʔtx̣,Éy7á7juuthem,Haíɫzaqvḷa,Hulʼqʼumiʼnumʼ / Halqʼeméylem / hən̓q̓əmin̓əm̓,Ktunaxa,Kwak̕wala,kyuquot-checleseht,Nisg̱aʼa,Nɬeʔkepmxcín,Nsyilxcən,nuučaan̓uł,Secwepemctsín,St̓át̓imcets,X̄enaksialak̓ala / X̄aʼislak̓ala,ʼWuik̓ala"
"m՚","m̓","Nsyilxcən"
"m’","m̓","Hulʼqʼumiʼnumʼ / Halqʼeméylem / hən̓q̓əmin̓əm̓,Nsyilxcən,nuučaan̓uł,Secwepemctsín,St̓át̓imcets"
"m＇","m̓","Nsyilxcən"
"n","n","Dakelh,Hulʼqʼumiʼnumʼ / Halqʼeméylem / hən̓q̓əmin̓əm̓,kwakiutl,Kwak̕wala,Sgüüx̱s"
"n'","n̓","Secwepemctsín"
"nʼ","n̓","Nsyilxcən,nuučaan̓uł"
"nˈ","n̓","Nsyilxcən,nuučaan̓uł"
"n̍","n̓","diitiidʔaaʔtx̣,Éy7á7juuthem,Haíɫzaqvḷa,Hulʼqʼumiʼnumʼ / Halqʼeméylem / hən̓q̓əmin̓əm̓,Ktunaxa,Kwak̕wala,kyuquot-checleseht,Nisg̱aʼa,Nɬeʔkepmxcín,nuučaan̓uł,Secwepemctsín,St̓át̓imcets,X̄enaksialak̓ala / X̄aʼislak̓ala,ʼWuik̓ala"
"n̒","n̓","diitiidʔaaʔtx̣,Éy7á7juuthem,Haíɫzaqvḷa,Hulʼqʼumiʼnumʼ / Halqʼeméylem / hən̓q̓əmin̓əm̓,Ktunaxa,Kwak̕wala,kyuquot-checleseht,Nisg̱aʼa,Nɬeʔkepmxcín,Nsyilxcən,nuučaan̓uł,Secwepemctsín,St̓át̓imcets,X̄enaksialak̓ala / X̄aʼislak̓ala,ʼWuik̓ala"
"n̓","n̓","Hulʼqʼumiʼnumʼ / Halqʼeméylem / hən̓q̓əmin̓əm̓"
"n̔","n̓","diitiidʔaaʔtx̣,Éy7á7juuthem,Haíɫzaqvḷa,Hulʼqʼumiʼnumʼ / Halqʼeméylem / hən̓q̓əmin̓əm̓,Ktunaxa,Kwak̕wala,kyuquot-checleseht,Nisg̱aʼa,Nɬeʔkepmxcín,Nsyilxcən,nuučaan̓uł,Secwepemctsín,St̓át̓imcets,X̄enaksialak̓ala / X̄aʼislak̓ala,ʼWuik̓ala"
"n̕","n̓","diitiidʔaaʔtx̣,Éy7á7juuthem,Haíɫzaqvḷa,Hulʼqʼumiʼnumʼ / Halqʼeméylem / hən̓q̓əmin̓əm̓,Ktunaxa,Kwak̕wala,kyuquot-checleseht,Nisg̱aʼa,Nɬeʔkepmxcín,Nsyilxcən,nuučaan̓uł,Secwepemctsín,St̓át̓imcets,X̄enaksialak̓ala / X̄aʼislak̓ala,ʼWuik̓ala"
"n՚","n̓","Nsyilxcən,nuučaan̓uł"
"n’","n̓","Hulʼqʼumiʼnumʼ / Halqʼeméylem / hən̓q̓əmin̓əm̓,Nsyilxcən,nuučaan̓uł,Secwepemctsín,St̓át̓imcets"
"o","o","Dakelh,kwakiutl,Kwak̕wala,Lingít,Sgüüx̱s"
"o'","o’","Dakelh"
"o'o","oˈo","Sm'algya̱x"
"o:","o:","Hulʼqʼumiʼnumʼ / Halqʼeméylem / hən̓q̓əmin̓əm̓"
"oo","oo","Dakelh,Hulʼqʼumiʼnumʼ / Halqʼeméylem / hən̓q̓əmin̓əm̓,Sgüüx̱s"
"oo'","oo’","Dakelh"
"ooʼ","oo’","Dakelh"
"ooˈ","oo’","Dakelh"
"oo̓","oo’","Dakelh"
"oo̕","oo’","Dakelh"
"oo՚","oo’","Dakelh"
"oo＇","oo’","Dakelh"
"o¯","ō","Danezāgéʼ,Hulʼqʼumiʼnumʼ / Halqʼeméylem / hən̓q̓əmin̓əm̓,nēhiyawēwin,Southern Tutchone,Tāłtān"
"o¯w","ōw","Hulʼqʼumiʼnumʼ / Halqʼeméylem / hən̓q̓əmin̓əm̓"
"o¯y","ōy","Hulʼqʼumiʼnumʼ / Halqʼeméylem / hən̓q̓əmin̓əm̓"
"o¯́","ṓ","Danezāgéʼ,Southern Tutchone"
"oʼ","o’","Dakelh"
"oʼo","oˈo","Sm'algya̱x"
"o̅","ō","Danezāgéʼ,Hulʼqʼumiʼnumʼ / Halqʼeméylem / hən̓q̓əmin̓əm̓,nēhiyawēwin,Southern Tutchone,Tāłtān"
"o̅w","ōw","Hulʼqʼumiʼnumʼ / Halqʼeméylem / hən̓q̓əmin̓əm̓"
"o̅y","ōy","Hulʼqʼumiʼnumʼ / Halqʼeméylem / hən̓q̓əmin̓əm̓"
"o̅́","ṓ","Danezāgéʼ,Southern Tutchone"
"o̍","o’","Dakelh"
"o̒","o’","Dakelh"
"o̓","o’","Dakelh"
"o̓","ó","Secwepemctsín"
"o̔","o’","Dakelh"
"o̕","o’","Dakelh"
"o̕o","oˈo","Sm'algya̱x"
"o̠","o̱","Lingít,Tseʼkhene"
"o̠o̠","o̱o̱","Tseʼkhene"
"o̠o̱","o̱o̱","Tseʼkhene"
"o̠o̲","o̱o̱","Tseʼkhene"
"o̱o̠","o̱o̱","Tseʼkhene"
"o̱o̲","o̱o̱","Tseʼkhene"
"o̲","o̱","Lingít,Tseʼkhene"
"o̲o̠","o̱o̱","Tseʼkhene"
"o̲o̱","o̱o̱","Tseʼkhene"
"o̲o̲","o̱o̱","Tseʼkhene"
"o՚","o’","Dakelh"
"o՚o","oˈo","Sm'algya̱x"
"o’o","oˈo","Sm'algya̱x"
"o‾","ō","Danezāgéʼ,Hulʼqʼumiʼnumʼ / Halqʼeméylem / hən̓q̓əmin̓əm̓,nēhiyawēwin,Southern Tutchone,Tāłtān"
"o‾w","ōw","Hulʼqʼumiʼnumʼ / Halqʼeméylem / hən̓q̓əmin̓əm̓"
"o‾y","ōy","Hulʼqʼumiʼnumʼ / Halqʼeméylem / hən̓q̓əmin̓əm̓"
"o‾́","ṓ","Danezāgéʼ,Southern Tutchone"
"o︤","ō","Danezāgéʼ,Hulʼqʼumiʼnumʼ / Halqʼeméylem / hən̓q̓əmin̓əm̓,nēhiyawēwin,Southern Tutchone,Tāłtān"
"o︤w","ōw","Hulʼqʼumiʼnumʼ / Halqʼeméylem / hən̓q̓əmin̓əm̓"
"o︤y","ōy","Hulʼqʼumiʼnumʼ / Halqʼeméylem / hən̓q̓əmin̓əm̓"
"o︤́","ṓ","Danezāgéʼ,Southern Tutchone"
"o︥","ō","Danezāgéʼ,Hulʼqʼumiʼnumʼ / Halqʼeméylem / hən̓q̓əmin̓əm̓,nēhiyawēwin,Southern Tutchone,Tāłtān"
"o︥w","ōw","Hulʼqʼumiʼnumʼ / Halqʼeméylem / hən̓q̓əmin̓əm̓"
"o︥y","ōy","Hulʼqʼumiʼnumʼ / Halqʼeméylem / hən̓q̓əmin̓əm̓"
"o︥́","ṓ","Danezāgéʼ,Southern Tutchone"
"o＇","o’","Dakelh"
"o＇o","oˈo","Sm'algya̱x"
"p","p","Hulʼqʼumiʼnumʼ / Halqʼeméylem / hən̓q̓əmin̓əm̓,kwakiutl,Kwak̕wala,Sgüüx̱s"
"p'","p'","Sgüüx̱s"
"p'","pˈ","Sm'algya̱x"
"p'","p̓","Nsyilxcən,Secwepemctsín"
"p'","p̕","she shashishalhem"
"p'","p’","Hulʼqʼumiʼnumʼ / Halqʼeméylem / hən̓q̓əmin̓əm̓,Nuxalk"
"p`","p̓","nuučaan̓uł"
"pʼ","p'","Gitxsanimx̱-Gitsenimx̱-Gyaanimx̱,Hulʼqʼumiʼnumʼ / Halqʼeméylem / hən̓q̓əmin̓əm̓,Nisg̱aʼa,Sgüüx̱s,Sm'algya̱x"
"pʼ","p̓","Nsyilxcən"
"pˈ","p'","Hulʼqʼumiʼnumʼ / Halqʼeméylem / hən̓q̓əmin̓əm̓,Sgüüx̱s,Sm'algya̱x"
"p̀","p̓","ʼWuik̓ala"
"p̍","p'","Gitxsanimx̱-Gitsenimx̱-Gyaanimx̱,Hulʼqʼumiʼnumʼ / Halqʼeméylem / hən̓q̓əmin̓əm̓,Nisg̱aʼa,Sgüüx̱s,Sm'algya̱x"
"p̍","pˈ","Sm'algya̱x"
"p̍","p̓","diitiidʔaaʔtx̣,Éy7á7juuthem,Haíɫzaqvḷa,Hulʼqʼumiʼnumʼ / Halqʼeméylem / hən̓q̓əmin̓əm̓,Ktunaxa,kwakiutl,Kwak̕wala,kyuquot-checleseht,Nɬeʔkepmxcín,Nsyilxcən,nuučaan̓uł,Secwepemctsín,SENĆOŦEN / Malchosen / Lekwungen / Semiahmoo / TʼSou-ke,St̓át̓imcets,X̄enaksialak̓ala / X̄aʼislak̓ala,ʼWuik̓ala"
"p̍","p̕","she shashishalhem"
"p̍","p’","Hulʼqʼumiʼnumʼ / Halqʼeméylem / hən̓q̓əmin̓əm̓,Nuxalk"
"p̒","p'","Gitxsanimx̱-Gitsenimx̱-Gyaanimx̱,Hulʼqʼumiʼnumʼ / Halqʼeméylem / hən̓q̓əmin̓əm̓,Nisg̱aʼa,Sgüüx̱s,Sm'algya̱x"
"p̒","pˈ","Sm'algya̱x"
"p̒","p̓","diitiidʔaaʔtx̣,Éy7á7juuthem,Haíɫzaqvḷa,Hulʼqʼumiʼnumʼ / Halqʼeméylem / hən̓q̓əmin̓əm̓,Ktunaxa,kwakiutl,Kwak̕wala,kyuquot-checleseht,Nɬeʔkepmxcín,Nsyilxcən,nuučaan̓uł,Secwepemctsín,SENĆOŦEN / Malchosen / Lekwungen / Semiahmoo / TʼSou-ke,St̓át̓imcets,X̄enaksialak̓ala / X̄aʼislak̓ala,ʼWuik̓ala"
"p̒","p̕","she shashishalhem"
"p̒","p’","Hulʼqʼumiʼnumʼ / Halqʼeméylem / hən̓q̓əmin̓əm̓,Nuxalk"
"p̓","p'","Gitxsanimx̱-Gitsenimx̱-Gyaanimx̱,Hulʼqʼumiʼnumʼ / Halqʼeméylem / hən̓q̓əmin̓əm̓,Nisg̱aʼa,Sgüüx̱s,Sm'algya̱x"
"p̓","pˈ","Sm'algya̱x"
"p̓","p̓","Hulʼqʼumiʼnumʼ / Halqʼeméylem / hən̓q̓əmin̓əm̓,kwakiutl,Kwak̕wala"
"p̓","p̕","she shashishalhem"
"p̓","p’","Hulʼqʼumiʼnumʼ / Halqʼeméylem / hən̓q̓əmin̓əm̓,Nuxalk"
"p̔","p'","Gitxsanimx̱-Gitsenimx̱-Gyaanimx̱,Hulʼqʼumiʼnumʼ / Halqʼeméylem / hən̓q̓əmin̓əm̓,Nisg̱aʼa,Sgüüx̱s,Sm'algya̱x"
"p̔","pˈ","Sm'algya̱x"
"p̔","p̓","diitiidʔaaʔtx̣,Éy7á7juuthem,Haíɫzaqvḷa,Hulʼqʼumiʼnumʼ / Halqʼeméylem / hən̓q̓əmin̓əm̓,Ktunaxa,kwakiutl,Kwak̕wala,kyuquot-checleseht,Nɬeʔkepmxcín,Nsyilxcən,nuučaan̓uł,Secwepemctsín,SENĆOŦEN / Malchosen / Lekwungen / Semiahmoo / TʼSou-ke,St̓át̓imcets,X̄enaksialak̓ala / X̄aʼislak̓ala,ʼWuik̓ala"
"p̔","p̕","she shashishalhem"
"p̔","p’","Hulʼqʼumiʼnumʼ / Halqʼeméylem / hən̓q̓əmin̓əm̓,Nuxalk"
"p̕","p'","Gitxsanimx̱-Gitsenimx̱-Gyaanimx̱,Hulʼqʼumiʼnumʼ / Halqʼeméylem / hən̓q̓əmin̓əm̓,Nisg̱aʼa,Sgüüx̱s,Sm'algya̱x"
"p̕","pˈ","Sm'algya̱x"
"p̕","p̓","diitiidʔaaʔtx̣,Éy7á7juuthem,Haíɫzaqvḷa,Hulʼqʼumiʼnumʼ / Halqʼeméylem / hən̓q̓əmin̓əm̓,Ktunaxa,kwakiutl,Kwak̕wala,kyuquot-checleseht,Nɬeʔkepmxcín,Nsyilxcən,nuučaan̓uł,Secwepemctsín,SENĆOŦEN / Malchosen / Lekwungen / Semiahmoo / TʼSou-ke,St̓át̓imcets,X̄enaksialak̓ala / X̄aʼislak̓ala,ʼWuik̓ala"
"p̕","p’","Hulʼqʼumiʼnumʼ / Halqʼeméylem / hən̓q̓əmin̓əm̓,Nuxalk"
"p՚","p'","Gitxsanimx̱-Gitsenimx̱-Gyaanimx̱,Hulʼqʼumiʼnumʼ / Halqʼeméylem / hən̓q̓əmin̓əm̓,Nisg̱aʼa,Sgüüx̱s,Sm'algya̱x"
"p’","p'","Gitxsanimx̱-Gitsenimx̱-Gyaanimx̱,Hulʼqʼumiʼnumʼ / Halqʼeméylem / hən̓q̓əmin̓əm̓,Nisg̱aʼa,Sgüüx̱s,Sm'algya̱x"
"p’","pˈ","Sm'algya̱x"
"p’","p̓","Nsyilxcən,nuučaan̓uł,Secwepemctsín"
"p’","p̕","she shashishalhem"
"p＇","p'","Gitxsanimx̱-Gitsenimx̱-Gyaanimx̱,Hulʼqʼumiʼnumʼ / Halqʼeméylem / hən̓q̓əmin̓əm̓,Nisg̱aʼa,Sgüüx̱s,Sm'algya̱x"
"q","q","Hulʼqʼumiʼnumʼ / Halqʼeméylem / hən̓q̓əmin̓əm̓"
"q'","q̓","Nsyilxcən,Secwepemctsín"
"q'","q’","Hulʼqʼumiʼnumʼ / Halqʼeméylem / hən̓q̓əmin̓əm̓,Nuxalk,Tsilhqotʼin"
"q'ʷ","q̓ʷ","Nsyilxcən"
"qw","qw","Hulʼqʼumiʼnumʼ / Halqʼeméylem / hən̓q̓əmin̓əm̓"
"qw'","qw’","Hulʼqʼumiʼnumʼ / Halqʼeméylem / hən̓q̓əmin̓əm̓,Nuxalk,Tsilhqotʼin"
"qwʼ","qw'","Hulʼqʼumiʼnumʼ / Halqʼeméylem / hən̓q̓əmin̓əm̓"
"qwʼ","qw’","Hulʼqʼumiʼnumʼ / Halqʼeméylem / hən̓q̓əmin̓əm̓,Nuxalk,Tsilhqotʼin"
"qw՚","qw'","Hulʼqʼumiʼnumʼ / Halqʼeméylem / hən̓q̓əmin̓əm̓"
"qw՚","qw’","Hulʼqʼumiʼnumʼ / Halqʼeméylem / hən̓q̓əmin̓əm̓,Nuxalk,Tsilhqotʼin"
"qw’","qw'","Hulʼqʼumiʼnumʼ / Halqʼeméylem / hən̓q̓əmin̓əm̓"
"qw’","q̓w","Secwepemctsín"
"qw＇","qw'","Hulʼqʼumiʼnumʼ / Halqʼeméylem / hən̓q̓əmin̓əm̓"
"qw＇","qw’","Hulʼqʼumiʼnumʼ / Halqʼeméylem / hən̓q̓əmin̓əm̓,Nuxalk,Tsilhqotʼin"
"qʷ","qʷ","Hulʼqʼumiʼnumʼ / Halqʼeméylem / hən̓q̓əmin̓əm̓"
"qʼ","q'","Hulʼqʼumiʼnumʼ / Halqʼeméylem / hən̓q̓əmin̓əm̓"
"qʼ","q̓","Nsyilxcən"
"qʼ","q’","Hulʼqʼumiʼnumʼ / Halqʼeméylem / hən̓q̓əmin̓əm̓,Nuxalk,Tsilhqotʼin"
"qʼʷ","q̓ʷ","Nsyilxcən"
"qˈ","q̓","Nsyilxcən"
"qˈʷ","q̓ʷ","Nsyilxcən"
"q́","q̓","Éy7á7juuthem,Hulʼqʼumiʼnumʼ / Halqʼeméylem / hən̓q̓əmin̓əm̓,Secwepemctsín,SENĆOŦEN / Malchosen / Lekwungen / Semiahmoo / TʼSou-ke,St̓át̓imcets"
"q́w","q̓w","Hulʼqʼumiʼnumʼ / Halqʼeméylem / hən̓q̓əmin̓əm̓"
"q́ʷ","q̓ʷ","Hulʼqʼumiʼnumʼ / Halqʼeméylem / hən̓q̓əmin̓əm̓,SENĆOŦEN / Malchosen / Lekwungen / Semiahmoo / TʼSou-ke"
"q̍","q̓","diitiidʔaaʔtx̣,Éy7á7juuthem,Haíɫzaqvḷa,Hulʼqʼumiʼnumʼ / Halqʼeméylem / hən̓q̓əmin̓əm̓,Ktunaxa,Kwak̕wala,Nɬeʔkepmxcín,Nsyilxcən,Secwepemctsín,SENĆOŦEN / Malchosen / Lekwungen / Semiahmoo / TʼSou-ke,St̓át̓imcets,X̄enaksialak̓ala / X̄aʼislak̓ala,ʼWuik̓ala"
"q̍v","q̓v","Haíɫzaqvḷa"
"q̍w","q̓w","Hulʼqʼumiʼnumʼ / Halqʼeméylem / hən̓q̓əmin̓əm̓,Secwepemctsín,St̓át̓imcets"
"q̍ʷ","q̓ʷ","diitiidʔaaʔtx̣,Éy7á7juuthem,Hulʼqʼumiʼnumʼ / Halqʼeméylem / hən̓q̓əmin̓əm̓,Kwak̕wala,Nɬeʔkepmxcín,Nsyilxcən,SENĆOŦEN / Malchosen / Lekwungen / Semiahmoo / TʼSou-ke"
"q̒","q̓","diitiidʔaaʔtx̣,Éy7á7juuthem,Haíɫzaqvḷa,Hulʼqʼumiʼnumʼ / Halqʼeméylem / hən̓q̓əmin̓əm̓,Ktunaxa,Kwak̕wala,Nɬeʔkepmxcín,Nsyilxcən,Secwepemctsín,SENĆOŦEN / Malchosen / Lekwungen / Semiahmoo / TʼSou-ke,St̓át̓imcets,X̄enaksialak̓ala / X̄aʼislak̓ala,ʼWuik̓ala"
"q̒v","q̓v","Haíɫzaqvḷa"
"q̒w","q̓w","Hulʼqʼumiʼnumʼ / Halqʼeméylem / hən̓q̓əmin̓əm̓,Secwepemctsín,St̓át̓imcets"
"q̒ʷ","q̓ʷ","diitiidʔaaʔtx̣,Éy7á7juuthem,Hulʼqʼumiʼnumʼ / Halqʼeméylem / hən̓q̓əmin̓əm̓,Kwak̕wala,Nɬeʔkepmxcín,Nsyilxcən,SENĆOŦEN / Malchosen / Lekwungen / Semiahmoo / TʼSou-ke"
"q̓","q̓","Hulʼqʼumiʼnumʼ / Halqʼeméylem / hən̓q̓əmin̓əm̓"
"q̓w","q̓w","Hulʼqʼumiʼnumʼ / Halqʼeméylem / hən̓q̓əmin̓əm̓"
"q̓ʷ","q̓ʷ","Hulʼqʼumiʼnumʼ / Halqʼeméylem / hən̓q̓əmin̓əm̓"
"q̔","q̓","diitiidʔaaʔtx̣,Éy7á7juuthem,Haíɫzaqvḷa,Hulʼqʼumiʼnumʼ / Halqʼeméylem / hən̓q̓əmin̓əm̓,Ktunaxa,Kwak̕wala,Nɬeʔkepmxcín,Nsyilxcən,Secwepemctsín,SENĆOŦEN / Malchosen / Lekwungen / Semiahmoo / TʼSou-ke,St̓át̓imcets,X̄enaksialak̓ala / X̄aʼislak̓ala,ʼWuik̓ala"
"q̔v","q̓v","Haíɫzaqvḷa"
"q̔w","q̓w","Hulʼqʼumiʼnumʼ / Halqʼeméylem / hən̓q̓əmin̓əm̓,Secwepemctsín,St̓át̓imcets"
"q̔ʷ","q̓ʷ","diitiidʔaaʔtx̣,Éy7á7juuthem,Hulʼqʼumiʼnumʼ / Halqʼeméylem / hən̓q̓əmin̓əm̓,Kwak̕wala,Nɬeʔkepmxcín,Nsyilxcən,SENĆOŦEN / Malchosen / Lekwungen / Semiahmoo / TʼSou-ke"
"q̕","q̓","diitiidʔaaʔtx̣,Éy7á7juuthem,Haíɫzaqvḷa,Hulʼqʼumiʼnumʼ / Halqʼeméylem / hən̓q̓əmin̓əm̓,Ktunaxa,Kwak̕wala,Nɬeʔkepmxcín,Nsyilxcən,Secwepemctsín,SENĆOŦEN / Malchosen / Lekwungen / Semiahmoo / TʼSou-ke,St̓át̓imcets,X̄enaksialak̓ala / X̄aʼislak̓ala,ʼWuik̓ala"
"q̕v","q̓v","Haíɫzaqvḷa"
"q̕w","q̓w","Hulʼqʼumiʼnumʼ / Halqʼeméylem / hən̓q̓əmin̓əm̓,Secwepemctsín,St̓át̓imcets"
"q̕ʷ","q̓ʷ","diitiidʔaaʔtx̣,Éy7á7juuthem,Hulʼqʼumiʼnumʼ / Halqʼeméylem / hən̓q̓əmin̓əm̓,Kwak̕wala,Nɬeʔkepmxcín,Nsyilxcən,SENĆOŦEN / Malchosen / Lekwungen / Semiahmoo / TʼSou-ke"
"q՚","q'","Hulʼqʼumiʼnumʼ / Halqʼeméylem / hən̓q̓əmin̓əm̓"
"q՚","q̓","Nsyilxcən"
"q՚","q’","Hulʼqʼumiʼnumʼ / Halqʼeméylem / hən̓q̓əmin̓əm̓,Nuxalk,Tsilhqotʼin"
"q՚ʷ","q̓ʷ","Nsyilxcən"
"q’","q'","Hulʼqʼumiʼnumʼ / Halqʼeméylem / hən̓q̓əmin̓əm̓"
"q’","q̓","Hulʼqʼumiʼnumʼ / Halqʼeméylem / hən̓q̓əmin̓əm̓,Nsyilxcən,Secwepemctsín,SENĆOŦEN / Malchosen / Lekwungen / Semiahmoo / TʼSou-ke,St̓át̓imcets"
"q’w","q̓w","Secwepemctsín"
"q’ʷ","q̓ʷ","Nsyilxcən"
"q＇","q'","Hulʼqʼumiʼnumʼ / Halqʼeméylem / hən̓q̓əmin̓əm̓"
"q＇","q̓","Nsyilxcən"
"q＇","q’","Hulʼqʼumiʼnumʼ / Halqʼeméylem / hən̓q̓əmin̓əm̓,Nuxalk,Tsilhqotʼin"
"q＇ʷ","q̓ʷ","Nsyilxcən"
"r'","r̓","Secwepemctsín"
"rʼ","r̓","Nsyilxcən,Secwepemctsín,St̓át̓imcets"
"r̕","r̓","Nsyilxcən,Secwepemctsín,St̓át̓imcets"
"s","s","Dakelh,Hulʼqʼumiʼnumʼ / Halqʼeméylem / hən̓q̓əmin̓əm̓,kwakiutl,Kwak̕wala,Sgüüx̱s"
"s'","s’","Lingít"
"s_","s̱","Tāłtān"
"sh","sh","Dakelh,Hulʼqʼumiʼnumʼ / Halqʼeméylem / hən̓q̓əmin̓əm̓"
"s̠","s̱","Tāłtān"
"s̠","s̲","Dakelh,Dane-Ẕaa,St̓át̓imcets"
"s̠̒","s̲’","Dakelh"
"s̠̓","s̲’","Dakelh"
"s̠̔","s̲’","Dakelh"
"s̠̕","s̲’","Dakelh"
"s̱","s̲","Dakelh,Dane-Ẕaa,St̓át̓imcets"
"s̲","s̱","Tāłtān"
"s̲̒","s̲’","Dakelh"
"s̲̓","s̲’","Dakelh"
"s̲̔","s̲’","Dakelh"
"s̲̕","s̲’","Dakelh"
"t","t","Dakelh,Hulʼqʼumiʼnumʼ / Halqʼeméylem / hən̓q̓əmin̓əm̓,kwakiutl,Kwak̕wala,Sgüüx̱s"
"t ̓","t̓","Éy7á7juuthem"
"t ̓ᶿ","t̓ᶿ","Éy7á7juuthem"
"t'","t'","Dakelh,Sgüüx̱s,X̱aad Kil / X̱aayda Kil"
"t'","tʼ","Danezāgéʼ,Southern Tutchone"
"t'","tˈ","Sm'algya̱x"
"t'","t̓","Nsyilxcən,Secwepemctsín"
"t'","t̕","she shashishalhem"
"t'","t’","Dakelh,Dane-Ẕaa,Hulʼqʼumiʼnumʼ / Halqʼeméylem / hən̓q̓əmin̓əm̓,Lingít,Nedutʼen / Witsuwitʼen,Nuxalk,Tāłtān,Tseʼkhene,Tsilhqotʼin"
"th","th","Hulʼqʼumiʼnumʼ / Halqʼeméylem / hən̓q̓əmin̓əm̓"
"thʼ","th'","Hulʼqʼumiʼnumʼ / Halqʼeméylem / hən̓q̓əmin̓əm̓"
"th՚","th'","Hulʼqʼumiʼnumʼ / Halqʼeméylem / hən̓q̓əmin̓əm̓"
"th’","th'","Hulʼqʼumiʼnumʼ / Halqʼeméylem / hən̓q̓əmin̓əm̓"
"th＇","th'","Hulʼqʼumiʼnumʼ / Halqʼeméylem / hən̓q̓əmin̓əm̓"
"tl","tl","Dakelh"
"tl'","tl'","Dakelh,X̱aad Kil / X̱aayda Kil"
"tl'","tlʼ","Danezāgéʼ,Southern Tutchone"
"tl'","tl̕","she shashishalhem"
"tl'","tl’","Dakelh,Dane-Ẕaa,Hulʼqʼumiʼnumʼ / Halqʼeméylem / hən̓q̓əmin̓əm̓,Lingít,Nedutʼen / Witsuwitʼen,Nuxalk,Tāłtān,Tseʼkhene,Tsilhqotʼin"
"tlʼ","tl'","Dakelh,Gitxsanimx̱-Gitsenimx̱-Gyaanimx̱,Hulʼqʼumiʼnumʼ / Halqʼeméylem / hən̓q̓əmin̓əm̓,Nedutʼen / Witsuwitʼen,Nisg̱aʼa,X̱aad Kil / X̱aayda Kil"
"tlʼ","tl̕","she shashishalhem"
"tlʼ","tl’","Dakelh,Dane-Ẕaa,Hulʼqʼumiʼnumʼ / Halqʼeméylem / hən̓q̓əmin̓əm̓,Nedutʼen / Witsuwitʼen,Nuxalk,Tāłtān,Tseʼkhene,Tsilhqotʼin"
"tlˈ","tl'","Dakelh,Gitxsanimx̱-Gitsenimx̱-Gyaanimx̱,Hulʼqʼumiʼnumʼ / Halqʼeméylem / hən̓q̓əmin̓əm̓,Nedutʼen / Witsuwitʼen,Nisg̱aʼa,X̱aad Kil / X̱aayda Kil"
"tlˈ","tlʼ","Danezāgéʼ,Southern Tutchone"
"tlˈ","tl̕","she shashishalhem"
"tlˈ","tl’","Dakelh,Dane-Ẕaa,Hulʼqʼumiʼnumʼ / Halqʼeméylem / hən̓q̓əmin̓əm̓,Nedutʼen / Witsuwitʼen,Nuxalk,Tāłtān,Tseʼkhene,Tsilhqotʼin"
"tl̒","tl'","Dakelh,Gitxsanimx̱-Gitsenimx̱-Gyaanimx̱,Hulʼqʼumiʼnumʼ / Halqʼeméylem / hən̓q̓əmin̓əm̓,Nedutʼen / Witsuwitʼen,X̱aad Kil / X̱aayda Kil"
"tl̒","tlʼ","Danezāgéʼ,Southern Tutchone"
"tl̒","tl̕","she shashishalhem"
"tl̒","tl’","Dakelh,Dane-Ẕaa,Hulʼqʼumiʼnumʼ / Halqʼeméylem / hən̓q̓əmin̓əm̓,Nedutʼen / Witsuwitʼen,Nuxalk,Tāłtān,Tseʼkhene,Tsilhqotʼin"
"tl̓","tl'","Dakelh,Gitxsanimx̱-Gitsenimx̱-Gyaanimx̱,Hulʼqʼumiʼnumʼ / Halqʼeméylem / hən̓q̓əmin̓əm̓,Nedutʼen / Witsuwitʼen,X̱aad Kil / X̱aayda Kil"
"tl̓","tlʼ","Danezāgéʼ,Southern Tutchone"
"tl̓","tl̕","she shashishalhem"
"tl̓","tl’","Dakelh,Dane-Ẕaa,Hulʼqʼumiʼnumʼ / Halqʼeméylem / hən̓q̓əmin̓əm̓,Nedutʼen / Witsuwitʼen,Nuxalk,Tāłtān,Tseʼkhene,Tsilhqotʼin"
"tl̔","tl'","Dakelh,Gitxsanimx̱-Gitsenimx̱-Gyaanimx̱,Hulʼqʼumiʼnumʼ / Halqʼeméylem / hən̓q̓əmin̓əm̓,Nedutʼen / Witsuwitʼen,X̱aad Kil / X̱aayda Kil"
"tl̔","tlʼ","Danezāgéʼ,Southern Tutchone"
"tl̔","tl̕","she shashishalhem"
"tl̔","tl’","Dakelh,Dane-Ẕaa,Hulʼqʼumiʼnumʼ / Halqʼeméylem / hən̓q̓əmin̓əm̓,Nedutʼen / Witsuwitʼen,Nuxalk,Tāłtān,Tseʼkhene,Tsilhqotʼin"
"tl̕","tl'","Dakelh,Gitxsanimx̱-Gitsenimx̱-Gyaanimx̱,Hulʼqʼumiʼnumʼ / Halqʼeméylem / hən̓q̓əmin̓əm̓,Nedutʼen / Witsuwitʼen,X̱aad Kil / X̱aayda Kil"
"tl̕","tlʼ","Danezāgéʼ,Southern Tutchone"
"tl̕","tl’","Dakelh,Dane-Ẕaa,Hulʼqʼumiʼnumʼ / Halqʼeméylem / hən̓q̓əmin̓əm̓,Nedutʼen / Witsuwitʼen,Nuxalk,Tāłtān,Tseʼkhene,Tsilhqotʼin"
"tl̷","tł","kwakiutl,Kwak̕wala"
"tl̸","tł","kwakiutl,Kwak̕wala"
"tl՚","tl'","Dakelh,Gitxsanimx̱-Gitsenimx̱-Gyaanimx̱,Hulʼqʼumiʼnumʼ / Halqʼeméylem / hən̓q̓əmin̓əm̓,Nedutʼen / Witsuwitʼen,Nisg̱aʼa,X̱aad Kil / X̱aayda Kil"
"tl՚","tlʼ","Danezāgéʼ,Southern Tutchone"
"tl՚","tl̕","she shashishalhem"
"tl՚","tl’","Dakelh,Dane-Ẕaa,Hulʼqʼumiʼnumʼ / Halqʼeméylem / hən̓q̓əmin̓əm̓,Nedutʼen / Witsuwitʼen,Nuxalk,Tāłtān,Tseʼkhene,Tsilhqotʼin"
"tl’","tl'","Dakelh,Gitxsanimx̱-Gitsenimx̱-Gyaanimx̱,Hulʼqʼumiʼnumʼ / Halqʼeméylem / hən̓q̓əmin̓əm̓,Nedutʼen / Witsuwitʼen,Nisg̱aʼa,X̱aad Kil / X̱aayda Kil"
"tl’","tlʼ","Danezāgéʼ,Southern Tutchone"
"tl’","tl̕","she shashishalhem"
"tl＇","tl'","Dakelh,Gitxsanimx̱-Gitsenimx̱-Gyaanimx̱,Hulʼqʼumiʼnumʼ / Halqʼeméylem / hən̓q̓əmin̓əm̓,Nedutʼen / Witsuwitʼen,Nisg̱aʼa,X̱aad Kil / X̱aayda Kil"
"tl＇","tlʼ","Danezāgéʼ,Southern Tutchone"
"tl＇","tl’","Dakelh,Dane-Ẕaa,Hulʼqʼumiʼnumʼ / Halqʼeméylem / hən̓q̓əmin̓əm̓,Nedutʼen / Witsuwitʼen,Nuxalk,Tāłtān,Tseʼkhene,Tsilhqotʼin"
"ts","ts","Dakelh,kwakiutl,Kwak̕wala,Sgüüx̱s"
"ts'","ts'","Dakelh,Sgüüx̱s,X̱aad Kil / X̱aayda Kil"
"ts'","ts̓","Secwepemctsín"
"ts'","ts̕","she shashishalhem"
"ts'","ts’","Dakelh,Dane-Ẕaa,Hulʼqʼumiʼnumʼ / Halqʼeméylem / hən̓q̓əmin̓əm̓,Lingít,Nedutʼen / Witsuwitʼen,Nuxalk,Tāłtān,Tseʼkhene,Tsilhqotʼin"
"ts_","ts̱","Tāłtān"
"ts_'","ts̱’","Tāłtān"
"ts_ʼ","ts̱’","Tāłtān"
"ts_՚","ts̱’","Tāłtān"
"ts_＇","ts̱’","Tāłtān"
"tsʼ","ts'","Dakelh,Dene Kʼe,Gitxsanimx̱-Gitsenimx̱-Gyaanimx̱,Hulʼqʼumiʼnumʼ / Halqʼeméylem / hən̓q̓əmin̓əm̓,Nedutʼen / Witsuwitʼen,Nisg̱aʼa,Sgüüx̱s,Sm'algya̱x,Tseʼkhene,X̱aad Kil / X̱aayda Kil"
"tsʼ","tsˈ","Sm'algya̱x"
"tsʼ","ts̓","Secwepemctsín,St̓át̓imcets"
"tsʼ","ts̕","she shashishalhem"
"tsʼ","ts’","Dakelh,Dane-Ẕaa,Hulʼqʼumiʼnumʼ / Halqʼeméylem / hən̓q̓əmin̓əm̓,Nedutʼen / Witsuwitʼen,Nuxalk,Tāłtān,Tseʼkhene,Tsilhqotʼin"
"tsˈ","ts'","Dakelh,Dene Kʼe,Gitxsanimx̱-Gitsenimx̱-Gyaanimx̱,Hulʼqʼumiʼnumʼ / Halqʼeméylem / hən̓q̓əmin̓əm̓,Nedutʼen / Witsuwitʼen,Nisg̱aʼa,Sgüüx̱s,Sm'algya̱x,Tseʼkhene,X̱aad Kil / X̱aayda Kil"
"tsˈ","tsʼ","Danezāgéʼ,Southern Tutchone"
"tsˈ","ts̓","Secwepemctsín,St̓át̓imcets"
"tsˈ","ts̕","she shashishalhem"
"tsˈ","ts’","Dakelh,Dane-Ẕaa,Hulʼqʼumiʼnumʼ / Halqʼeméylem / hən̓q̓əmin̓əm̓,Lingít,Nedutʼen / Witsuwitʼen,Nuxalk,Tāłtān,Tseʼkhene,Tsilhqotʼin"
"ts̒","ts'","Dakelh,Dene Kʼe,Gitxsanimx̱-Gitsenimx̱-Gyaanimx̱,Hulʼqʼumiʼnumʼ / Halqʼeméylem / hən̓q̓əmin̓əm̓,Nedutʼen / Witsuwitʼen,Nisg̱aʼa,Sgüüx̱s,Sm'algya̱x,Tseʼkhene,X̱aad Kil / X̱aayda Kil"
"ts̒","tsʼ","Danezāgéʼ,Southern Tutchone"
"ts̒","tsˈ","Sm'algya̱x"
"ts̒","ts̓","Secwepemctsín,St̓át̓imcets"
"ts̒","ts̕","she shashishalhem"
"ts̒","ts’","Dakelh,Dane-Ẕaa,Hulʼqʼumiʼnumʼ / Halqʼeméylem / hən̓q̓əmin̓əm̓,Lingít,Nedutʼen / Witsuwitʼen,Nuxalk,Tāłtān,Tseʼkhene,Tsilhqotʼin"
"ts̓","ts'","Dakelh,Dene Kʼe,Gitxsanimx̱-Gitsenimx̱-Gyaanimx̱,Hulʼqʼumiʼnumʼ / Halqʼeméylem / hən̓q̓əmin̓əm̓,Nedutʼen / Witsuwitʼen,Nisg̱aʼa,Sgüüx̱s,Sm'algya̱x,Tseʼkhene,X̱aad Kil / X̱aayda Kil"
"ts̓","tsʼ","Danezāgéʼ,Southern Tutchone"
"ts̓","tsˈ","Sm'algya̱x"
"ts̓","ts̕","she shashishalhem"
"ts̓","ts’","Dakelh,Dane-Ẕaa,Hulʼqʼumiʼnumʼ / Halqʼeméylem / hən̓q̓əmin̓əm̓,Lingít,Nedutʼen / Witsuwitʼen,Nuxalk,Tāłtān,Tseʼkhene,Tsilhqotʼin"
"ts̔","ts'","Dakelh,Dene Kʼe,Gitxsanimx̱-Gitsenimx̱-Gyaanimx̱,Hulʼqʼumiʼnumʼ / Halqʼeméylem / hən̓q̓əmin̓əm̓,Nedutʼen / Witsuwitʼen,Nisg̱aʼa,Sgüüx̱s,Sm'algya̱x,Tseʼkhene,X̱aad Kil / X̱aayda Kil"
"ts̔","tsʼ","Danezāgéʼ,Southern Tutchone"
"ts̔","tsˈ","Sm'algya̱x"
"ts̔","ts̓","Secwepemctsín,St̓át̓imcets"
"ts̔","ts̕","she shashishalhem"
"ts̔","ts’","Dakelh,Dane-Ẕaa,Hulʼqʼumiʼnumʼ / Halqʼeméylem / hən̓q̓əmin̓əm̓,Lingít,Nedutʼen / Witsuwitʼen,Nuxalk,Tāłtān,Tseʼkhene,Tsilhqotʼin"
"ts̕","ts'","Dakelh,Dene Kʼe,Gitxsanimx̱-Gitsenimx̱-Gyaanimx̱,Hulʼqʼumiʼnumʼ / Halqʼeméylem / hən̓q̓əmin̓əm̓,Nedutʼen / Witsuwitʼen,Nisg̱aʼa,Sgüüx̱s,Sm'algya̱x,Tseʼkhene,X̱aad Kil / X̱aayda Kil"
"ts̕","tsʼ","Danezāgéʼ,Southern Tutchone"
"ts̕","tsˈ","Sm'algya̱x"
"ts̕","ts̓","Secwepemctsín,St̓át̓imcets"
"ts̕","ts’","Dakelh,Dane-Ẕaa,Hulʼqʼumiʼnumʼ / Halqʼeméylem / hən̓q̓əmin̓əm̓,Lingít,Nedutʼen / Witsuwitʼen,Nuxalk,Tāłtān,Tseʼkhene,Tsilhqotʼin"
"ts̠","ts̱","Tāłtān"
"ts̠'","ts̱’","Tāłtān"
"ts̠ʼ","ts̱’","Tāłtān"
"ts̠՚","ts̱’","Tāłtān"
"ts̠＇","ts̱’","Tāłtān"
"ts̱'","ts̱’","Tāłtān"
"ts̱ʼ","ts̱’","Tāłtān"
"ts̱՚","ts̱’","Tāłtān"
"ts̱＇","ts̱’","Tāłtān"
"ts̲","ts̱","Tāłtān"
"ts̲'","ts̱’","Tāłtān"
"ts̲ʼ","ts̱’","Tāłtān"
"ts̲՚","ts̱’","Tāłtān"
"ts̲＇","ts̱’","Tāłtān"
"ts՚","ts'","Dakelh,Dene Kʼe,Gitxsanimx̱-Gitsenimx̱-Gyaanimx̱,Hulʼqʼumiʼnumʼ / Halqʼeméylem / hən̓q̓əmin̓əm̓,Nedutʼen / Witsuwitʼen,Nisg̱aʼa,Sgüüx̱s,Sm'algya̱x,Tseʼkhene,X̱aad Kil / X̱aayda Kil"
"ts՚","tsʼ","Danezāgéʼ,Southern Tutchone"
"ts՚","tsˈ","Sm'algya̱x"
"ts՚","ts̓","Secwepemctsín,St̓át̓imcets"
"ts՚","ts̕","she shashishalhem"
"ts՚","ts’","Dakelh,Dane-Ẕaa,Hulʼqʼumiʼnumʼ / Halqʼeméylem / hən̓q̓əmin̓əm̓,Lingít,Nedutʼen / Witsuwitʼen,Nuxalk,Tāłtān,Tseʼkhene,Tsilhqotʼin"
"ts’","ts'","Dakelh,Dene Kʼe,Gitxsanimx̱-Gitsenimx̱-Gyaanimx̱,Hulʼqʼumiʼnumʼ / Halqʼeméylem / hən̓q̓əmin̓əm̓,Nedutʼen / Witsuwitʼen,Nisg̱aʼa,Sgüüx̱s,Sm'algya̱x,Tseʼkhene,X̱aad Kil / X̱aayda Kil"
"ts’","tsʼ","Danezāgéʼ,Southern Tutchone"
"ts’","tsˈ","Sm'algya̱x"
"ts’","ts̓","Secwepemctsín,St̓át̓imcets"
"ts’","ts̕","she shashishalhem"
"ts＇","ts'","Dakelh,Dene Kʼe,Gitxsanimx̱-Gitsenimx̱-Gyaanimx̱,Hulʼqʼumiʼnumʼ / Halqʼeméylem / hən̓q̓əmin̓əm̓,Nedutʼen / Witsuwitʼen,Nisg̱aʼa,Sgüüx̱s,Sm'algya̱x,Tseʼkhene,X̱aad Kil / X̱aayda Kil"
"ts＇","ts̓","Secwepemctsín"
"ts＇","ts’","Dakelh,Dane-Ẕaa,Hulʼqʼumiʼnumʼ / Halqʼeméylem / hən̓q̓əmin̓əm̓,Nedutʼen / Witsuwitʼen,Nuxalk,Tāłtān,Tseʼkhene,Tsilhqotʼin"
"tth'","tthʼ","Southern Tutchone"
"tth'","tth’","Hulʼqʼumiʼnumʼ / Halqʼeméylem / hən̓q̓əmin̓əm̓"
"tthʼ","tth'","Hulʼqʼumiʼnumʼ / Halqʼeméylem / hən̓q̓əmin̓əm̓"
"tthʼ","tth’","Hulʼqʼumiʼnumʼ / Halqʼeméylem / hən̓q̓əmin̓əm̓"
"tthˈ","tth'","Hulʼqʼumiʼnumʼ / Halqʼeméylem / hən̓q̓əmin̓əm̓"
"tthˈ","tthʼ","Southern Tutchone"
"tthˈ","tth’","Hulʼqʼumiʼnumʼ / Halqʼeméylem / hən̓q̓əmin̓əm̓"
"tth̒","tth'","Hulʼqʼumiʼnumʼ / Halqʼeméylem / hən̓q̓əmin̓əm̓"
"tth̒","tthʼ","Southern Tutchone"
"tth̒","tth’","Hulʼqʼumiʼnumʼ / Halqʼeméylem / hən̓q̓əmin̓əm̓"
"tth̓","tth'","Hulʼqʼumiʼnumʼ / Halqʼeméylem / hən̓q̓əmin̓əm̓"
"tth̓","tthʼ","Southern Tutchone"
"tth̓","tth’","Hulʼqʼumiʼnumʼ / Halqʼeméylem / hən̓q̓əmin̓əm̓"
"tth̔","tth'","Hulʼqʼumiʼnumʼ / Halqʼeméylem / hən̓q̓əmin̓əm̓"
"tth̔","tthʼ","Southern Tutchone"
"tth̔","tth’","Hulʼqʼumiʼnumʼ / Halqʼeméylem / hən̓q̓əmin̓əm̓"
"tth̕","tth'","Hulʼqʼumiʼnumʼ / Halqʼeméylem / hən̓q̓əmin̓əm̓"
"tth̕","tthʼ","Southern Tutchone"
"tth̕","tth’","Hulʼqʼumiʼnumʼ / Halqʼeméylem / hən̓q̓əmin̓əm̓"
"tth՚","tth'","Hulʼqʼumiʼnumʼ / Halqʼeméylem / hən̓q̓əmin̓əm̓"
"tth՚","tthʼ","Southern Tutchone"
"tth՚","tth’","Hulʼqʼumiʼnumʼ / Halqʼeméylem / hən̓q̓əmin̓əm̓"
"tth’","tth'","Hulʼqʼumiʼnumʼ / Halqʼeméylem / hən̓q̓əmin̓əm̓"
"tth’","tthʼ","Southern Tutchone"
"tth＇","tth'","Hulʼqʼumiʼnumʼ / Halqʼeméylem / hən̓q̓əmin̓əm̓"
"tth＇","tthʼ","Southern Tutchone"
"tth＇","tth’","Hulʼqʼumiʼnumʼ / Halqʼeméylem / hən̓q̓əmin̓əm̓"
"tł","tł","kwakiutl,Kwak̕wala"
"tłʼ","tł'","Dene Kʼe"
"tłˈ","tł'","Dene Kʼe"
"tł̒","tł'","Dene Kʼe"
"tł̔","tł'","Dene Kʼe"
"tł̕","tł'","Dene Kʼe"
"tł՚","tł'","Dene Kʼe"
"tł’","tł'","Dene Kʼe"
"tł＇","tł'","Dene Kʼe"
"tś","ts̓","Secwepemctsín,St̓át̓imcets"
"tŝ'","tŝ’","Tsilhqotʼin"
"tŝʼ","tŝ’","Tsilhqotʼin"
"tŝˈ","tŝ’","Tsilhqotʼin"
"tŝ̒","tŝ’","Tsilhqotʼin"
"tŝ̓","tŝ’","Tsilhqotʼin"
"tŝ̔","tŝ’","Tsilhqotʼin"
"tŝ̕","tŝ’","Tsilhqotʼin"
"tŝ՚","tŝ’","Tsilhqotʼin"
"tŝ＇","tŝ’","Tsilhqotʼin"
"tʼ","t'","Dakelh,Dene Kʼe,Gitxsanimx̱-Gitsenimx̱-Gyaanimx̱,Hulʼqʼumiʼnumʼ / Halqʼeméylem / hən̓q̓əmin̓əm̓,Nedutʼen / Witsuwitʼen,Nisg̱aʼa,Sgüüx̱s,Sm'algya̱x,Tseʼkhene,X̱aad Kil / X̱aayda Kil"
"tʼ","tˈ","Sm'algya̱x"
"tʼ","t̓","diitiidʔaaʔtx̣,Nsyilxcən,nuučaan̓uł,Secwepemctsín"
"tʼ","t̕","Ktunaxa,she shashishalhem"
"tʼ","t’","Dakelh,Dane-Ẕaa,Hulʼqʼumiʼnumʼ / Halqʼeméylem / hən̓q̓əmin̓əm̓,Nedutʼen / Witsuwitʼen,Nuxalk,Tāłtān,Tseʼkhene,Tsilhqotʼin"
"tʼl̷","t̕ł","kwakiutl,Kwak̕wala"
"tʼl̸","t̕ł","kwakiutl,Kwak̕wala"
"tʼs","t̕s","kwakiutl,Kwak̕wala"
"tʼł","t̕ł","kwakiutl,Kwak̕wala"
"tˈ","t'","Dakelh,Dene Kʼe,Gitxsanimx̱-Gitsenimx̱-Gyaanimx̱,Hulʼqʼumiʼnumʼ / Halqʼeméylem / hən̓q̓əmin̓əm̓,Nedutʼen / Witsuwitʼen,Nisg̱aʼa,Sgüüx̱s,Sm'algya̱x,Tseʼkhene,X̱aad Kil / X̱aayda Kil"
"tˈ","tʼ","Danezāgéʼ,Southern Tutchone"
"tˈ","t̓","Nsyilxcən"
"tˈ","t’","Dakelh,Dane-Ẕaa,Hulʼqʼumiʼnumʼ / Halqʼeméylem / hən̓q̓əmin̓əm̓,Nedutʼen / Witsuwitʼen,Nuxalk,Tāłtān,Tseʼkhene,Tsilhqotʼin"
"t̀","t̓","St̓át̓imcets,ʼWuik̓ala"
"t́","t̓","Hulʼqʼumiʼnumʼ / Halqʼeméylem / hən̓q̓əmin̓əm̓,kwakiutl,Kwak̕wala,nuučaan̓uł,Secwepemctsín,SENĆOŦEN / Malchosen / Lekwungen / Semiahmoo / TʼSou-ke,St̓át̓imcets"
"t́ᶿ","t̓ᶿ","Éy7á7juuthem"
"t̍","t̓","diitiidʔaaʔtx̣,Éy7á7juuthem,Haíɫzaqvḷa,Hulʼqʼumiʼnumʼ / Halqʼeméylem / hən̓q̓əmin̓əm̓,kwakiutl,Kwak̕wala,kyuquot-checleseht,Nɬeʔkepmxcín,Nsyilxcən,nuučaan̓uł,Secwepemctsín,SENĆOŦEN / Malchosen / Lekwungen / Semiahmoo / TʼSou-ke,St̓át̓imcets,X̄enaksialak̓ala / X̄aʼislak̓ala,ʼWuik̓ala"
"t̍","t̕","Ktunaxa,she shashishalhem"
"t̍ᶿ","t̓ᶿ","Éy7á7juuthem,Hulʼqʼumiʼnumʼ / Halqʼeméylem / hən̓q̓əmin̓əm̓"
"t̒","t'","Dakelh,Dene Kʼe,Gitxsanimx̱-Gitsenimx̱-Gyaanimx̱,Hulʼqʼumiʼnumʼ / Halqʼeméylem / hən̓q̓əmin̓əm̓,Nedutʼen / Witsuwitʼen,Nisg̱aʼa,Sgüüx̱s,Sm'algya̱x,Tseʼkhene,X̱aad Kil / X̱aayda Kil"
"t̒","tʼ","Danezāgéʼ,Southern Tutchone"
"t̒","tˈ","Sm'algya̱x"
"t̒","t̓","diitiidʔaaʔtx̣,Éy7á7juuthem,Haíɫzaqvḷa,Hulʼqʼumiʼnumʼ / Halqʼeméylem / hən̓q̓əmin̓əm̓,kwakiutl,Kwak̕wala,kyuquot-checleseht,Nɬeʔkepmxcín,Nsyilxcən,nuučaan̓uł,Secwepemctsín,SENĆOŦEN / Malchosen / Lekwungen / Semiahmoo / TʼSou-ke,St̓át̓imcets,X̄enaksialak̓ala / X̄aʼislak̓ala,ʼWuik̓ala"
"t̒","t̕","Ktunaxa,she shashishalhem"
"t̒","t’","Dakelh,Dane-Ẕaa,Hulʼqʼumiʼnumʼ / Halqʼeméylem / hən̓q̓əmin̓əm̓,Nedutʼen / Witsuwitʼen,Nuxalk,Tāłtān,Tseʼkhene,Tsilhqotʼin"
"t̒ᶿ","t̓ᶿ","Éy7á7juuthem,Hulʼqʼumiʼnumʼ / Halqʼeméylem / hən̓q̓əmin̓əm̓"
"t̓","t'","Dakelh,Dene Kʼe,Gitxsanimx̱-Gitsenimx̱-Gyaanimx̱,Hulʼqʼumiʼnumʼ / Halqʼeméylem / hən̓q̓əmin̓əm̓,Nedutʼen / Witsuwitʼen,Nisg̱aʼa,Sgüüx̱s,Sm'algya̱x,Tseʼkhene,X̱aad Kil / X̱aayda Kil"
"t̓","tʼ","Danezāgéʼ,Southern Tutchone"
"t̓","tˈ","Sm'algya̱x"
"t̓","t̓","Hulʼqʼumiʼnumʼ / Halqʼeméylem / hən̓q̓əmin̓əm̓,kwakiutl,Kwak̕wala"
"t̓","t̕","Ktunaxa,she shashishalhem"
"t̓","t’","Dakelh,Dane-Ẕaa,Hulʼqʼumiʼnumʼ / Halqʼeméylem / hən̓q̓əmin̓əm̓,Nedutʼen / Witsuwitʼen,Nuxalk,Tāłtān,Tseʼkhene,Tsilhqotʼin"
"t̓h","t̓h","Hulʼqʼumiʼnumʼ / Halqʼeméylem / hən̓q̓əmin̓əm̓"
"t̓l","t̓l","Hulʼqʼumiʼnumʼ / Halqʼeméylem / hən̓q̓əmin̓əm̓"
"t̓ᶿ","t̓ᶿ","Hulʼqʼumiʼnumʼ / Halqʼeméylem / hən̓q̓əmin̓əm̓"
"t̔","t'","Dakelh,Dene Kʼe,Gitxsanimx̱-Gitsenimx̱-Gyaanimx̱,Hulʼqʼumiʼnumʼ / Halqʼeméylem / hən̓q̓əmin̓əm̓,Nedutʼen / Witsuwitʼen,Nisg̱aʼa,Sgüüx̱s,Sm'algya̱x,Tseʼkhene,X̱aad Kil / X̱aayda Kil"
"t̔","tʼ","Danezāgéʼ,Southern Tutchone"
"t̔","tˈ","Sm'algya̱x"
"t̔","t̓","diitiidʔaaʔtx̣,Éy7á7juuthem,Haíɫzaqvḷa,Hulʼqʼumiʼnumʼ / Halqʼeméylem / hən̓q̓əmin̓əm̓,kwakiutl,Kwak̕wala,kyuquot-checleseht,Nɬeʔkepmxcín,Nsyilxcən,nuučaan̓uł,Secwepemctsín,SENĆOŦEN / Malchosen / Lekwungen / Semiahmoo / TʼSou-ke,St̓át̓imcets,X̄enaksialak̓ala / X̄aʼislak̓ala,ʼWuik̓ala"
"t̔","t̕","Ktunaxa,she shashishalhem"
"t̔","t’","Dakelh,Dane-Ẕaa,Hulʼqʼumiʼnumʼ / Halqʼeméylem / hən̓q̓əmin̓əm̓,Nedutʼen / Witsuwitʼen,Nuxalk,Tāłtān,Tseʼkhene,Tsilhqotʼin"
"t̔l̷","t̕ł","kwakiutl,Kwak̕wala"
"t̔l̸","t̕ł","kwakiutl,Kwak̕wala"
"t̔s","t̕s","kwakiutl,Kwak̕wala"
"t̔ł","t̕ł","kwakiutl,Kwak̕wala"
"t̔ᶿ","t̓ᶿ","Éy7á7juuthem,Hulʼqʼumiʼnumʼ / Halqʼeméylem / hən̓q̓əmin̓əm̓"
"t̕","t'","Dakelh,Dene Kʼe,Gitxsanimx̱-Gitsenimx̱-Gyaanimx̱,Hulʼqʼumiʼnumʼ / Halqʼeméylem / hən̓q̓əmin̓əm̓,Nedutʼen / Witsuwitʼen,Nisg̱aʼa,Sgüüx̱s,Sm'algya̱x,Tseʼkhene,X̱aad Kil / X̱aayda Kil"
"t̕","tʼ","Danezāgéʼ,Southern Tutchone"
"t̕","tˈ","Sm'algya̱x"
"t̕","t̓","diitiidʔaaʔtx̣,Éy7á7juuthem,Haíɫzaqvḷa,Hulʼqʼumiʼnumʼ / Halqʼeméylem / hən̓q̓əmin̓əm̓,kwakiutl,Kwak̕wala,kyuquot-checleseht,Nɬeʔkepmxcín,Nsyilxcən,nuučaan̓uł,Secwepemctsín,SENĆOŦEN / Malchosen / Lekwungen / Semiahmoo / TʼSou-ke,St̓át̓imcets,X̄enaksialak̓ala / X̄aʼislak̓ala,ʼWuik̓ala"
"t̕","t’","Dakelh,Dane-Ẕaa,Hulʼqʼumiʼnumʼ / Halqʼeméylem / hən̓q̓əmin̓əm̓,Nedutʼen / Witsuwitʼen,Nuxalk,Tāłtān,Tseʼkhene,Tsilhqotʼin"
"t̕l̷","t̕ł","kwakiutl,Kwak̕wala"
"t̕l̸","t̕ł","kwakiutl,Kwak̕wala"
"t̕s","t̕s","kwakiutl,Kwak̕wala"
"t̕ł","t̕ł","kwakiutl,Kwak̕wala"
"t̕ᶿ","t̓ᶿ","Éy7á7juuthem,Hulʼqʼumiʼnumʼ / Halqʼeméylem / hən̓q̓əmin̓əm̓"
"t̠s̠","t̲s̲","Dakelh,Dane-Ẕaa,St̓át̓imcets"
"t̠s̱","t̲s̲","Dakelh,Dane-Ẕaa,St̓át̓imcets"
"t̲s̱","t̲s̲","St̓át̓imcets"
"t̲s̲'","t̲s̲’","Dakelh,Dane-Ẕaa"
"t̲s̲ʼ","t̲s̲'","Dakelh"
"t̲s̲ʼ","t̲s̲’","Dakelh,Dane-Ẕaa"
"t̲s̲ˈ","t̲s̲'","Dakelh"
"t̲s̲ˈ","t̲s̲’","Dakelh,Dane-Ẕaa"
"t̲s̲̒","t̲s̲'","Dakelh"
"t̲s̲̒","t̲s̲’","Dakelh,Dane-Ẕaa"
"t̲s̲̓","t̲s̲'","Dakelh"
"t̲s̲̓","t̲s̲’","Dakelh,Dane-Ẕaa"
"t̲s̲̔","t̲s̲'","Dakelh"
"t̲s̲̔","t̲s̲’","Dakelh,Dane-Ẕaa"
"t̲s̲̕","t̲s̲'","Dakelh"
"t̲s̲̕","t̲s̲’","Dakelh,Dane-Ẕaa"
"t̲s̲՚","t̲s̲'","Dakelh"
"t̲s̲՚","t̲s̲’","Dakelh,Dane-Ẕaa"
"t̲s̲’","t̲s̲'","Dakelh"
"t̲s̲＇","t̲s̲'","Dakelh"
"t̲s̲＇","t̲s̲’","Dakelh,Dane-Ẕaa"
"t՚","t'","Dakelh,Dene Kʼe,Gitxsanimx̱-Gitsenimx̱-Gyaanimx̱,Hulʼqʼumiʼnumʼ / Halqʼeméylem / hən̓q̓əmin̓əm̓,Nedutʼen / Witsuwitʼen,Nisg̱aʼa,Sgüüx̱s,Sm'algya̱x,Tseʼkhene,X̱aad Kil / X̱aayda Kil"
"t՚","tʼ","Danezāgéʼ,Southern Tutchone"
"t՚","tˈ","Sm'algya̱x"
"t՚","t̓","diitiidʔaaʔtx̣,Nsyilxcən,nuučaan̓uł,Secwepemctsín"
"t՚","t̕","Ktunaxa,she shashishalhem"
"t՚","t’","Dakelh,Dane-Ẕaa,Hulʼqʼumiʼnumʼ / Halqʼeméylem / hən̓q̓əmin̓əm̓,Nedutʼen / Witsuwitʼen,Nuxalk,Tāłtān,Tseʼkhene,Tsilhqotʼin"
"t՚l̷","t̕ł","kwakiutl,Kwak̕wala"
"t՚l̸","t̕ł","kwakiutl,Kwak̕wala"
"t՚s","t̕s","kwakiutl,Kwak̕wala"
"t՚ł","t̕ł","kwakiutl,Kwak̕wala"
"tᶿ̓","t̓ᶿ","Éy7á7juuthem"
"t’","t'","Dakelh,Dene Kʼe,Gitxsanimx̱-Gitsenimx̱-Gyaanimx̱,Hulʼqʼumiʼnumʼ / Halqʼeméylem / hən̓q̓əmin̓əm̓,Nedutʼen / Witsuwitʼen,Nisg̱aʼa,Sgüüx̱s,Sm'algya̱x,Tseʼkhene,X̱aad Kil / X̱aayda Kil"
"t’","tʼ","Danezāgéʼ,Southern Tutchone"
"t’","t̓","diitiidʔaaʔtx̣,Hulʼqʼumiʼnumʼ / Halqʼeméylem / hən̓q̓əmin̓əm̓,kwakiutl,Kwak̕wala,Nsyilxcən,nuučaan̓uł,Secwepemctsín,SENĆOŦEN / Malchosen / Lekwungen / Semiahmoo / TʼSou-ke,St̓át̓imcets"
"t’","t̕","Ktunaxa,she shashishalhem"
"t’l̷","t̕ł","kwakiutl,Kwak̕wala"
"t’l̸","t̕ł","kwakiutl,Kwak̕wala"
"t’s","t̕s","kwakiutl,Kwak̕wala"
"t’ł","t̕ł","kwakiutl,Kwak̕wala"
"t＇","t'","Dakelh,Dene Kʼe,Gitxsanimx̱-Gitsenimx̱-Gyaanimx̱,Hulʼqʼumiʼnumʼ / Halqʼeméylem / hən̓q̓əmin̓əm̓,Nedutʼen / Witsuwitʼen,Nisg̱aʼa,Sgüüx̱s,Sm'algya̱x,Tseʼkhene,X̱aad Kil / X̱aayda Kil"
"t＇","tʼ","Danezāgéʼ,Southern Tutchone"
"t＇","tˈ","Sm'algya̱x"
"t＇","t̓","Nsyilxcən"
"t＇","t’","Dakelh,Dane-Ẕaa,Hulʼqʼumiʼnumʼ / Halqʼeméylem / hən̓q̓əmin̓əm̓,Nedutʼen / Witsuwitʼen,Nuxalk,Tāłtān,Tseʼkhene,Tsilhqotʼin"
"u","u","Dakelh,Hulʼqʼumiʼnumʼ / Halqʼeméylem / hən̓q̓əmin̓əm̓,kwakiutl,Kwak̕wala,Sgüüx̱s"
"u'","u’","Dakelh"
"u'u","uˈu","Sm'algya̱x"
"u:","u:","Hulʼqʼumiʼnumʼ / Halqʼeméylem / hən̓q̓əmin̓əm̓"
"u_","u̱","Tseʼkhene"
"uu","uu","Sgüüx̱s"
"u¯","ū","Danezāgéʼ,Southern Tutchone,Tāłtān"
"uʼ","u̓","Haíɫzaqvḷa"
"uʼ","u’","Dakelh"
"uʼu","uˈu","Sm'algya̱x"
"uˈ","u̓","Haíɫzaqvḷa"
"uˈ","u’","Dakelh"
"u˸","u:","Hulʼqʼumiʼnumʼ / Halqʼeméylem / hən̓q̓əmin̓əm̓"
"u̅","ū","Danezāgéʼ,Southern Tutchone,Tāłtān"
"u̒","u̓","Haíɫzaqvḷa"
"u̒","u’","Dakelh"
"u̓","u’","Dakelh"
"u̓","ú","Secwepemctsín"
"u̔","u̓","Haíɫzaqvḷa"
"u̔","u’","Dakelh"
"u̕","u̓","Haíɫzaqvḷa"
"u̕","u’","Dakelh"
"u̕u","uˈu","Sm'algya̱x"
"u̠","u̱","Tseʼkhene"
"u̠","u̲","Dakelh"
"u̱","u̲","Dakelh"
"u̲","u̱","Tseʼkhene"
"u՚","u̓","Haíɫzaqvḷa"
"u՚","u’","Dakelh"
"u՚u","uˈu","Sm'algya̱x"
"u’","u̓","Haíɫzaqvḷa"
"u‾","ū","Danezāgéʼ,Southern Tutchone,Tāłtān"
"u꞉","u:","Hulʼqʼumiʼnumʼ / Halqʼeméylem / hən̓q̓əmin̓əm̓"
"u︤","ū","Danezāgéʼ,Southern Tutchone,Tāłtān"
"u︥","ū","Danezāgéʼ,Southern Tutchone,Tāłtān"
"u＇","u’","Dakelh"
"u＇u","uˈu","Sm'algya̱x"
"u：","u:","Hulʼqʼumiʼnumʼ / Halqʼeméylem / hən̓q̓əmin̓əm̓"
"v̍","v́","St̓át̓imcets"
"v̓","v́","St̓át̓imcets"
"w","w","Dakelh,Hulʼqʼumiʼnumʼ / Halqʼeméylem / hən̓q̓əmin̓əm̓,kwakiutl,Kwak̕wala,Sgüüx̱s"
"w'","w̓","Secwepemctsín"
"w_u_h_","w̲u̲h̲","Nɬeʔkepmxcín"
"wh","wh","Dakelh"
"wʼ","w'","Dene Kʼe"
"wʼ","w̓","Nsyilxcən,nuučaan̓uł"
"wˈ","w'","Dene Kʼe"
"wˈ","w̓","Nsyilxcən,nuučaan̓uł"
"w̍","w̓","diitiidʔaaʔtx̣,Éy7á7juuthem,Haíɫzaqvḷa,Hulʼqʼumiʼnumʼ / Halqʼeméylem / hən̓q̓əmin̓əm̓,Kwak̕wala,kyuquot-checleseht,Nisg̱aʼa,Nɬeʔkepmxcín,nuučaan̓uł,Secwepemctsín,St̓át̓imcets,X̄enaksialak̓ala / X̄aʼislak̓ala,ʼWuik̓ala"
"w̒","w'","Dene Kʼe"
"w̒","w̓","diitiidʔaaʔtx̣,Éy7á7juuthem,Haíɫzaqvḷa,Hulʼqʼumiʼnumʼ / Halqʼeméylem / hən̓q̓əmin̓əm̓,Kwak̕wala,kyuquot-checleseht,Nisg̱aʼa,Nɬeʔkepmxcín,Nsyilxcən,nuučaan̓uł,Secwepemctsín,St̓át̓imcets,X̄enaksialak̓ala / X̄aʼislak̓ala,ʼWuik̓ala"
"w̓","w'","Dene Kʼe"
"w̓","w̓","Hulʼqʼumiʼnumʼ / Halqʼeméylem / hən̓q̓əmin̓əm̓"
"w̔","w'","Dene Kʼe"
"w̔","w̓","diitiidʔaaʔtx̣,Éy7á7juuthem,Haíɫzaqvḷa,Hulʼqʼumiʼnumʼ / Halqʼeméylem / hən̓q̓əmin̓əm̓,Kwak̕wala,kyuquot-checleseht,Nisg̱aʼa,Nɬeʔkepmxcín,Nsyilxcən,nuučaan̓uł,Secwepemctsín,St̓át̓imcets,X̄enaksialak̓ala / X̄aʼislak̓ala,ʼWuik̓ala"
"w̕","w'","Dene Kʼe"
"w̕","w̓","diitiidʔaaʔtx̣,Éy7á7juuthem,Haíɫzaqvḷa,Hulʼqʼumiʼnumʼ / Halqʼeméylem / hən̓q̓əmin̓əm̓,Kwak̕wala,kyuquot-checleseht,Nisg̱aʼa,Nɬeʔkepmxcín,Nsyilxcən,nuučaan̓uł,Secwepemctsín,St̓át̓imcets,X̄enaksialak̓ala / X̄aʼislak̓ala,ʼWuik̓ala"
"w̠u̠h̠","w̲u̲h̲","Nɬeʔkepmxcín"
"w̱u̱ẖ","w̲u̲h̲","Nɬeʔkepmxcín"
"w՚","w'","Dene Kʼe"
"w՚","w̓","Nsyilxcən,nuučaan̓uł"
"w’","w'","Dene Kʼe"
"w’","w̓","Hulʼqʼumiʼnumʼ / Halqʼeméylem / hən̓q̓əmin̓əm̓,Nsyilxcən,nuučaan̓uł,Secwepemctsín,St̓át̓imcets"
"w＇","w'","Dene Kʼe"
"x","x","Hulʼqʼumiʼnumʼ / Halqʼeméylem / hən̓q̓əmin̓əm̓,kwakiutl,Kwak̕wala,Sgüüx̱s"
"x'","x’","Lingít"
"x_","x̱","Gitxsanimx̱-Gitsenimx̱-Gyaanimx̱,Hulʼqʼumiʼnumʼ / Halqʼeméylem / hən̓q̓əmin̓əm̓,kwakiutl,Kwak̕wala,Lingít,Nisg̱aʼa,Sgüüx̱s,she shashishalhem,X̱aad Kil / X̱aayda Kil"
"x_'","x̱’","Lingít"
"x_w","x̱w","Hulʼqʼumiʼnumʼ / Halqʼeméylem / hən̓q̓əmin̓əm̓,kwakiutl,Kwak̕wala,she shashishalhem"
"xw","xw","Hulʼqʼumiʼnumʼ / Halqʼeméylem / hən̓q̓əmin̓əm̓,kwakiutl,Kwak̕wala,Sgüüx̱s"
"xwʼ","xw'","Hulʼqʼumiʼnumʼ / Halqʼeméylem / hən̓q̓əmin̓əm̓"
"xwˈ","xw'","Hulʼqʼumiʼnumʼ / Halqʼeméylem / hən̓q̓əmin̓əm̓"
"xw̒","xw'","Hulʼqʼumiʼnumʼ / Halqʼeméylem / hən̓q̓əmin̓əm̓"
"xw̓","xw'","Hulʼqʼumiʼnumʼ / Halqʼeméylem / hən̓q̓əmin̓əm̓"
"xw̔","xw'","Hulʼqʼumiʼnumʼ / Halqʼeméylem / hən̓q̓əmin̓əm̓"
"xw̕","xw'","Hulʼqʼumiʼnumʼ / Halqʼeméylem / hən̓q̓əmin̓əm̓"
"xw՚","xw'","Hulʼqʼumiʼnumʼ / Halqʼeméylem / hən̓q̓əmin̓əm̓"
"xw’","xw'","Hulʼqʼumiʼnumʼ / Halqʼeméylem / hən̓q̓əmin̓əm̓"
"xy","xy","Sgüüx̱s"
"x¯","x̄","X̄enaksialak̓ala / X̄aʼislak̓ala"
"x¯°","x̄°","X̄enaksialak̓ala / X̄aʼislak̓ala"
"xʷ","xʷ","Hulʼqʼumiʼnumʼ / Halqʼeméylem / hən̓q̓əmin̓əm̓"
"x̅","x̄","X̄enaksialak̓ala / X̄aʼislak̓ala"
"x̅°","x̄°","X̄enaksialak̓ala / X̄aʼislak̓ala"
"x̌","x̌","Hulʼqʼumiʼnumʼ / Halqʼeméylem / hən̓q̓əmin̓əm̓"
"x̌w","x̌w","Hulʼqʼumiʼnumʼ / Halqʼeméylem / hən̓q̓əmin̓əm̓"
"x̌ʷ","x̌ʷ","Hulʼqʼumiʼnumʼ / Halqʼeméylem / hən̓q̓əmin̓əm̓"
"x̠","x̱","Gitxsanimx̱-Gitsenimx̱-Gyaanimx̱,Hulʼqʼumiʼnumʼ / Halqʼeméylem / hən̓q̓əmin̓əm̓,kwakiutl,Kwak̕wala,Lingít,Nisg̱aʼa,Sgüüx̱s,she shashishalhem,X̱aad Kil / X̱aayda Kil"
"x̠'","x̱’","Lingít"
"x̠w","x̱w","Hulʼqʼumiʼnumʼ / Halqʼeméylem / hən̓q̓əmin̓əm̓,kwakiutl,Kwak̕wala,she shashishalhem"
"x̱","x̱","kwakiutl,Kwak̕wala,Sgüüx̱s"
"x̱w","x̱w","kwakiutl,Kwak̕wala,Sgüüx̱s"
"x̲","x̱","Gitxsanimx̱-Gitsenimx̱-Gyaanimx̱,Hulʼqʼumiʼnumʼ / Halqʼeméylem / hən̓q̓əmin̓əm̓,kwakiutl,Kwak̕wala,Nisg̱aʼa,Sgüüx̱s,she shashishalhem,X̱aad Kil / X̱aayda Kil"
"x̲","x̱’","Lingít"
"x̲'","x̱’","Lingít"
"x̲w","x̱w","Hulʼqʼumiʼnumʼ / Halqʼeméylem / hən̓q̓əmin̓əm̓,kwakiutl,Kwak̕wala,she shashishalhem"
"x‾","x̄","X̄enaksialak̓ala / X̄aʼislak̓ala"
"x‾°","x̄°","X̄enaksialak̓ala / X̄aʼislak̓ala"
"x︤","x̄","X̄enaksialak̓ala / X̄aʼislak̓ala"
"x︤°","x̄°","X̄enaksialak̓ala / X̄aʼislak̓ala"
"x︥","x̄","X̄enaksialak̓ala / X̄aʼislak̓ala"
"x︥°","x̄°","X̄enaksialak̓ala / X̄aʼislak̓ala"
"y","y","Dakelh,Hulʼqʼumiʼnumʼ / Halqʼeméylem / hən̓q̓əmin̓əm̓,kwakiutl,Kwak̕wala,Sgüüx̱s"
"y'","y̓","Secwepemctsín"
"yʼ","y̓","Nsyilxcən,nuučaan̓uł"
"yˈ","y̓","Nsyilxcən,nuučaan̓uł"
"y̍","y̓","diitiidʔaaʔtx̣,Éy7á7juuthem,Haíɫzaqvḷa,Hulʼqʼumiʼnumʼ / Halqʼeméylem / hən̓q̓əmin̓əm̓,Kwak̕wala,kyuquot-checleseht,Nisg̱aʼa,Nɬeʔkepmxcín,nuučaan̓uł,Secwepemctsín,St̓át̓imcets,X̄enaksialak̓ala / X̄aʼislak̓ala,ʼWuik̓ala"
"y̒","y̓","diitiidʔaaʔtx̣,Éy7á7juuthem,Haíɫzaqvḷa,Hulʼqʼumiʼnumʼ / Halqʼeméylem / hən̓q̓əmin̓əm̓,Kwak̕wala,kyuquot-checleseht,Nisg̱aʼa,Nɬeʔkepmxcín,Nsyilxcən,nuučaan̓uł,Secwepemctsín,St̓át̓imcets,X̄enaksialak̓ala / X̄aʼislak̓ala,ʼWuik̓ala"
"y̓","y̓","Hulʼqʼumiʼnumʼ / Halqʼeméylem / hən̓q̓əmin̓əm̓"
"y̔","y̓","diitiidʔaaʔtx̣,Éy7á7juuthem,Haíɫzaqvḷa,Hulʼqʼumiʼnumʼ / Halqʼeméylem / hən̓q̓əmin̓əm̓,Kwak̕wala,kyuquot-checleseht,Nisg̱aʼa,Nɬeʔkepmxcín,Nsyilxcən,nuučaan̓uł,Secwepemctsín,St̓át̓imcets,X̄enaksialak̓ala / X̄aʼislak̓ala,ʼWuik̓ala"
"y̕","y̓","diitiidʔaaʔtx̣,Éy7á7juuthem,Haíɫzaqvḷa,Hulʼqʼumiʼnumʼ / Halqʼeméylem / hən̓q̓əmin̓əm̓,Kwak̕wala,kyuquot-checleseht,Nisg̱aʼa,Nɬeʔkepmxcín,Nsyilxcən,nuučaan̓uł,Secwepemctsín,St̓át̓imcets,X̄enaksialak̓ala / X̄aʼislak̓ala,ʼWuik̓ala"
"y՚","y̓","Nsyilxcən,nuučaan̓uł"
"y’","y̓","Nsyilxcən,nuučaan̓uł,Secwepemctsín"
"z","z","Dakelh"
"z_","z̲","Dakelh,Dane-Ẕaa"
"z_","ẕ","Dakelh,Tāłtān,Tseʼkhene"
"zʼ","z̓","Nɬeʔkepmxcín,St̓át̓imcets"
"zˈ","z̓","Nɬeʔkepmxcín,St̓át̓imcets"
"z̒","z̓","Nɬeʔkepmxcín,St̓át̓imcets"
"z̔","z̓","Nɬeʔkepmxcín,St̓át̓imcets"
"z̕","z̓","Nɬeʔkepmxcín,St̓át̓imcets"
"z̠","z̲","Dakelh,Dane-Ẕaa"
"z̠","ẕ","Dakelh,Tāłtān,Tseʼkhene"
"z̲","ẕ","Dakelh,Tāłtān,Tseʼkhene"
"z՚","z̓","Nɬeʔkepmxcín,St̓át̓imcets"
"z’","z̓","Nɬeʔkepmxcín,St̓át̓imcets"
"¢ʼ","¢̕","Ktunaxa"
"¢ˈ","¢̕","Ktunaxa"
"¢̒","¢̕","Ktunaxa"
"¢̓","¢̕","Ktunaxa"
"¢̔","¢̕","Ktunaxa"
"¢՚","¢̕","Ktunaxa"
"¢’","¢̕","Ktunaxa"
"·",".","Lingít"
"Ì","l̓","Nisg̱aʼa,Nɬeʔkepmxcín"
"×","x","X̄enaksialak̓ala / X̄aʼislak̓ala"
"Ü","Ü","Sgüüx̱s"
"Üü","Üü","Sgüüx̱s"
"á","á","Hulʼqʼumiʼnumʼ / Halqʼeméylem / hən̓q̓əmin̓əm̓"
"é","é","Hulʼqʼumiʼnumʼ / Halqʼeméylem / hən̓q̓əmin̓əm̓"
"é¯","ḗ","Danezāgéʼ,Southern Tutchone"
"é̄","ḗ","Danezāgéʼ,Southern Tutchone"
"é̅","ḗ","Danezāgéʼ,Southern Tutchone"
"é‾","ḗ","Danezāgéʼ,Southern Tutchone"
"é︤","ḗ","Danezāgéʼ,Southern Tutchone"
"é︥","ḗ","Danezāgéʼ,Southern Tutchone"
"í","ı́","Dene Kʼe"
"ó¯","ṓ","Danezāgéʼ,Southern Tutchone"
"ó̄","ṓ","Danezāgéʼ,Southern Tutchone"
"ó̅","ṓ","Danezāgéʼ,Southern Tutchone"
"ó‾ṓ","ṓ","Danezāgéʼ,Southern Tutchone"
"ó︤","ṓ","Danezāgéʼ,Southern Tutchone"
"ó︥","ṓ","Danezāgéʼ,Southern Tutchone"
"ü","ü","Sgüüx̱s"
"ü'ü","üˈü","Sm'algya̱x"
"üü","üü","Sgüüx̱s"
"üʼü","üˈü","Sm'algya̱x"
"ü՚ü","üˈü","Sm'algya̱x"
"ü＇ü","üˈü","Sm'algya̱x"
"ý","y̓","Hulʼqʼumiʼnumʼ / Halqʼeméylem / hən̓q̓əmin̓əm̓,nuučaan̓uł,Secwepemctsín,St̓át̓imcets"
"ą̅","ą̄","Danezāgéʼ,Southern Tutchone"
"ą̅́","ą̄́","Danezāgéʼ"
"ą︤","ą̄","Danezāgéʼ,Southern Tutchone"
"ą︤́","ą̄́","Danezāgéʼ"
"ą︥","ą̄","Danezāgéʼ,Southern Tutchone"
"ą︥́","ą̄́","Danezāgéʼ"
"ć","c̓","Nsyilxcən"
"Čʼ","Č̓","SENĆOŦEN / Malchosen / Lekwungen / Semiahmoo / TʼSou-ke"
"Čˈ","Č̓","SENĆOŦEN / Malchosen / Lekwungen / Semiahmoo / TʼSou-ke"
"Č̍","Č̓","SENĆOŦEN / Malchosen / Lekwungen / Semiahmoo / TʼSou-ke"
"Č̒","Č̓","SENĆOŦEN / Malchosen / Lekwungen / Semiahmoo / TʼSou-ke"
"Č̔","Č̓","SENĆOŦEN / Malchosen / Lekwungen / Semiahmoo / TʼSou-ke"
"Č̕","Č̓","SENĆOŦEN / Malchosen / Lekwungen / Semiahmoo / TʼSou-ke"
"Č՚","Č̓","SENĆOŦEN / Malchosen / Lekwungen / Semiahmoo / TʼSou-ke"
"č","č","Hulʼqʼumiʼnumʼ / Halqʼeméylem / hən̓q̓əmin̓əm̓"
"č'","č̓","nuučaan̓uł"
"čʼ","č̓","diitiidʔaaʔtx̣,Éy7á7juuthem,kyuquot-checleseht,nuučaan̓uł,SENĆOŦEN / Malchosen / Lekwungen / Semiahmoo / TʼSou-ke"
"čˈ","č̓","diitiidʔaaʔtx̣,Éy7á7juuthem,kyuquot-checleseht,nuučaan̓uł,SENĆOŦEN / Malchosen / Lekwungen / Semiahmoo / TʼSou-ke"
"č́","č̓","Éy7á7juuthem"
"č̍","č̓","Éy7á7juuthem,kyuquot-checleseht,nuučaan̓uł,SENĆOŦEN / Malchosen / Lekwungen / Semiahmoo / TʼSou-ke"
"č̒","č̓","Éy7á7juuthem,kyuquot-checleseht,nuučaan̓uł,SENĆOŦEN / Malchosen / Lekwungen / Semiahmoo / TʼSou-ke"
"č̔","č̓","Éy7á7juuthem,kyuquot-checleseht,nuučaan̓uł,SENĆOŦEN / Malchosen / Lekwungen / Semiahmoo / TʼSou-ke"
"č̕","č̓","diitiidʔaaʔtx̣,Éy7á7juuthem,kyuquot-checleseht,nuučaan̓uł,SENĆOŦEN / Malchosen / Lekwungen / Semiahmoo / TʼSou-ke"
"č՚","č̓","diitiidʔaaʔtx̣,Éy7á7juuthem,kyuquot-checleseht,nuučaan̓uł,SENĆOŦEN / Malchosen / Lekwungen / Semiahmoo / TʼSou-ke"
"č’","č̓","diitiidʔaaʔtx̣,Éy7á7juuthem,kyuquot-checleseht,nuučaan̓uł,SENĆOŦEN / Malchosen / Lekwungen / Semiahmoo / TʼSou-ke"
"ğ","ǧ","Haíɫzaqvḷa,Kwak̕wala,ʼWuik̓ala"
"ğv","ǧv","Haíɫzaqvḷa"
"ğʷ","ǧʷ","Kwak̕wala"
"ħħ","h̲h̲","Nɬeʔkepmxcín"
"ı","ɩ","Éy7á7juuthem"
"ĺ","l̓","Hulʼqʼumiʼnumʼ / Halqʼeméylem / hən̓q̓əmin̓əm̓,Nɬeʔkepmxcín,Nsyilxcən,Secwepemctsín,St̓át̓imcets"
"Ľ","L̓","St̓át̓imcets"
"ľ","l̓","Hulʼqʼumiʼnumʼ / Halqʼeméylem / hən̓q̓əmin̓əm̓,St̓át̓imcets"
"Ł","Ł","kwakiutl,Kwak̕wala,Sgüüx̱s"
"Ł","Ɬ","Nɬeʔkepmxcín"
"ł","lh","Dane-Ẕaa"
"ł","ł","kwakiutl,Kwak̕wala,Sgüüx̱s"
"ł","ɬ","Nɬeʔkepmxcín,Nsyilxcən"
"ń","n̓","Hulʼqʼumiʼnumʼ / Halqʼeméylem / hən̓q̓əmin̓əm̓,Nsyilxcən,nuučaan̓uł,Secwepemctsín,St̓át̓imcets"
"ŕ","r̓","Secwepemctsín"
"š","š","Hulʼqʼumiʼnumʼ / Halqʼeméylem / hən̓q̓əmin̓əm̓"
"ź","z̓","St̓át̓imcets"
"ź̲","z̲’","Dakelh"
"Ǝ́","Ə́","Nɬeʔkepmxcín"
"Ǝ̣","Ə̣","Nɬeʔkepmxcín"
"Əwʼ","Əw̓","SENĆOŦEN / Malchosen / Lekwungen / Semiahmoo / TʼSou-ke"
"Əwˈ","Əw̓","SENĆOŦEN / Malchosen / Lekwungen / Semiahmoo / TʼSou-ke"
"Əw̒","Əw̓","SENĆOŦEN / Malchosen / Lekwungen / Semiahmoo / TʼSou-ke"
"Əw̔","Əw̓","SENĆOŦEN / Malchosen / Lekwungen / Semiahmoo / TʼSou-ke"
"Əw̕","Əw̓","SENĆOŦEN / Malchosen / Lekwungen / Semiahmoo / TʼSou-ke"
"Əw՚","Əw̓","SENĆOŦEN / Malchosen / Lekwungen / Semiahmoo / TʼSou-ke"
"Əw’","Əw̓","SENĆOŦEN / Malchosen / Lekwungen / Semiahmoo / TʼSou-ke"
"Ɣʼ","Ɣ̓","Nɬeʔkepmxcín"
"Ɣˈ","Ɣ̓","Nɬeʔkepmxcín"
"Ɣˈ","ɣ̓","Nsyilxcən"
"Ɣ̒","Ɣ̓","Nɬeʔkepmxcín"
"Ɣ̒","ɣ̓","Nsyilxcən"
"Ɣ̔","Ɣ̓","Nɬeʔkepmxcín"
"Ɣ̔","ɣ̓","Nsyilxcən"
"Ɣ̕","Ɣ̓","Nɬeʔkepmxcín"
"Ɣ̕","ɣ̓","Nsyilxcən"
"Ɣ՚","Ɣ̓","Nɬeʔkepmxcín"
"Ɣ՚","ɣ̓","Nsyilxcən"
"Ɣ’","Ɣ̓","Nɬeʔkepmxcín"
"Ɣ’","ɣ̓","Nsyilxcən"
"ƛ","ƛ","Hulʼqʼumiʼnumʼ / Halqʼeméylem / hən̓q̓əmin̓əm̓"
"ƛ`","ƛ̓","nuučaan̓uł"
"ƛʼ","ƛ̓","diitiidʔaaʔtx̣,Nsyilxcən,nuučaan̓uł"
"ƛˈ","ƛ̓","Nsyilxcən"
"ƛ́","ƛ̓","Haíɫzaqvḷa"
"ƛ̍","ƛ̓","diitiidʔaaʔtx̣,Éy7á7juuthem,Haíɫzaqvḷa,Kwak̕wala,kyuquot-checleseht,Nɬeʔkepmxcín,Nsyilxcən,nuučaan̓uł,SENĆOŦEN / Malchosen / Lekwungen / Semiahmoo / TʼSou-ke"
"ƛ̒","ƛ̓","diitiidʔaaʔtx̣,Éy7á7juuthem,Haíɫzaqvḷa,Kwak̕wala,kyuquot-checleseht,Nɬeʔkepmxcín,Nsyilxcən,nuučaan̓uł,SENĆOŦEN / Malchosen / Lekwungen / Semiahmoo / TʼSou-ke"
"ƛ̔","ƛ̓","diitiidʔaaʔtx̣,Éy7á7juuthem,Haíɫzaqvḷa,Kwak̕wala,kyuquot-checleseht,Nɬeʔkepmxcín,Nsyilxcən,nuučaan̓uł,SENĆOŦEN / Malchosen / Lekwungen / Semiahmoo / TʼSou-ke"
"ƛ̕","ƛ̓","diitiidʔaaʔtx̣,Éy7á7juuthem,Haíɫzaqvḷa,Kwak̕wala,kyuquot-checleseht,Nɬeʔkepmxcín,Nsyilxcən,nuučaan̓uł,SENĆOŦEN / Malchosen / Lekwungen / Semiahmoo / TʼSou-ke"
"ƛ՚","ƛ̓","diitiidʔaaʔtx̣,Nsyilxcən,nuučaan̓uł"
"ƛ’","ƛ̓","diitiidʔaaʔtx̣,Nsyilxcən,nuučaan̓uł"
"ǝ","ə","Éy7á7juuthem,Hulʼqʼumiʼnumʼ / Halqʼeméylem / hən̓q̓əmin̓əm̓,Kwak̕wala,Nɬeʔkepmxcín,Nsyilxcən,ʼWuik̓ala"
"ǝw","əw","Éy7á7juuthem"
"ǝwʼ","əw̓","SENĆOŦEN / Malchosen / Lekwungen / Semiahmoo / TʼSou-ke"
"ǝwˈ","əw̓","SENĆOŦEN / Malchosen / Lekwungen / Semiahmoo / TʼSou-ke"
"ǝw̒","əw̓","SENĆOŦEN / Malchosen / Lekwungen / Semiahmoo / TʼSou-ke"
"ǝw̓","əw̓","SENĆOŦEN / Malchosen / Lekwungen / Semiahmoo / TʼSou-ke"
"ǝw̔","əw̓","SENĆOŦEN / Malchosen / Lekwungen / Semiahmoo / TʼSou-ke"
"ǝw̕","əw̓","SENĆOŦEN / Malchosen / Lekwungen / Semiahmoo / TʼSou-ke"
"ǝw՚","əw̓","SENĆOŦEN / Malchosen / Lekwungen / Semiahmoo / TʼSou-ke"
"ǝw’","əw̓","SENĆOŦEN / Malchosen / Lekwungen / Semiahmoo / TʼSou-ke"
"ǝy","əy","Éy7á7juuthem"
"ǝ̀","ə̀","ʼWuik̓ala"
"ǝ́","ə́","Nɬeʔkepmxcín,Nsyilxcən"
"ǝ̣","ə̣","Nɬeʔkepmxcín"
"Ǥ","G̱","kwakiutl,Kwak̕wala,Sgüüx̱s"
"ǥ","g̱","kwakiutl,Kwak̕wala,Sgüüx̱s,Sm'algya̱x"
"ǥ","g̲","Nɬeʔkepmxcín"
"ǥw","g̱w","kwakiutl,Kwak̕wala"
"Ǧ","ˇG","ʼWuik̓ala"
"ǫ¯","ǭ","Danezāgéʼ"
"ǫ̅","ǭ","Danezāgéʼ"
"ǫ̅́","ǭ́","Danezāgéʼ"
"ǫ‾","ǭ","Danezāgéʼ"
"ǫ︤","ǭ","Danezāgéʼ"
"ǫ︤́","ǭ́","Danezāgéʼ"
"ǫ︥","ǭ","Danezāgéʼ"
"ǫ︥́","ǭ́","Danezāgéʼ"
"ǵ","g̓","St̓át̓imcets"
"ǵw","g̓w","Secwepemctsín"
"ȼ","¢","Ktunaxa"
"ȼʼ","¢̕","Ktunaxa"
"ȼˈ","¢̕","Ktunaxa"
"ȼ̒","¢̕","Ktunaxa"
"ȼ̓","¢̕","Ktunaxa"
"ȼ̔","¢̕","Ktunaxa"
"ȼ՚","¢̕","Ktunaxa"
"ȼ’","¢̕","Ktunaxa"
"Ɂ","ʔ","Dane-Ẕaa,diitiidʔaaʔtx̣,Éy7á7juuthem,Haíɫzaqvḷa,Hulʼqʼumiʼnumʼ / Halqʼeméylem / hən̓q̓əmin̓əm̓,Ktunaxa,kyuquot-checleseht,Nɬeʔkepmxcín,Nsyilxcən,nuučaan̓uł,SENĆOŦEN / Malchosen / Lekwungen / Semiahmoo / TʼSou-ke,she shashishalhem,Tsilhqotʼin"
"ɂ","ʔ","Dane-Ẕaa,diitiidʔaaʔtx̣,Éy7á7juuthem,Haíɫzaqvḷa,Hulʼqʼumiʼnumʼ / Halqʼeméylem / hən̓q̓əmin̓əm̓,Ktunaxa,kyuquot-checleseht,Nɬeʔkepmxcín,Nsyilxcən,nuučaan̓uł,SENĆOŦEN / Malchosen / Lekwungen / Semiahmoo / TʼSou-ke,she shashishalhem,Tsilhqotʼin"
"ə","ə","Hulʼqʼumiʼnumʼ / Halqʼeméylem / hən̓q̓əmin̓əm̓"
"əwʼ","əw̓","SENĆOŦEN / Malchosen / Lekwungen / Semiahmoo / TʼSou-ke"
"əwˈ","əw̓","SENĆOŦEN / Malchosen / Lekwungen / Semiahmoo / TʼSou-ke"
"əw̒","əw̓","SENĆOŦEN / Malchosen / Lekwungen / Semiahmoo / TʼSou-ke"
"əw̔","əw̓","SENĆOŦEN / Malchosen / Lekwungen / Semiahmoo / TʼSou-ke"
"əw̕","əw̓","SENĆOŦEN / Malchosen / Lekwungen / Semiahmoo / TʼSou-ke"
"əw՚","əw̓","SENĆOŦEN / Malchosen / Lekwungen / Semiahmoo / TʼSou-ke"
"əw’","əw̓","SENĆOŦEN / Malchosen / Lekwungen / Semiahmoo / TʼSou-ke"
"ɣʼ","ɣ̓","Nɬeʔkepmxcín,Nsyilxcən"
"ɣˈ","ɣ̓","Nɬeʔkepmxcín,Nsyilxcən"
"ɣ̒","ɣ̓","Nɬeʔkepmxcín,Nsyilxcən"
"ɣ̔","ɣ̓","Nɬeʔkepmxcín,Nsyilxcən"
"ɣ̕","ɣ̓","Nɬeʔkepmxcín,Nsyilxcən"
"ɣ՚","ɣ̓","Nɬeʔkepmxcín,Nsyilxcən"
"ɣ’","ɣ̓","Nɬeʔkepmxcín,Nsyilxcən"
"ɤ","ɣ","Nɬeʔkepmxcín,Nsyilxcən"
"ɤʼ","ɣ̓","Nɬeʔkepmxcín"
"ɤˈ","ɣ̓","Nɬeʔkepmxcín,Nsyilxcən"
"ɤ̒","ɣ̓","Nɬeʔkepmxcín,Nsyilxcən"
"ɤ̓","ɣ̓","Nɬeʔkepmxcín,Nsyilxcən"
"ɤ̔","ɣ̓","Nɬeʔkepmxcín,Nsyilxcən"
"ɤ̕","ɣ̓","Nɬeʔkepmxcín,Nsyilxcən"
"ɤ՚","ɣ̓","Nɬeʔkepmxcín,Nsyilxcən"
"ɤ’","ɣ̓","Nɬeʔkepmxcín,Nsyilxcən"
"ɩ","ı","Dene Kʼe"
"ɩ́","ı́","Dene Kʼe"
"ɩ̨","ı̨","Dene Kʼe"
"ɩ̨́","ı̨́","Dene Kʼe"
"ɫ","ł","Nsyilxcən,Sgüüx̱s,Sm'algya̱x"
"ɫ","ɬ","SENĆOŦEN / Malchosen / Lekwungen / Semiahmoo / TʼSou-ke"
"ɬ","ł","Nsyilxcən"
"ɬ","ɬ","Hulʼqʼumiʼnumʼ / Halqʼeméylem / hən̓q̓əmin̓əm̓"
"ɲ","ŋ","SENĆOŦEN / Malchosen / Lekwungen / Semiahmoo / TʼSou-ke"
"ʔ","ʔ","Hulʼqʼumiʼnumʼ / Halqʼeméylem / hən̓q̓əmin̓əm̓"
"ʕʼ","ʕ̓","Nɬeʔkepmxcín,Nsyilxcən"
"ʕʼʷ","ʕ̓ʷ","Nɬeʔkepmxcín,Nsyilxcən"
"ʕˈ","ʕ̓","Nɬeʔkepmxcín,Nsyilxcən"
"ʕˈʷ","ʕ̓ʷ","Nɬeʔkepmxcín,Nsyilxcən"
"ʕ̒","ʕ̓","Nɬeʔkepmxcín,Nsyilxcən"
"ʕ̒ʷ","ʕ̓ʷ","Nɬeʔkepmxcín,Nsyilxcən"
"ʕ̔","ʕ̓","Nɬeʔkepmxcín,Nsyilxcən"
"ʕ̔ʷ","ʕ̓ʷ","Nɬeʔkepmxcín,Nsyilxcən"
"ʕ̕","ʕ̓","Nɬeʔkepmxcín,Nsyilxcən"
"ʕ̕ʷ","ʕ̓ʷ","Nɬeʔkepmxcín,Nsyilxcən"
"ʕ՚","ʕ̓","Nɬeʔkepmxcín,Nsyilxcən"
"ʕ՚ʷ","ʕ̓ʷ","Nɬeʔkepmxcín,Nsyilxcən"
"ʕ’","ʕ̓","Nɬeʔkepmxcín,Nsyilxcən"
"ʕ’ʷ","ʕ̓ʷ","Nɬeʔkepmxcín,Nsyilxcən"
"ʣ","dz","Dakelh,kwakiutl,Kwak̕wala,Nedutʼen / Witsuwitʼen,Sgüüx̱s,Sm'algya̱x,Southern Tutchone,Tseʼkhene"
"ʦ","ts","Dakelh,Hulʼqʼumiʼnumʼ / Halqʼeméylem / hən̓q̓əmin̓əm̓,kwakiutl,Kwak̕wala,Nedutʼen / Witsuwitʼen,Sgüüx̱s,Southern Tutchone,Tseʼkhene"
"ʼ","'","Dakelh,Gitxsanimx̱-Gitsenimx̱-Gyaanimx̱,Hulʼqʼumiʼnumʼ / Halqʼeméylem / hən̓q̓əmin̓əm̓,kwakiutl,Kwak̕wala,Nedutʼen / Witsuwitʼen,Nisg̱aʼa,Sgüüx̱s,Sm'algya̱x,Tseʼkhene,X̱aad Kil / X̱aayda Kil"
"ʼ","ˈ","Sm'algya̱x"
"ʼ","’","Dakelh,Hulʼqʼumiʼnumʼ / Halqʼeméylem / hən̓q̓əmin̓əm̓,Nedutʼen / Witsuwitʼen,Tāłtān,Tseʼkhene,X̱aad Kil / X̱aayda Kil,X̄enaksialak̓ala / X̄aʼislak̓ala"
"ʼC","’C","ʼWuik̓ala"
"ʼK","’K","ʼWuik̓ala"
"ʼL","’L","ʼWuik̓ala"
"ʼM","'M","Nedutʼen / Witsuwitʼen"
"ʼM","’M","ʼWuik̓ala"
"ʼN","'N","Nedutʼen / Witsuwitʼen"
"ʼN","’N","ʼWuik̓ala"
"ʼP","’P","ʼWuik̓ala"
"ʼQ","’Q","ʼWuik̓ala"
"ʼT","’T","ʼWuik̓ala"
"ʼW","’W","ʼWuik̓ala"
"ʼY","’Y","ʼWuik̓ala"
"ʼa","'a","Dakelh"
"ʼa","’a","Dakelh,X̄enaksialak̓ala / X̄aʼislak̓ala"
"ʼai","’ai","Dakelh"
"ʼaiʼ","’ai’","Dakelh"
"ʼaʼ","’a’","Dakelh"
"ʼe","'e","Dakelh"
"ʼe","’e","Dakelh,X̄enaksialak̓ala / X̄aʼislak̓ala"
"ʼeʼ","’e’","Dakelh"
"ʼi","'i","Dakelh"
"ʼi","’i","Dakelh,X̄enaksialak̓ala / X̄aʼislak̓ala"
"ʼiʼ","’i’","Dakelh"
"ʼl","'l","Gitxsanimx̱-Gitsenimx̱-Gyaanimx̱,Sm'algya̱x,X̱aad Kil / X̱aayda Kil"
"ʼl","ˈl","Sm'algya̱x"
"ʼm","'m","Gitxsanimx̱-Gitsenimx̱-Gyaanimx̱,Nedutʼen / Witsuwitʼen,Sm'algya̱x"
"ʼm","ˈm","Sm'algya̱x"
"ʼn","'n","Gitxsanimx̱-Gitsenimx̱-Gyaanimx̱,Nedutʼen / Witsuwitʼen,Sm'algya̱x"
"ʼn","ˈn","Sm'algya̱x"
"ʼo","'o","Dakelh"
"ʼo","’o","Dakelh,X̄enaksialak̓ala / X̄aʼislak̓ala"
"ʼoo","’oo","Dakelh"
"ʼooʼ","’oo’","Dakelh"
"ʼoʼ","’o’","Dakelh"
"ʼu","'u","Dakelh"
"ʼu","’u","Dakelh,X̄enaksialak̓ala / X̄aʼislak̓ala"
"ʼuʼ","’u’","Dakelh"
"ʼw","'w","Gitxsanimx̱-Gitsenimx̱-Gyaanimx̱,Sm'algya̱x"
"ʼw","ˈw","Sm'algya̱x"
"ʼy","'y","Gitxsanimx̱-Gitsenimx̱-Gyaanimx̱,Sm'algya̱x"
"ʼy","ˈy","Sm'algya̱x"
"ʼẅ","'ẅ","Sm'algya̱x"
"ʼẅ","ˈẅ","Sm'algya̱x"
"ˀ","ɂ","Dene Kʼe"
"ˇg","ǧ","ʼWuik̓ala"
"ˇx","x̌","ʼWuik̓ala"
"ˈ","'","Dakelh,Hulʼqʼumiʼnumʼ / Halqʼeméylem / hən̓q̓əmin̓əm̓,kwakiutl,Kwak̕wala,Sgüüx̱s,Sm'algya̱x,Tseʼkhene,X̱aad Kil / X̱aayda Kil"
"ˈ","ʼ","Danezāgéʼ,Southern Tutchone"
"ˈ","’","Dakelh,Hulʼqʼumiʼnumʼ / Halqʼeméylem / hən̓q̓əmin̓əm̓,Nedutʼen / Witsuwitʼen,Tāłtān,Tseʼkhene,X̱aad Kil / X̱aayda Kil"
"ˈC","’C","ʼWuik̓ala"
"ˈK","’K","ʼWuik̓ala"
"ˈL","’L","ʼWuik̓ala"
"ˈM","’M","ʼWuik̓ala"
"ˈN","’N","ʼWuik̓ala"
"ˈP","’P","ʼWuik̓ala"
"ˈQ","’Q","ʼWuik̓ala"
"ˈT","’T","ʼWuik̓ala"
"ˈW","’W","ʼWuik̓ala"
"ˈY","’Y","ʼWuik̓ala"
"ˈa","'a","Dakelh"
"ˈa","’a","Dakelh"
"ˈai","’ai","Dakelh"
"ˈaiˈ","’ai’","Dakelh"
"ˈaˈ","’a’","Dakelh"
"ˈe","'e","Dakelh"
"ˈe","’e","Dakelh"
"ˈeˈ","’e’","Dakelh"
"ˈi","'i","Dakelh"
"ˈi","’i","Dakelh"
"ˈiˈ","’i’","Dakelh"
"ˈl","'l","Gitxsanimx̱-Gitsenimx̱-Gyaanimx̱,Sm'algya̱x,X̱aad Kil / X̱aayda Kil"
"ˈm","'m","Gitxsanimx̱-Gitsenimx̱-Gyaanimx̱,Sm'algya̱x"
"ˈn","'n","Gitxsanimx̱-Gitsenimx̱-Gyaanimx̱,Sm'algya̱x"
"ˈo","'o","Dakelh"
"ˈo","’o","Dakelh"
"ˈoo","’oo","Dakelh"
"ˈooˈ","’oo’","Dakelh"
"ˈoˈ","’o’","Dakelh"
"ˈu","'u","Dakelh"
"ˈu","’u","Dakelh"
"ˈuˈ","’u’","Dakelh"
"ˈw","'w","Gitxsanimx̱-Gitsenimx̱-Gyaanimx̱,Sm'algya̱x"
"ˈy","'y","Gitxsanimx̱-Gitsenimx̱-Gyaanimx̱,Sm'algya̱x"
"ˈẅ","'ẅ","Sm'algya̱x"
"̌G","ˇG","ʼWuik̓ala"
"̌X","ˇX","ʼWuik̓ala"
"̒","'","Dakelh,Tseʼkhene"
"̒","ʼ","Danezāgéʼ,Southern Tutchone"
"̒","ˈ","Sm'algya̱x"
"̒","’","Dakelh,Hulʼqʼumiʼnumʼ / Halqʼeméylem / hən̓q̓əmin̓əm̓,Nedutʼen / Witsuwitʼen,Tāłtān,Tseʼkhene,X̱aad Kil / X̱aayda Kil"
"̒C","’C","ʼWuik̓ala"
"̒K","’K","ʼWuik̓ala"
"̒L","’L","ʼWuik̓ala"
"̒M","’M","ʼWuik̓ala"
"̒N","’N","ʼWuik̓ala"
"̒P","’P","ʼWuik̓ala"
"̒Q","’Q","ʼWuik̓ala"
"̒T","’T","ʼWuik̓ala"
"̒W","’W","ʼWuik̓ala"
"̒Y","’Y","ʼWuik̓ala"
"̒a","’a","Dakelh"
"̒a ̒","’a’","Dakelh"
"̒ai","’ai","Dakelh"
"̒ai ̒","’ai’","Dakelh"
"̒e","’e","Dakelh"
"̒e ̒","’e’","Dakelh"
"̒i","’i","Dakelh"
"̒l","ˈl","Sm'algya̱x"
"̒m","ˈm","Sm'algya̱x"
"̒n","ˈn","Sm'algya̱x"
"̒o","’o","Dakelh"
"̒o ̒","’o’","Dakelh"
"̒oo","’oo","Dakelh"
"̒oo ̒","’oo’","Dakelh"
"̒u","’u","Dakelh"
"̒u ̒","’u’","Dakelh"
"̒w","ˈw","Sm'algya̱x"
"̒y","ˈy","Sm'algya̱x"
"̒ẅ","'ẅ","Sm'algya̱x"
"̒ẅ","ˈẅ","Sm'algya̱x"
"̓","'","Tseʼkhene"
"̓","ʼ","Danezāgéʼ,Southern Tutchone"
"̓ ̕","'","Dakelh"
"̓ ̕","ˈ","Sm'algya̱x"
"̓ ̕","’","Dakelh,Hulʼqʼumiʼnumʼ / Halqʼeméylem / hən̓q̓əmin̓əm̓,Nedutʼen / Witsuwitʼen,Tāłtān,Tseʼkhene,X̱aad Kil / X̱aayda Kil"
"̓ ̕e","’e","Dakelh"
"̓ ̕u","’u","Dakelh"
"̓C","’C","ʼWuik̓ala"
"̓K","’K","ʼWuik̓ala"
"̓L","’L","ʼWuik̓ala"
"̓M","’M","ʼWuik̓ala"
"̓N","’N","ʼWuik̓ala"
"̓P","’P","ʼWuik̓ala"
"̓Q","’Q","ʼWuik̓ala"
"̓T","’T","ʼWuik̓ala"
"̓W","’W","ʼWuik̓ala"
"̓Y","’Y","ʼWuik̓ala"
"̓ẅ","'ẅ","Sm'algya̱x"
"̔","'","Dakelh,Tseʼkhene"
"̔","ʼ","Danezāgéʼ,Southern Tutchone"
"̔","ˈ","Sm'algya̱x"
"̔","’","Dakelh,Hulʼqʼumiʼnumʼ / Halqʼeméylem / hən̓q̓əmin̓əm̓,Nedutʼen / Witsuwitʼen,Tāłtān,Tseʼkhene,X̱aad Kil / X̱aayda Kil"
"̔C","’C","ʼWuik̓ala"
"̔K","’K","ʼWuik̓ala"
"̔L","’L","ʼWuik̓ala"
"̔M","’M","ʼWuik̓ala"
"̔N","’N","ʼWuik̓ala"
"̔P","’P","ʼWuik̓ala"
"̔Q","’Q","ʼWuik̓ala"
"̔T","’T","ʼWuik̓ala"
"̔W","’W","ʼWuik̓ala"
"̔Y","’Y","ʼWuik̓ala"
"̔a","’a","Dakelh"
"̔a ̔","’a’","Dakelh"
"̔ai","’ai","Dakelh"
"̔ai ̔","’ai’","Dakelh"
"̔e","’e","Dakelh"
"̔e ̔","’e’","Dakelh"
"̔i","’i","Dakelh"
"̔l","ˈl","Sm'algya̱x"
"̔m","ˈm","Sm'algya̱x"
"̔n","ˈn","Sm'algya̱x"
"̔o","’o","Dakelh"
"̔o ̔","’o’","Dakelh"
"̔oo","’oo","Dakelh"
"̔oo ̔","’oo’","Dakelh"
"̔u","’u","Dakelh"
"̔u ̔","’u’","Dakelh"
"̔w","ˈw","Sm'algya̱x"
"̔y","ˈy","Sm'algya̱x"
"̔ẅ","'ẅ","Sm'algya̱x"
"̔ẅ","ˈẅ","Sm'algya̱x"
"̕","'","Sm'algya̱x,Tseʼkhene"
"̕","ʼ","Danezāgéʼ,Southern Tutchone"
"̕C","’C","ʼWuik̓ala"
"̕K","’K","ʼWuik̓ala"
"̕L","’L","ʼWuik̓ala"
"̕M","’M","ʼWuik̓ala"
"̕N","’N","ʼWuik̓ala"
"̕P","’P","ʼWuik̓ala"
"̕Q","’Q","ʼWuik̓ala"
"̕T","’T","ʼWuik̓ala"
"̕W","’W","ʼWuik̓ala"
"̕Y","’Y","ʼWuik̓ala"
"̕a","’a","Dakelh"
"̕ai","’ai","Dakelh"
"̕i","’i","Dakelh"
"̕l","ˈl","Sm'algya̱x"
"̕m","ˈm","Sm'algya̱x"
"̕n","ˈn","Sm'algya̱x"
"̕o","’o","Dakelh"
"̕oo","’oo","Dakelh"
"̕oo ̕","’oo’","Dakelh"
"̕u ̕","’u’","Dakelh"
"̕w","ˈw","Sm'algya̱x"
"̕y","ˈy","Sm'algya̱x"
"̕ẅ","'ẅ","Sm'algya̱x"
"̕ẅ","ˈẅ","Sm'algya̱x"
"̠","̲","Dakelh"
"̱","̲","Dakelh"
"Θ","θ","Éy7á7juuthem,Hulʼqʼumiʼnumʼ / Halqʼeméylem / hən̓q̓əmin̓əm̓"
"Χ","χ","Éy7á7juuthem"
"Χʷ","χʷ","Éy7á7juuthem"
"γ","ɣ","Nsyilxcən"
"θ","θ","Hulʼqʼumiʼnumʼ / Halqʼeméylem / hən̓q̓əmin̓əm̓"
"λ̷","ƛ","diitiidʔaaʔtx̣,Éy7á7juuthem,Haíɫzaqvḷa,Hulʼqʼumiʼnumʼ / Halqʼeméylem / hən̓q̓əmin̓əm̓,Kwak̕wala,kyuquot-checleseht,nuučaan̓uł"
"λ̷̍","ƛ̓","Éy7á7juuthem,Kwak̕wala,kyuquot-checleseht,Nɬeʔkepmxcín,nuučaan̓uł,SENĆOŦEN / Malchosen / Lekwungen / Semiahmoo / TʼSou-ke"
"λ̷̒","ƛ̓","Éy7á7juuthem,Kwak̕wala,kyuquot-checleseht,Nɬeʔkepmxcín,nuučaan̓uł,SENĆOŦEN / Malchosen / Lekwungen / Semiahmoo / TʼSou-ke"
"λ̷̓","ƛ̓","Éy7á7juuthem,Kwak̕wala,kyuquot-checleseht,Nɬeʔkepmxcín,nuučaan̓uł,SENĆOŦEN / Malchosen / Lekwungen / Semiahmoo / TʼSou-ke"
"λ̷̔","ƛ̓","Éy7á7juuthem,Kwak̕wala,kyuquot-checleseht,Nɬeʔkepmxcín,nuučaan̓uł,SENĆOŦEN / Malchosen / Lekwungen / Semiahmoo / TʼSou-ke"
"λ̷̕","ƛ̓","Éy7á7juuthem,Kwak̕wala,kyuquot-checleseht,Nɬeʔkepmxcín,nuučaan̓uł,SENĆOŦEN / Malchosen / Lekwungen / Semiahmoo / TʼSou-ke"
"λ̸","ƛ","diitiidʔaaʔtx̣,Éy7á7juuthem,Haíɫzaqvḷa,Hulʼqʼumiʼnumʼ / Halqʼeméylem / hən̓q̓əmin̓əm̓,Kwak̕wala,kyuquot-checleseht,nuučaan̓uł"
"λ̸̍","ƛ̓","Éy7á7juuthem,Kwak̕wala,kyuquot-checleseht,Nɬeʔkepmxcín,nuučaan̓uł,SENĆOŦEN / Malchosen / Lekwungen / Semiahmoo / TʼSou-ke"
"λ̸̒","ƛ̓","Éy7á7juuthem,Kwak̕wala,kyuquot-checleseht,Nɬeʔkepmxcín,nuučaan̓uł,SENĆOŦEN / Malchosen / Lekwungen / Semiahmoo / TʼSou-ke"
"λ̸̔","ƛ̓","Éy7á7juuthem,Kwak̕wala,kyuquot-checleseht,Nɬeʔkepmxcín,nuučaan̓uł,SENĆOŦEN / Malchosen / Lekwungen / Semiahmoo / TʼSou-ke"
"λ̸̕","ƛ̓","Éy7á7juuthem,Kwak̕wala,kyuquot-checleseht,Nɬeʔkepmxcín,nuučaan̓uł,SENĆOŦEN / Malchosen / Lekwungen / Semiahmoo / TʼSou-ke"
"ϴ","θ","Éy7á7juuthem,Hulʼqʼumiʼnumʼ / Halqʼeméylem / hən̓q̓əmin̓əm̓"
"Ќ","K'","Dakelh,Nedutʼen / Witsuwitʼen,Sgüüx̱s,Tseʼkhene,X̱aad Kil / X̱aayda Kil"
"Ќ","K̓","Haíɫzaqvḷa,kwakiutl,Kwak̕wala,Nɬeʔkepmxcín,Secwepemctsín,St̓át̓imcets"
"Ќ","K’","Nedutʼen / Witsuwitʼen,Nuxalk,Tāłtān"
"Ќ","Ḱ","SENĆOŦEN / Malchosen / Lekwungen / Semiahmoo / TʼSou-ke"
"ЌV","K̓V","Haíɫzaqvḷa"
"Ќw","K̓w","Secwepemctsín,St̓át̓imcets"
"Ќw","K̕w","kwakiutl,Kwak̕wala"
"Ќʷ","K̓ʷ","Nɬeʔkepmxcín,SENĆOŦEN / Malchosen / Lekwungen / Semiahmoo / TʼSou-ke"
"Ќ̱","Ḵ'","Sgüüx̱s,X̱aad Kil / X̱aayda Kil"
"Ќ̲","Ḵ'","Sgüüx̱s,X̱aad Kil / X̱aayda Kil"
"՚","'","Dakelh,Gitxsanimx̱-Gitsenimx̱-Gyaanimx̱,Hulʼqʼumiʼnumʼ / Halqʼeméylem / hən̓q̓əmin̓əm̓,kwakiutl,Kwak̕wala,Nisg̱aʼa,Sgüüx̱s,Sm'algya̱x,Tseʼkhene,X̱aad Kil / X̱aayda Kil"
"՚","ʼ","Danezāgéʼ,Southern Tutchone"
"՚","ˈ","Sm'algya̱x"
"՚","’","Dakelh,Hulʼqʼumiʼnumʼ / Halqʼeméylem / hən̓q̓əmin̓əm̓,Nedutʼen / Witsuwitʼen,Tāłtān,Tseʼkhene,X̱aad Kil / X̱aayda Kil,X̄enaksialak̓ala / X̄aʼislak̓ala"
"՚C","’C","ʼWuik̓ala"
"՚K","’K","ʼWuik̓ala"
"՚L","’L","ʼWuik̓ala"
"՚M","’M","ʼWuik̓ala"
"՚N","’N","ʼWuik̓ala"
"՚P","’P","ʼWuik̓ala"
"՚Q","’Q","ʼWuik̓ala"
"՚T","’T","ʼWuik̓ala"
"՚W","’W","ʼWuik̓ala"
"՚Y","’Y","ʼWuik̓ala"
"՚a","'a","Dakelh"
"՚a","’a","Dakelh,X̄enaksialak̓ala / X̄aʼislak̓ala"
"՚ai","’ai","Dakelh"
"՚ai՚","’ai’","Dakelh"
"՚a՚","’a’","Dakelh"
"՚e","'e","Dakelh"
"՚e","’e","Dakelh,X̄enaksialak̓ala / X̄aʼislak̓ala"
"՚e՚","’e’","Dakelh"
"՚i","'i","Dakelh"
"՚i","’i","Dakelh,X̄enaksialak̓ala / X̄aʼislak̓ala"
"՚i՚","’i’","Dakelh"
"՚l","'l","Gitxsanimx̱-Gitsenimx̱-Gyaanimx̱,Sm'algya̱x,X̱aad Kil / X̱aayda Kil"
"՚l","ˈl","Sm'algya̱x"
"՚m","'m","Gitxsanimx̱-Gitsenimx̱-Gyaanimx̱,Sm'algya̱x"
"՚m","ˈm","Sm'algya̱x"
"՚n","'n","Gitxsanimx̱-Gitsenimx̱-Gyaanimx̱,Sm'algya̱x"
"՚n","ˈn","Sm'algya̱x"
"՚o","'o","Dakelh"
"՚o","’o","Dakelh,X̄enaksialak̓ala / X̄aʼislak̓ala"
"՚oo","’oo","Dakelh"
"՚oo՚","’oo’","Dakelh"
"՚o՚","’o’","Dakelh"
"՚u","'u","Dakelh"
"՚u","’u","Dakelh,X̄enaksialak̓ala / X̄aʼislak̓ala"
"՚u՚","’u’","Dakelh"
"՚w","'w","Gitxsanimx̱-Gitsenimx̱-Gyaanimx̱,Sm'algya̱x"
"՚w","ˈw","Sm'algya̱x"
"՚y","'y","Gitxsanimx̱-Gitsenimx̱-Gyaanimx̱,Sm'algya̱x"
"՚y","ˈy","Sm'algya̱x"
"՚ẅ","'ẅ","Sm'algya̱x"
"՚ẅ","ˈẅ","Sm'algya̱x"
"ॽ","ɂ","Dene Kʼe"
"ॽ","ʔ","Dane-Ẕaa,diitiidʔaaʔtx̣,Éy7á7juuthem,Haíɫzaqvḷa,Hulʼqʼumiʼnumʼ / Halqʼeméylem / hən̓q̓əmin̓əm̓,Ktunaxa,kyuquot-checleseht,Nɬeʔkepmxcín,Nsyilxcən,nuučaan̓uł,SENĆOŦEN / Malchosen / Lekwungen / Semiahmoo / TʼSou-ke,she shashishalhem,Tsilhqotʼin"
"ᐧ","·","Ktunaxa"
"ᑦ","ᒼ","nēhiyawēwin"
"ᴐ","ɔ","Éy7á7juuthem"
"ᴐy","ɔy","Éy7á7juuthem"
"ḏ","d̲","Dakelh"
"ḏẕ","d̲z̲","Dakelh,Dane-Ẕaa"
"ḱ","k̓","Éy7á7juuthem,kwakiutl,Kwak̕wala,nuučaan̓uł,Secwepemctsín,St̓át̓imcets"
"ḱ","k’","Nedutʼen / Witsuwitʼen,Tseʼkhene"
"ḱw","k̓w","Hulʼqʼumiʼnumʼ / Halqʼeméylem / hən̓q̓əmin̓əm̓,St̓át̓imcets"
"ḱʷ","k̓ʷ","Éy7á7juuthem"
"Ḵ","K̲","Nɬeʔkepmxcín"
"Ḵ","Ḵ","kwakiutl,Kwak̕wala,Sgüüx̱s"
"Ḵ'","Ḵ'","Sgüüx̱s"
"Ḵw","K̲w","Nɬeʔkepmxcín"
"Ḵw","Ḵw","kwakiutl,Kwak̕wala"
"Ḵʼ","Ḵ'","Nisg̱aʼa,Sgüüx̱s,X̱aad Kil / X̱aayda Kil"
"Ḵʼw","Ḵ̕w","kwakiutl,Kwak̕wala"
"Ḵˈ","Ḵ'","Sgüüx̱s,X̱aad Kil / X̱aayda Kil"
"Ḵˈw","Ḵ̕w","kwakiutl,Kwak̕wala"
"Ḵ̒","Ḵ'","Sgüüx̱s,Sm'algya̱x,X̱aad Kil / X̱aayda Kil"
"Ḵ̒w","Ḵ̕w","kwakiutl,Kwak̕wala"
"Ḵ̓","Ḵ'","Sgüüx̱s,Sm'algya̱x,X̱aad Kil / X̱aayda Kil"
"Ḵ̓","Ḵ̓","kwakiutl,Kwak̕wala"
"Ḵ̓w","Ḵ̕w","kwakiutl,Kwak̕wala"
"Ḵ̔","Ḵ'","Sgüüx̱s,Sm'algya̱x,X̱aad Kil / X̱aayda Kil"
"Ḵ̔w","Ḵ̕w","kwakiutl,Kwak̕wala"
"Ḵ̕","Ḵ'","Sgüüx̱s,Sm'algya̱x,X̱aad Kil / X̱aayda Kil"
"Ḵ̕w","Ḵ̕w","kwakiutl,Kwak̕wala"
"Ḵ՚","Ḵ'","Nisg̱aʼa,Sgüüx̱s,X̱aad Kil / X̱aayda Kil"
"Ḵ՚w","Ḵ̕w","kwakiutl,Kwak̕wala"
"Ḵ’","Ḵ'","Nisg̱aʼa,Sgüüx̱s,X̱aad Kil / X̱aayda Kil"
"Ḵ’w","Ḵ̕w","kwakiutl,Kwak̕wala"
"Ḵ＇","Ḵ'","Sgüüx̱s,X̱aad Kil / X̱aayda Kil"
"ḵ","k̲","Nɬeʔkepmxcín"
"ḵ","ḵ","kwakiutl,Kwak̕wala,Sgüüx̱s"
"ḵ'","ḵ'","Sgüüx̱s,X̱aad Kil / X̱aayda Kil"
"ḵ'","ḵˈ","Sm'algya̱x"
"ḵ'","ḵ̕","she shashishalhem"
"ḵ'","ḵ’","Lingít"
"ḵw","ḵw","kwakiutl,Kwak̕wala"
"ḵw'","ḵw̕","she shashishalhem"
"ḵwʼ","ḵw̕","she shashishalhem"
"ḵwˈ","ḵw̕","she shashishalhem"
"ḵw̒","ḵw̕","she shashishalhem"
"ḵw̓","ḵw̕","she shashishalhem"
"ḵw̔","ḵw̕","she shashishalhem"
"ḵw’","ḵw̕","she shashishalhem"
"ḵʼ","ḵ'","Gitxsanimx̱-Gitsenimx̱-Gyaanimx̱,Nisg̱aʼa,Sgüüx̱s,Sm'algya̱x,X̱aad Kil / X̱aayda Kil"
"ḵʼ","ḵˈ","Sm'algya̱x"
"ḵʼ","ḵ̓","kwakiutl,Kwak̕wala"
"ḵʼw","ḵ̕w","kwakiutl,Kwak̕wala"
"ḵˈ","ḵ'","Gitxsanimx̱-Gitsenimx̱-Gyaanimx̱,Nisg̱aʼa,Sgüüx̱s,Sm'algya̱x,X̱aad Kil / X̱aayda Kil"
"ḵˈ","ḵ̓","kwakiutl,Kwak̕wala"
"ḵˈw","ḵ̕w","kwakiutl,Kwak̕wala"
"ḵ̒","ḵ'","Gitxsanimx̱-Gitsenimx̱-Gyaanimx̱,Nisg̱aʼa,Sgüüx̱s,Sm'algya̱x,X̱aad Kil / X̱aayda Kil"
"ḵ̒","ḵ̓","kwakiutl,Kwak̕wala"
"ḵ̒w","ḵ̕w","kwakiutl,Kwak̕wala"
"ḵ̓","ḵ'","Gitxsanimx̱-Gitsenimx̱-Gyaanimx̱,Nisg̱aʼa,Sgüüx̱s,Sm'algya̱x,X̱aad Kil / X̱aayda Kil"
"ḵ̓","ḵˈ","Sm'algya̱x"
"ḵ̓","ḵ̓","kwakiutl,Kwak̕wala"
"ḵ̓w","ḵ̕w","kwakiutl,Kwak̕wala"
"ḵ̔","ḵ'","Gitxsanimx̱-Gitsenimx̱-Gyaanimx̱,Nisg̱aʼa,Sgüüx̱s,Sm'algya̱x,X̱aad Kil / X̱aayda Kil"
"ḵ̔","ḵ̓","kwakiutl,Kwak̕wala"
"ḵ̔w","ḵ̕w","kwakiutl,Kwak̕wala"
"ḵ̕","ḵ'","Gitxsanimx̱-Gitsenimx̱-Gyaanimx̱,Nisg̱aʼa,Sgüüx̱s,Sm'algya̱x,X̱aad Kil / X̱aayda Kil"
"ḵ̕","ḵˈ","Sm'algya̱x"
"ḵ̕","ḵ̓","kwakiutl,Kwak̕wala"
"ḵ̕","ḵ’","Lingít"
"ḵ̕w","ḵ̕w","kwakiutl,Kwak̕wala"
"ḵ՚","ḵ'","Gitxsanimx̱-Gitsenimx̱-Gyaanimx̱,Nisg̱aʼa,Sgüüx̱s,Sm'algya̱x,X̱aad Kil / X̱aayda Kil"
"ḵ՚","ḵˈ","Sm'algya̱x"
"ḵ՚","ḵ̓","kwakiutl,Kwak̕wala"
"ḵ՚","ḵ’","Lingít"
"ḵ՚w","ḵ̕w","kwakiutl,Kwak̕wala"
"ḵ’","ḵ'","Gitxsanimx̱-Gitsenimx̱-Gyaanimx̱,Nisg̱aʼa,Sgüüx̱s,Sm'algya̱x,X̱aad Kil / X̱aayda Kil"
"ḵ’","ḵˈ","Sm'algya̱x"
"ḵ’","ḵ̓","kwakiutl,Kwak̕wala"
"ḵ’","ḵ̕","she shashishalhem"
"ḵ’w","ḵ̕w","kwakiutl,Kwak̕wala"
"ḵ＇","ḵ'","Gitxsanimx̱-Gitsenimx̱-Gyaanimx̱,Nisg̱aʼa,Sgüüx̱s,Sm'algya̱x,X̱aad Kil / X̱aayda Kil"
"ḵ＇","ḵˈ","Sm'algya̱x"
"ḵ＇","ḵ̓","kwakiutl,Kwak̕wala"
"ḵ＇","ḵ’","Lingít"
"Ḷʼ","Ḷ̓","Haíɫzaqvḷa"
"Ḷˈ","Ḷ̓","Haíɫzaqvḷa"
"Ḷ̒","Ḷ̓","Haíɫzaqvḷa"
"Ḷ̔","Ḷ̓","Haíɫzaqvḷa"
"Ḷ̕","Ḷ̓","Haíɫzaqvḷa"
"Ḷ՚","Ḷ̓","Haíɫzaqvḷa"
"Ḷ’","Ḷ̓","Haíɫzaqvḷa"
"ḷʼ","ḷ̓","Haíɫzaqvḷa"
"ḷˈ","ḷ̓","Haíɫzaqvḷa"
"ḷ̒","ḷ̓","Haíɫzaqvḷa"
"ḷ̔","ḷ̓","Haíɫzaqvḷa"
"ḷ̕","ḷ̓","Haíɫzaqvḷa"
"ḷ՚","ḷ̓","Haíɫzaqvḷa"
"ḷ’","ḷ̓","Haíɫzaqvḷa"
"Ḻ","L̲","St̓át̓imcets"
"ḻ","l̲","St̓át̓imcets"
"ḿ","m̓","Hulʼqʼumiʼnumʼ / Halqʼeméylem / hən̓q̓əmin̓əm̓,nuučaan̓uł,Secwepemctsín,St̓át̓imcets"
"Ṃʼ","Ṃ̓","Haíɫzaqvḷa"
"Ṃˈ","Ṃ̓","Haíɫzaqvḷa"
"Ṃ̒","Ṃ̓","Haíɫzaqvḷa"
"Ṃ̔","Ṃ̓","Haíɫzaqvḷa"
"Ṃ̕","Ṃ̓","Haíɫzaqvḷa"
"Ṃ՚","Ṃ̓","Haíɫzaqvḷa"
"Ṃ’","Ṃ̓","Haíɫzaqvḷa"
"ṃʼ","ṃ̓","Haíɫzaqvḷa"
"ṃˈ","ṃ̓","Haíɫzaqvḷa"
"ṃ̒","ṃ̓","Haíɫzaqvḷa"
"ṃ̔","ṃ̓","Haíɫzaqvḷa"
"ṃ̕","ṃ̓","Haíɫzaqvḷa"
"ṃ՚","ṃ̓","Haíɫzaqvḷa"
"ṃ’","ṃ̓","Haíɫzaqvḷa"
"Ṇʼ","Ṇ̓","Haíɫzaqvḷa"
"Ṇˈ","Ṇ̓","Haíɫzaqvḷa"
"Ṇ̒","Ṇ̓","Haíɫzaqvḷa"
"Ṇ̔","Ṇ̓","Haíɫzaqvḷa"
"Ṇ̕","Ṇ̓","Haíɫzaqvḷa"
"Ṇ՚","Ṇ̓","Haíɫzaqvḷa"
"Ṇ’","Ṇ̓","Haíɫzaqvḷa"
"ṇʼ","ṇ̓","Haíɫzaqvḷa"
"ṇˈ","ṇ̓","Haíɫzaqvḷa"
"ṇ̒","ṇ̓","Haíɫzaqvḷa"
"ṇ̔","ṇ̓","Haíɫzaqvḷa"
"ṇ̕","ṇ̓","Haíɫzaqvḷa"
"ṇ՚","ṇ̓","Haíɫzaqvḷa"
"ṇ’","ṇ̓","Haíɫzaqvḷa"
"ṕ","p̓","Éy7á7juuthem,Secwepemctsín"
"Ṯs̠","T̲s̲","St̓át̓imcets"
"Ṯs̱","T̲s̲","St̓át̓imcets"
"Ṯs̲","T̲s̲","St̓át̓imcets"
"ṯ","t̲","Dakelh"
"ṯs̠","t̲s̲","Dakelh,Dane-Ẕaa,St̓át̓imcets"
"ṯs̠'","t̲s̲'","Dakelh"
"ṯs̠'","t̲s̲’","Dakelh,Dane-Ẕaa"
"ṯs̠ʼ","t̲s̲'","Dakelh"
"ṯs̠ʼ","t̲s̲’","Dakelh,Dane-Ẕaa"
"ṯs̠ˈ","t̲s̲'","Dakelh"
"ṯs̠ˈ","t̲s̲’","Dakelh,Dane-Ẕaa"
"ṯs̠̒","t̲s̲'","Dakelh"
"ṯs̠̒","t̲s̲’","Dakelh,Dane-Ẕaa"
"ṯs̠̓","t̲s̲'","Dakelh"
"ṯs̠̓","t̲s̲’","Dakelh,Dane-Ẕaa"
"ṯs̠̔","t̲s̲'","Dakelh"
"ṯs̠̔","t̲s̲’","Dakelh,Dane-Ẕaa"
"ṯs̠̕","t̲s̲'","Dakelh"
"ṯs̠̕","t̲s̲’","Dakelh,Dane-Ẕaa"
"ṯs̠՚","t̲s̲'","Dakelh"
"ṯs̠՚","t̲s̲’","Dakelh,Dane-Ẕaa"
"ṯs̠’","t̲s̲'","Dakelh"
"ṯs̠’","t̲s̲’","Dakelh,Dane-Ẕaa"
"ṯs̠＇","t̲s̲'","Dakelh"
"ṯs̠＇","t̲s̲’","Dakelh,Dane-Ẕaa"
"ṯs̱","t̲s̲","Dakelh,Dane-Ẕaa,St̓át̓imcets"
"ṯs̲","t̲s̲","St̓át̓imcets"
"ẁ","w̓","X̄enaksialak̓ala / X̄aʼislak̓ala"
"ẃ","w̓","Hulʼqʼumiʼnumʼ / Halqʼeméylem / hən̓q̓əmin̓əm̓,nuučaan̓uł,Secwepemctsín,St̓át̓imcets"
"Ẅ","Ẅ","Sgüüx̱s"
"ẅ","ẅ","Sgüüx̱s"
"ẕ","z̲","Dakelh,Dane-Ẕaa"
"ẕ","ẕ","Dakelh"
"ẕ́","z̲’","Dakelh"
"ẖẖ","h̲h̲","Nɬeʔkepmxcín"
"‘","'","Gitxsanimx̱-Gitsenimx̱-Gyaanimx̱,Hulʼqʼumiʼnumʼ / Halqʼeméylem / hən̓q̓əmin̓əm̓"
"‘l","'l","Gitxsanimx̱-Gitsenimx̱-Gyaanimx̱"
"‘m","'m","Gitxsanimx̱-Gitsenimx̱-Gyaanimx̱"
"‘n","'n","Gitxsanimx̱-Gitsenimx̱-Gyaanimx̱"
"‘w","'w","Gitxsanimx̱-Gitsenimx̱-Gyaanimx̱"
"‘y","'y","Gitxsanimx̱-Gitsenimx̱-Gyaanimx̱"
"’","'","Dakelh,Gitxsanimx̱-Gitsenimx̱-Gyaanimx̱,Hulʼqʼumiʼnumʼ / Halqʼeméylem / hən̓q̓əmin̓əm̓,kwakiutl,Kwak̕wala,Nisg̱aʼa,Sgüüx̱s,Sm'algya̱x,Tseʼkhene,X̱aad Kil / X̱aayda Kil"
"’","ʼ","Danezāgéʼ,Southern Tutchone"
"’","ˈ","Sm'algya̱x"
"’","’","X̱aad Kil / X̱aayda Kil"
"’a","'a","Dakelh"
"’e","'e","Dakelh"
"’i","'i","Dakelh"
"’l","'l","Gitxsanimx̱-Gitsenimx̱-Gyaanimx̱,Sm'algya̱x,X̱aad Kil / X̱aayda Kil"
"’l","ˈl","Sm'algya̱x"
"’m","'m","Gitxsanimx̱-Gitsenimx̱-Gyaanimx̱,Sm'algya̱x"
"’m","ˈm","Sm'algya̱x"
"’n","'n","Gitxsanimx̱-Gitsenimx̱-Gyaanimx̱,Sm'algya̱x"
"’n","ˈn","Sm'algya̱x"
"’o","'o","Dakelh"
"’t","t̓","ʼWuik̓ala"
"’u","'u","Dakelh"
"’w","'w","Gitxsanimx̱-Gitsenimx̱-Gyaanimx̱,Sm'algya̱x"
"’w","w̓","ʼWuik̓ala"
"’w","ˈw","Sm'algya̱x"
"’y","'y","Gitxsanimx̱-Gitsenimx̱-Gyaanimx̱,Sm'algya̱x"
"’y","ˈy","Sm'algya̱x"
"’ẅ","'ẅ","Sm'algya̱x"
"’ẅ","ˈẅ","Sm'algya̱x"
"ⱡ","ǂ","Ktunaxa"
"Ɫ","Ɬ","SENĆOŦEN / Malchosen / Lekwungen / Semiahmoo / TʼSou-ke"
"・","·","Ktunaxa"
"＇","'","Dakelh,Gitxsanimx̱-Gitsenimx̱-Gyaanimx̱,Hulʼqʼumiʼnumʼ / Halqʼeméylem / hən̓q̓əmin̓əm̓,Nisg̱aʼa,Sm'algya̱x,X̱aad Kil / X̱aayda Kil"
"＇","’","Dakelh,Hulʼqʼumiʼnumʼ / Halqʼeméylem / hən̓q̓əmin̓əm̓,Nedutʼen / Witsuwitʼen,Tāłtān,Tseʼkhene,X̱aad Kil / X̱aayda Kil,X̄enaksialak̓ala / X̄aʼislak̓ala"
"＇a","'a","Dakelh"
"＇a","’a","Dakelh,X̄enaksialak̓ala / X̄aʼislak̓ala"
"＇ai","’ai","Dakelh"
"＇ai＇","’ai’","Dakelh"
"＇a＇","’a’","Dakelh"
"＇e","'e","Dakelh"
"＇e","’e","Dakelh,X̄enaksialak̓ala / X̄aʼislak̓ala"
"＇e＇","’e’","Dakelh"
"＇i","'i","Dakelh"
"＇i","’i","Dakelh,X̄enaksialak̓ala / X̄aʼislak̓ala"
"＇i＇","’i’","Dakelh"
"＇l","'l","Gitxsanimx̱-Gitsenimx̱-Gyaanimx̱,Sm'algya̱x,X̱aad Kil / X̱aayda Kil"
"＇m","'m","Gitxsanimx̱-Gitsenimx̱-Gyaanimx̱,Sm'algya̱x"
"＇n","'n","Gitxsanimx̱-Gitsenimx̱-Gyaanimx̱,Sm'algya̱x"
"＇o","'o","Dakelh"
"＇o","’o","Dakelh,X̄enaksialak̓ala / X̄aʼislak̓ala"
"＇oo","’oo","Dakelh"
"＇oo＇","’oo’","Dakelh"
"＇o＇","’o’","Dakelh"
"＇u","'u","Dakelh"
"＇u","’u","Dakelh,X̄enaksialak̓ala / X̄aʼislak̓ala"
"＇u＇","’u’","Dakelh"
"＇w","'w","Gitxsanimx̱-Gitsenimx̱-Gyaanimx̱,Sm'algya̱x"
"＇y","'y","Gitxsanimx̱-Gitsenimx̱-Gyaanimx̱,Sm'algya̱x"
"＇ẅ","'ẅ","Sm'algya̱x"
"･","·","Ktunaxa"
"￠","¢","Ktunaxa"
"￠ʼ","¢̕","Ktunaxa"
"￠ˈ","¢̕","Ktunaxa"
"￠̒","¢̕","Ktunaxa"
"￠̓","¢̕","Ktunaxa"
"￠̔","¢̕","Ktunaxa"
"￠՚","¢̕","Ktunaxa"
"￠’","¢̕","Ktunaxa"